CVE_ID,Package,Current_Version,Latest_Version,CVSS_Score,CVSS_Severity,Grype_Severity,Dep_Type,Depth,Occurrences,Ecosystem,Action,Risk_Level
CVE-2022-37434,zlib1g,1:1.2.11.dfsg-1,unknown,9.8,CRITICAL,critical,os-level,None,0,debian,"INVESTIGATE — already on latest version, CVE may be unpatched",medium
CVE-2023-4863,libwebp-dev,0.6.1-2,unknown,8.8,HIGH,high,os-level,None,0,debian,"INVESTIGATE — already on latest version, CVE may be unpatched",medium
CVE-2023-44487,libnghttp2-14,1.36.0-2+deb10u1,unknown,7.5,HIGH,high,os-level,None,0,debian,"INVESTIGATE — already on latest version, CVE may be unpatched",medium
CVE-2024-32002,git,1:2.20.1-2+deb10u3,unknown,9.0,CRITICAL,critical,os-level,None,0,debian,"INVESTIGATE — already on latest version, CVE may be unpatched",medium
CVE-2024-2961,libc-bin,2.28-10,unknown,7.3,HIGH,high,os-level,None,0,debian,"INVESTIGATE — already on latest version, CVE may be unpatched",medium
GHSA-2p57-rm9w-gvfp,ip,1.1.5,2.0.1,None,HIGH,high,transitive,3,3,npm,"UPGRADE — update from 1.1.5 to 2.0.1",low
GHSA-3jfq-g458-7qm9,tar,6.1.0,7.5.9,None,HIGH,high,transitive,3,1,npm,"UPGRADE — update from 6.1.0 to 7.5.9",low
CVE-2023-0286,libssl-dev,1.1.1d-0+deb10u6,unknown,7.4,HIGH,high,os-level,None,0,debian,"INVESTIGATE — already on latest version, CVE may be unpatched",medium
CVE-2023-38408,openssh-client,1:7.9p1-10+deb10u2,unknown,9.8,CRITICAL,critical,os-level,None,0,debian,"INVESTIGATE — already on latest version, CVE may be unpatched",medium
CVE-2024-27983,node,16.0.0,unknown,8.2,HIGH,high,unknown,None,0,unknown,"INVESTIGATE — already on latest version, CVE may be unpatched",medium
CVE-2023-2650,libssl-dev,1.1.1d-0+deb10u6,unknown,6.5,MEDIUM,medium,os-level,None,0,debian,"INVESTIGATE — already on latest version, CVE may be unpatched",medium
CVE-2020-29599,imagemagick,8:6.9.10.23+dfsg-2.1+deb10u1,unknown,7.8,HIGH,high,os-level,None,0,debian,"INVESTIGATE — already on latest version, CVE may be unpatched",medium
CVE-2022-32213,node,16.0.0,unknown,6.5,MEDIUM,medium,unknown,None,0,unknown,"INVESTIGATE — already on latest version, CVE may be unpatched",medium
CVE-2022-44268,imagemagick,8:6.9.10.23+dfsg-2.1+deb10u1,unknown,6.5,MEDIUM,medium,os-level,None,0,debian,"INVESTIGATE — already on latest version, CVE may be unpatched",medium
CVE-2022-32215,node,16.0.0,unknown,6.5,MEDIUM,medium,unknown,None,0,unknown,"INVESTIGATE — already on latest version, CVE may be unpatched",medium
CVE-2021-21300,git,1:2.20.1-2+deb10u3,unknown,8.0,HIGH,high,os-level,None,0,debian,"INVESTIGATE — already on latest version, CVE may be unpatched",medium
CVE-2021-27928,libmariadb-dev,1:10.3.27-0+deb10u1,unknown,7.2,HIGH,high,os-level,None,0,debian,"INVESTIGATE — already on latest version, CVE may be unpatched",medium
CVE-2019-13115,libssh2-1,1.8.0-2.1,unknown,8.1,HIGH,high,os-level,None,0,debian,"INVESTIGATE — already on latest version, CVE may be unpatched",medium
CVE-2023-50387,libsystemd0,241-7~deb10u7,unknown,7.5,HIGH,high,os-level,None,0,debian,"INVESTIGATE — already on latest version, CVE may be unpatched",medium
CVE-2022-1292,libssl-dev,1.1.1d-0+deb10u6,unknown,7.3,HIGH,high,os-level,None,0,debian,"INVESTIGATE — already on latest version, CVE may be unpatched",medium
GHSA-9c47-m6qq-7p4h,json5,1.0.1,2.2.3,None,HIGH,high,transitive,3,1,npm,"UPGRADE — update from 1.0.1 to 2.2.3",low
CVE-2022-32214,node,16.0.0,unknown,6.5,MEDIUM,medium,unknown,None,0,unknown,"INVESTIGATE — already on latest version, CVE may be unpatched",medium
CVE-2022-41903,git,1:2.20.1-2+deb10u3,unknown,9.8,CRITICAL,critical,os-level,None,0,debian,"INVESTIGATE — already on latest version, CVE may be unpatched",medium
GHSA-76p3-8jx3-jpfq,loader-utils,1.2.3,3.3.1,None,CRITICAL,critical,transitive,2,15,npm,"UPGRADE — update from 1.2.3 to 3.3.1",low
CVE-2022-29155,libldap-2.4-2,2.4.47+dfsg-3+deb10u6,unknown,9.8,CRITICAL,critical,os-level,None,0,debian,"INVESTIGATE — already on latest version, CVE may be unpatched",medium
GHSA-h4j5-c7cj-74xg,xmlhttprequest-ssl,1.5.5,4.0.0,None,CRITICAL,critical,transitive,5,1,npm,"UPGRADE — update from 1.5.5 to 4.0.0",low
CVE-2022-2068,libssl-dev,1.1.1d-0+deb10u6,unknown,7.3,HIGH,high,os-level,None,0,debian,"INVESTIGATE — already on latest version, CVE may be unpatched",medium
GHSA-7x7c-qm48-pq9c,karma,4.0.1,6.4.4,None,MEDIUM,medium,direct,1,1,npm,"UPGRADE — update from 4.0.1 to 6.4.4",low
CVE-2024-28182,libnghttp2-14,1.36.0-2+deb10u1,unknown,5.3,MEDIUM,medium,os-level,None,0,debian,"INVESTIGATE — already on latest version, CVE may be unpatched",medium
CVE-2022-44267,imagemagick,8:6.9.10.23+dfsg-2.1+deb10u1,unknown,6.5,MEDIUM,medium,os-level,None,0,debian,"INVESTIGATE — already on latest version, CVE may be unpatched",medium
CVE-2022-25235,libexpat1,2.2.6-2+deb10u1,unknown,9.8,CRITICAL,critical,os-level,None,0,debian,"INVESTIGATE — already on latest version, CVE may be unpatched",medium
CVE-2022-23521,git,1:2.20.1-2+deb10u3,unknown,9.8,CRITICAL,critical,os-level,None,0,debian,"INVESTIGATE — already on latest version, CVE may be unpatched",medium
CVE-2023-51385,openssh-client,1:7.9p1-10+deb10u2,unknown,6.5,MEDIUM,medium,os-level,None,0,debian,"INVESTIGATE — already on latest version, CVE may be unpatched",medium
CVE-2023-50868,libsystemd0,241-7~deb10u7,unknown,7.5,HIGH,high,os-level,None,0,debian,"INVESTIGATE — already on latest version, CVE may be unpatched",medium
CVE-2022-25236,libexpat1,2.2.6-2+deb10u1,unknown,9.8,CRITICAL,critical,os-level,None,0,debian,"INVESTIGATE — already on latest version, CVE may be unpatched",medium
GHSA-c9g6-9335-x697,sockjs,0.3.19,0.3.24,None,MEDIUM,medium,transitive,3,1,npm,"UPGRADE — update from 0.3.19 to 0.3.24",low
CVE-2022-0778,libssl-dev,1.1.1d-0+deb10u6,unknown,7.5,HIGH,high,os-level,None,0,debian,"INVESTIGATE — already on latest version, CVE may be unpatched",medium
CVE-2017-16932,libxml2,2.9.4+dfsg1-7+deb10u1,unknown,7.5,HIGH,high,os-level,None,0,debian,"INVESTIGATE — already on latest version, CVE may be unpatched",medium
CVE-2022-42898,krb5-multidev,1.17-3+deb10u1,unknown,8.8,HIGH,high,os-level,None,0,debian,"INVESTIGATE — already on latest version, CVE may be unpatched",medium
CVE-2022-25315,libexpat1,2.2.6-2+deb10u1,unknown,9.8,CRITICAL,critical,os-level,None,0,debian,"INVESTIGATE — already on latest version, CVE may be unpatched",medium
CVE-2022-48565,libpython2.7-minimal,2.7.16-2+deb10u1,unknown,9.8,CRITICAL,critical,os-level,None,0,debian,"INVESTIGATE — already on latest version, CVE may be unpatched",medium
CVE-2021-36222,krb5-multidev,1.17-3+deb10u1,unknown,7.5,HIGH,high,os-level,None,0,debian,"INVESTIGATE — already on latest version, CVE may be unpatched",medium
CVE-2007-3996,libwmf-dev,0.2.8.4-14,unknown,None,,medium,os-level,None,0,debian,"INVESTIGATE — already on latest version, CVE may be unpatched",medium
GHSA-72xf-g2v4-qvf3,tough-cookie,2.5.0,6.0.0,None,MEDIUM,medium,transitive,4,1,npm,"UPGRADE — update from 2.5.0 to 6.0.0",low
CVE-2021-27218,libglib2.0-0,2.58.3-2+deb10u2,unknown,7.5,HIGH,high,os-level,None,0,debian,"INVESTIGATE — already on latest version, CVE may be unpatched",medium
CVE-2023-26604,libsystemd0,241-7~deb10u7,unknown,7.8,HIGH,high,os-level,None,0,debian,"INVESTIGATE — already on latest version, CVE may be unpatched",medium
CVE-2020-6096,libc-bin,2.28-10,unknown,8.1,HIGH,high,os-level,None,0,debian,"INVESTIGATE — already on latest version, CVE may be unpatched",medium
CVE-2024-28085,bsdutils,1:2.33.1-0.1,unknown,3.3,LOW,low,os-level,None,0,debian,"INVESTIGATE — already on latest version, CVE may be unpatched",medium
CVE-2023-34152,imagemagick,8:6.9.10.23+dfsg-2.1+deb10u1,unknown,9.8,CRITICAL,none,os-level,None,0,debian,"INVESTIGATE — already on latest version, CVE may be unpatched",medium
GHSA-j7fq-p9q7-5wfv,tree-kill,1.2.1,1.2.2,None,CRITICAL,critical,transitive,2,2,npm,"UPGRADE — update from 1.2.1 to 1.2.2",low
CVE-2019-18804,libdjvulibre-dev,3.5.27.1-10,unknown,7.5,HIGH,high,os-level,None,0,debian,"INVESTIGATE — already on latest version, CVE may be unpatched",medium
CVE-2021-46143,libexpat1,2.2.6-2+deb10u1,unknown,8.1,HIGH,high,os-level,None,0,debian,"INVESTIGATE — already on latest version, CVE may be unpatched",medium
CVE-2020-15778,openssh-client,1:7.9p1-10+deb10u2,unknown,7.4,HIGH,none,os-level,None,0,debian,"INVESTIGATE — already on latest version, CVE may be unpatched",medium
GHSA-765h-qjxv-5f44,handlebars,4.4.0,4.7.8,None,CRITICAL,critical,transitive,4,1,npm,"UPGRADE — update from 4.4.0 to 4.7.8",low
CVE-2023-48795,openssh-client,1:7.9p1-10+deb10u2,unknown,5.9,MEDIUM,none,os-level,None,0,debian,"INVESTIGATE — already on latest version, CVE may be unpatched",medium
CVE-2024-33655,libunbound8,1.9.0-2+deb10u2,unknown,7.5,HIGH,high,os-level,None,0,debian,"INVESTIGATE — already on latest version, CVE may be unpatched",medium
GHSA-884p-74jh-xrg2,tree-kill,1.2.1,1.2.2,None,HIGH,high,transitive,2,2,npm,"UPGRADE — update from 1.2.1 to 1.2.2",low
GHSA-4wf5-vphf-c2xc,terser,3.17.0,5.46.0,None,HIGH,high,transitive,3,1,npm,"UPGRADE — update from 3.17.0 to 5.46.0",low
GHSA-qwcr-r2fm-qrc7,body-parser,1.20.1,2.2.2,None,HIGH,high,transitive,2,2,npm,"UPGRADE — update from 1.20.1 to 2.2.2",low
CVE-2022-23990,libexpat1,2.2.6-2+deb10u1,unknown,7.5,HIGH,high,os-level,None,0,debian,"INVESTIGATE — already on latest version, CVE may be unpatched",medium
CVE-2022-32206,curl,7.64.0-4+deb10u2,unknown,6.5,MEDIUM,medium,os-level,None,0,debian,"INVESTIGATE — already on latest version, CVE may be unpatched",medium
CVE-2022-35737,libsqlite3-0,3.27.2-3+deb10u1,unknown,7.5,HIGH,none,os-level,None,0,debian,"INVESTIGATE — already on latest version, CVE may be unpatched",medium
GHSA-wc69-rhjr-hc9g,moment,2.18.1,2.30.1,None,HIGH,high,direct,1,7,npm,"UPGRADE — update from 2.18.1 to 2.30.1",low
CVE-2019-6110,openssh-client,1:7.9p1-10+deb10u2,unknown,6.8,MEDIUM,none,os-level,None,0,debian,"INVESTIGATE — already on latest version, CVE may be unpatched",medium
CVE-2021-3711,libssl-dev,1.1.1d-0+deb10u6,unknown,9.8,CRITICAL,critical,os-level,None,0,debian,"INVESTIGATE — already on latest version, CVE may be unpatched",medium
CVE-2020-24659,libgnutls-dane0,3.6.7-4+deb10u6,unknown,7.5,HIGH,high,os-level,None,0,debian,"INVESTIGATE — already on latest version, CVE may be unpatched",medium
CVE-2019-1387,git,1:2.20.1-2+deb10u3,unknown,8.8,HIGH,high,os-level,None,0,debian,"INVESTIGATE — already on latest version, CVE may be unpatched",medium
CVE-2019-18276,bash,5.0-4,unknown,7.8,HIGH,none,os-level,None,0,debian,"INVESTIGATE — already on latest version, CVE may be unpatched",medium
CVE-2022-1552,libpq-dev,11.11-0+deb10u1,unknown,8.8,HIGH,high,os-level,None,0,debian,"INVESTIGATE — already on latest version, CVE may be unpatched",medium
GHSA-hhq3-ff78-jv3g,loader-utils,1.2.3,3.3.1,None,HIGH,high,transitive,2,15,npm,"UPGRADE — update from 1.2.3 to 3.3.1",low
CVE-2023-25652,git,1:2.20.1-2+deb10u3,unknown,7.5,HIGH,high,os-level,None,0,debian,"INVESTIGATE — already on latest version, CVE may be unpatched",medium
CVE-2023-0361,libgnutls-dane0,3.6.7-4+deb10u6,unknown,7.4,HIGH,high,os-level,None,0,debian,"INVESTIGATE — already on latest version, CVE may be unpatched",medium
GHSA-49q7-c7j4-3p7m,elliptic,6.5.4,6.6.1,None,LOW,low,transitive,6,2,npm,"UPGRADE — update from 6.5.4 to 6.6.1",low
CVE-2022-35256,node,16.0.0,unknown,6.5,MEDIUM,medium,unknown,None,0,unknown,"INVESTIGATE — already on latest version, CVE may be unpatched",medium
CVE-2007-3477,libwmf-dev,0.2.8.4-14,unknown,None,,low,os-level,None,0,debian,"INVESTIGATE — already on latest version, CVE may be unpatched",medium
CVE-2019-12290,libidn2-0,2.0.5-1+deb10u1,unknown,7.5,HIGH,high,os-level,None,0,debian,"INVESTIGATE — already on latest version, CVE may be unpatched",medium
CVE-2009-3546,libwmf-dev,0.2.8.4-14,unknown,None,,medium,os-level,None,0,debian,"INVESTIGATE — already on latest version, CVE may be unpatched",medium
CVE-2020-8492,libpython2.7-minimal,2.7.16-2+deb10u1,unknown,6.5,MEDIUM,medium,os-level,None,0,debian,"INVESTIGATE — already on latest version, CVE may be unpatched",medium
CVE-2024-32004,git,1:2.20.1-2+deb10u3,unknown,8.1,HIGH,high,os-level,None,0,debian,"INVESTIGATE — already on latest version, CVE may be unpatched",medium
CVE-2024-2511,libssl-dev,1.1.1d-0+deb10u6,unknown,5.9,MEDIUM,medium,os-level,None,0,debian,"INVESTIGATE — already on latest version, CVE may be unpatched",medium
CVE-2023-23946,git,1:2.20.1-2+deb10u3,unknown,6.2,MEDIUM,high,os-level,None,0,debian,"INVESTIGATE — already on latest version, CVE may be unpatched",medium
GHSA-p6mc-m468-83gw,lodash,4.17.15,4.17.23,None,HIGH,high,transitive,2,14,npm,"UPGRADE — update from 4.17.15 to 4.17.23",low
CVE-2021-31535,libx11-6,2:1.6.7-1+deb10u1,unknown,9.8,CRITICAL,critical,os-level,None,0,debian,"INVESTIGATE — already on latest version, CVE may be unpatched",medium
GHSA-wr3j-pwj9-hqq6,webpack-dev-middleware,3.6.2,7.4.5,None,HIGH,high,transitive,2,2,npm,"UPGRADE — update from 3.6.2 to 7.4.5",low
GHSA-hxcc-f52p-wc94,serialize-javascript,1.9.1,7.0.2,None,HIGH,high,transitive,3,2,npm,"UPGRADE — update from 1.9.1 to 7.0.2",low
CVE-2022-32221,curl,7.64.0-4+deb10u2,unknown,9.8,CRITICAL,critical,os-level,None,0,debian,"INVESTIGATE — already on latest version, CVE may be unpatched",medium
CVE-2019-17498,libssh2-1,1.8.0-2.1,unknown,8.1,HIGH,high,os-level,None,0,debian,"INVESTIGATE — already on latest version, CVE may be unpatched",medium
GHSA-f2jv-r9rf-7988,handlebars,4.4.0,4.7.8,None,CRITICAL,critical,transitive,4,1,npm,"UPGRADE — update from 4.4.0 to 4.7.8",low
CVE-2022-23852,libexpat1,2.2.6-2+deb10u1,unknown,9.8,CRITICAL,critical,os-level,None,0,debian,"INVESTIGATE — already on latest version, CVE may be unpatched",medium
CVE-2021-27219,libglib2.0-0,2.58.3-2+deb10u2,unknown,7.5,HIGH,high,os-level,None,0,debian,"INVESTIGATE — already on latest version, CVE may be unpatched",medium
CVE-2007-3476,libwmf-dev,0.2.8.4-14,unknown,None,,low,os-level,None,0,debian,"INVESTIGATE — already on latest version, CVE may be unpatched",medium
CVE-2023-30585,node,16.0.0,unknown,7.5,HIGH,high,unknown,None,0,unknown,"INVESTIGATE — already on latest version, CVE may be unpatched",medium
CVE-2024-2398,curl,7.64.0-4+deb10u2,unknown,8.6,HIGH,high,os-level,None,0,debian,"INVESTIGATE — already on latest version, CVE may be unpatched",medium
CVE-2022-39253,git,1:2.20.1-2+deb10u3,unknown,5.5,MEDIUM,medium,os-level,None,0,debian,"INVESTIGATE — already on latest version, CVE may be unpatched",medium
CVE-2022-47629,libksba8,1.3.5-2,unknown,9.8,CRITICAL,critical,os-level,None,0,debian,"INVESTIGATE — already on latest version, CVE may be unpatched",medium
CVE-2022-34903,dirmngr,2.2.12-1+deb10u1,unknown,6.5,MEDIUM,medium,os-level,None,0,debian,"INVESTIGATE — already on latest version, CVE may be unpatched",medium
CVE-2019-8457,libdb5.3,5.3.28+dfsg1-0.5,unknown,9.8,CRITICAL,none,os-level,None,0,debian,"INVESTIGATE — already on latest version, CVE may be unpatched",medium
CVE-2023-5869,libpq-dev,11.11-0+deb10u1,unknown,8.8,HIGH,high,os-level,None,0,debian,"INVESTIGATE — already on latest version, CVE may be unpatched",medium
CVE-2023-30589,node,16.0.0,unknown,7.5,HIGH,high,unknown,None,0,unknown,"INVESTIGATE — already on latest version, CVE may be unpatched",medium
CVE-2023-45853,zlib1g-dev,1:1.2.11.dfsg-1,unknown,9.8,CRITICAL,critical,os-level,None,0,debian,"INVESTIGATE — already on latest version, CVE may be unpatched",medium
CVE-2023-5868,libpq-dev,11.11-0+deb10u1,unknown,4.3,MEDIUM,medium,os-level,None,0,debian,"INVESTIGATE — already on latest version, CVE may be unpatched",medium
GHSA-8hfj-j24r-96c4,moment,2.18.1,2.30.1,None,HIGH,high,direct,1,7,npm,"UPGRADE — update from 2.18.1 to 2.30.1",low
CVE-2022-22822,libexpat1,2.2.6-2+deb10u1,unknown,9.8,CRITICAL,critical,os-level,None,0,debian,"INVESTIGATE — already on latest version, CVE may be unpatched",medium
GHSA-crh6-fp67-6883,xmldom,0.1.27,0.6.0,None,CRITICAL,critical,transitive,2,1,npm,"UPGRADE — update from 0.1.27 to 0.6.0",low
GHSA-r7qp-cfhv-p84w,engine.io,3.2.1,6.6.5,None,MEDIUM,medium,transitive,3,1,npm,"UPGRADE — update from 3.2.1 to 6.6.5",low
GHSA-896r-f27r-55mw,json-schema,0.2.3,0.4.0,None,CRITICAL,critical,transitive,6,1,npm,"UPGRADE — update from 0.2.3 to 0.4.0",low
CVE-2020-19189,libncurses-dev,6.1+20181013-2+deb10u2,unknown,6.5,MEDIUM,medium,os-level,None,0,debian,"INVESTIGATE — already on latest version, CVE may be unpatched",medium
CVE-2020-12825,libcroco3,0.6.12-3,unknown,7.1,HIGH,low,os-level,None,0,debian,"INVESTIGATE — already on latest version, CVE may be unpatched",medium
CVE-2023-2953,libldap-2.4-2,2.4.47+dfsg-3+deb10u6,unknown,7.5,HIGH,high,os-level,None,0,debian,"INVESTIGATE — already on latest version, CVE may be unpatched",medium
CVE-2022-35255,node,16.0.0,unknown,9.1,CRITICAL,critical,unknown,None,0,unknown,"INVESTIGATE — already on latest version, CVE may be unpatched",medium
CVE-2023-24329,libpython2.7-minimal,2.7.16-2+deb10u1,unknown,7.5,HIGH,high,os-level,None,0,debian,"INVESTIGATE — already on latest version, CVE may be unpatched",medium
GHSA-hrpp-h998-j3pp,qs,6.5.2,6.15.0,None,HIGH,high,transitive,3,3,npm,"UPGRADE — update from 6.5.2 to 6.15.0",low
GHSA-qm95-pgcg-qqfq,socket.io-parser,3.2.0,4.2.5,None,CRITICAL,critical,transitive,3,2,npm,"UPGRADE — update from 3.2.0 to 4.2.5",low
CVE-2023-4806,libc-bin,2.28-10,unknown,5.9,MEDIUM,medium,os-level,None,0,debian,"INVESTIGATE — already on latest version, CVE may be unpatched",medium
GHSA-2h3h-q99f-3fhc,@npmcli/arborist,2.3.0,9.3.0,None,HIGH,high,unknown,None,0,npm,"UPGRADE — update from 2.3.0 to 9.3.0",low
CVE-2021-35942,libc-bin,2.28-10,unknown,9.1,CRITICAL,critical,os-level,None,0,debian,"INVESTIGATE — already on latest version, CVE may be unpatched",medium
CVE-2022-0391,libpython2.7-minimal,2.7.16-2+deb10u1,unknown,7.5,HIGH,high,os-level,None,0,debian,"INVESTIGATE — already on latest version, CVE may be unpatched",medium
CVE-2023-52425,libexpat1,2.2.6-2+deb10u1,unknown,7.5,HIGH,high,os-level,None,0,debian,"INVESTIGATE — already on latest version, CVE may be unpatched",medium
CVE-2022-39260,git,1:2.20.1-2+deb10u3,unknown,8.5,HIGH,high,os-level,None,0,debian,"INVESTIGATE — already on latest version, CVE may be unpatched",medium
CVE-2023-31484,libperl5.28,5.28.1-6+deb10u1,unknown,8.1,HIGH,high,os-level,None,0,debian,"INVESTIGATE — already on latest version, CVE may be unpatched",medium
CVE-2024-4032,libpython2.7-minimal,2.7.16-2+deb10u1,unknown,7.5,HIGH,high,os-level,None,0,debian,"INVESTIGATE — already on latest version, CVE may be unpatched",medium
CVE-2021-20231,libgnutls-dane0,3.6.7-4+deb10u6,unknown,9.8,CRITICAL,critical,os-level,None,0,debian,"INVESTIGATE — already on latest version, CVE may be unpatched",medium
CVE-2022-32087,libmariadb-dev,1:10.3.27-0+deb10u1,unknown,7.5,HIGH,high,os-level,None,0,debian,"INVESTIGATE — already on latest version, CVE may be unpatched",medium
GHSA-xvch-5gv4-984h,minimist,0.0.10,1.2.8,None,CRITICAL,critical,transitive,2,11,npm,"UPGRADE — update from 0.0.10 to 1.2.8",low
GHSA-hj9c-8jmm-8c52,npm,7.10.0,11.10.0,None,HIGH,high,unknown,None,0,npm,"UPGRADE — update from 7.10.0 to 11.10.0",low
CVE-2023-46809,node,16.0.0,unknown,7.4,HIGH,high,unknown,None,0,unknown,"INVESTIGATE — already on latest version, CVE may be unpatched",medium
CVE-2021-20232,libgnutls-dane0,3.6.7-4+deb10u6,unknown,9.8,CRITICAL,critical,os-level,None,0,debian,"INVESTIGATE — already on latest version, CVE may be unpatched",medium
CVE-2021-3999,libc-bin,2.28-10,unknown,7.8,HIGH,high,os-level,None,0,debian,"INVESTIGATE — already on latest version, CVE may be unpatched",medium
CVE-2021-20299,libopenexr-dev,2.2.1-4.1+deb10u1,unknown,7.5,HIGH,high,os-level,None,0,debian,"INVESTIGATE — already on latest version, CVE may be unpatched",medium
CVE-2024-0553,libgnutls-dane0,3.6.7-4+deb10u6,unknown,7.5,HIGH,high,os-level,None,0,debian,"INVESTIGATE — already on latest version, CVE may be unpatched",medium
CVE-2023-29007,git,1:2.20.1-2+deb10u3,unknown,7.0,HIGH,high,os-level,None,0,debian,"INVESTIGATE — already on latest version, CVE may be unpatched",medium
CVE-2019-20446,gir1.2-rsvg-2.0,2.44.10-2.1,unknown,6.5,MEDIUM,medium,os-level,None,0,debian,"INVESTIGATE — already on latest version, CVE may be unpatched",medium
CVE-2022-2625,libpq-dev,11.11-0+deb10u1,unknown,8.0,HIGH,high,os-level,None,0,debian,"INVESTIGATE — already on latest version, CVE may be unpatched",medium
CVE-2021-20294,binutils,2.31.1-16,unknown,7.8,HIGH,none,os-level,None,0,debian,"INVESTIGATE — already on latest version, CVE may be unpatched",medium
GHSA-3rfm-jhwj-7488,loader-utils,1.2.3,3.3.1,None,HIGH,high,transitive,2,15,npm,"UPGRADE — update from 1.2.3 to 3.3.1",low
CVE-2016-20012,openssh-client,1:7.9p1-10+deb10u2,unknown,5.3,MEDIUM,none,os-level,None,0,debian,"INVESTIGATE — already on latest version, CVE may be unpatched",medium
GHSA-36fh-84j7-cv5h,jszip,3.6.0,3.10.1,None,MEDIUM,medium,direct,1,2,npm,"UPGRADE — update from 3.6.0 to 3.10.1",low
CVE-2022-40674,libexpat1,2.2.6-2+deb10u1,unknown,8.1,HIGH,high,os-level,None,0,debian,"INVESTIGATE — already on latest version, CVE may be unpatched",medium
GHSA-74fj-2j2h-c42q,follow-redirects,1.9.0,1.15.11,None,HIGH,high,transitive,3,1,npm,"UPGRADE — update from 1.9.0 to 1.15.11",low
GHSA-c75v-2vq8-878f,@angular/core,8.2.14,21.1.4,None,MEDIUM,medium,direct,1,2,npm,"UPGRADE — update from 8.2.14 to 21.1.4",low
CVE-2022-24407,libsasl2-2,2.1.27+dfsg-1+deb10u1,unknown,8.8,HIGH,high,os-level,None,0,debian,"INVESTIGATE — already on latest version, CVE may be unpatched",medium
CVE-2015-20107,libpython2.7-minimal,2.7.16-2+deb10u1,unknown,7.6,HIGH,high,os-level,None,0,debian,"INVESTIGATE — already on latest version, CVE may be unpatched",medium
CVE-2022-2509,libgnutls-dane0,3.6.7-4+deb10u6,unknown,7.5,HIGH,high,os-level,None,0,debian,"INVESTIGATE — already on latest version, CVE may be unpatched",medium
CVE-2018-6951,patch,2.7.6-3+deb10u1,unknown,7.5,HIGH,none,os-level,None,0,debian,"INVESTIGATE — already on latest version, CVE may be unpatched",medium
CVE-2023-22084,libmariadb-dev,1:10.3.27-0+deb10u1,unknown,4.9,MEDIUM,medium,os-level,None,0,debian,"INVESTIGATE — already on latest version, CVE may be unpatched",medium
CVE-2020-26116,libpython2.7-minimal,2.7.16-2+deb10u1,unknown,7.2,HIGH,high,os-level,None,0,debian,"INVESTIGATE — already on latest version, CVE may be unpatched",medium
CVE-2022-1271,gzip,1.9-3,unknown,8.8,HIGH,high,os-level,None,0,debian,"INVESTIGATE — already on latest version, CVE may be unpatched",medium
CVE-2023-30590,node,16.0.0,unknown,7.5,HIGH,high,unknown,None,0,unknown,"INVESTIGATE — already on latest version, CVE may be unpatched",medium
CVE-2022-24070,libsvn1,1.10.4-1+deb10u2,unknown,7.5,HIGH,high,os-level,None,0,debian,"INVESTIGATE — already on latest version, CVE may be unpatched",medium
CVE-2022-2309,libxml2,2.9.4+dfsg1-7+deb10u1,unknown,7.5,HIGH,high,os-level,None,0,debian,"INVESTIGATE — already on latest version, CVE may be unpatched",medium
CVE-2021-22931,node,16.0.0,unknown,9.8,CRITICAL,critical,unknown,None,0,unknown,"INVESTIGATE — already on latest version, CVE may be unpatched",medium
CVE-2023-0464,libssl-dev,1.1.1d-0+deb10u6,unknown,7.5,HIGH,high,os-level,None,0,debian,"INVESTIGATE — already on latest version, CVE may be unpatched",medium
CVE-2020-36332,libwebp-dev,0.6.1-2,unknown,7.5,HIGH,high,os-level,None,0,debian,"INVESTIGATE — already on latest version, CVE may be unpatched",medium
GHSA-j4f2-536g-r55m,engine.io,3.2.1,6.6.5,None,HIGH,high,transitive,3,1,npm,"UPGRADE — update from 3.2.1 to 6.6.5",low
CVE-2018-6952,patch,2.7.6-3+deb10u1,unknown,7.5,HIGH,none,os-level,None,0,debian,"INVESTIGATE — already on latest version, CVE may be unpatched",medium
CVE-2017-8871,libcroco3,0.6.12-3,unknown,6.5,MEDIUM,low,os-level,None,0,debian,"INVESTIGATE — already on latest version, CVE may be unpatched",medium
CVE-2020-19143,libtiff-dev,4.1.0+git191117-2~deb10u2,unknown,6.5,MEDIUM,medium,os-level,None,0,debian,"INVESTIGATE — already on latest version, CVE may be unpatched",medium
GHSA-4gmj-3p3h-gm8h,es5-ext,0.10.62,0.10.64,None,LOW,low,transitive,4,3,npm,"UPGRADE — update from 0.10.62 to 0.10.64",low
GHSA-35jh-r3h4-6jhm,lodash,4.17.15,4.17.23,None,HIGH,high,transitive,2,14,npm,"UPGRADE — update from 4.17.15 to 4.17.23",low
CVE-2021-4189,libpython2.7-minimal,2.7.16-2+deb10u1,unknown,5.3,MEDIUM,medium,os-level,None,0,debian,"INVESTIGATE — already on latest version, CVE may be unpatched",medium
CVE-2018-25014,libwebp-dev,0.6.1-2,unknown,9.8,CRITICAL,critical,os-level,None,0,debian,"INVESTIGATE — already on latest version, CVE may be unpatched",medium
CVE-2023-52356,libtiff-dev,4.1.0+git191117-2~deb10u2,unknown,7.5,HIGH,high,os-level,None,0,debian,"INVESTIGATE — already on latest version, CVE may be unpatched",medium
CVE-2021-20296,libopenexr-dev,2.2.1-4.1+deb10u1,unknown,5.3,MEDIUM,medium,os-level,None,0,debian,"INVESTIGATE — already on latest version, CVE may be unpatched",medium
CVE-2018-25012,libwebp-dev,0.6.1-2,unknown,9.1,CRITICAL,critical,os-level,None,0,debian,"INVESTIGATE — already on latest version, CVE may be unpatched",medium
CVE-2021-3474,libopenexr-dev,2.2.1-4.1+deb10u1,unknown,5.3,MEDIUM,medium,os-level,None,0,debian,"INVESTIGATE — already on latest version, CVE may be unpatched",medium
CVE-2021-3476,libopenexr-dev,2.2.1-4.1+deb10u1,unknown,5.3,MEDIUM,medium,os-level,None,0,debian,"INVESTIGATE — already on latest version, CVE may be unpatched",medium
CVE-2020-11080,libnghttp2-14,1.36.0-2+deb10u1,unknown,3.7,LOW,high,os-level,None,0,debian,"INVESTIGATE — already on latest version, CVE may be unpatched",medium
CVE-2022-48541,imagemagick,8:6.9.10.23+dfsg-2.1+deb10u1,unknown,7.1,HIGH,high,os-level,None,0,debian,"INVESTIGATE — already on latest version, CVE may be unpatched",medium
CVE-2023-39417,libpq-dev,11.11-0+deb10u1,unknown,7.5,HIGH,high,os-level,None,0,debian,"INVESTIGATE — already on latest version, CVE may be unpatched",medium
CVE-2023-27103,libde265-0,1.0.3-1+b1,unknown,8.8,HIGH,high,os-level,None,0,debian,"INVESTIGATE — already on latest version, CVE may be unpatched",medium
CVE-2023-52355,libtiff-dev,4.1.0+git191117-2~deb10u2,unknown,7.5,HIGH,high,os-level,None,0,debian,"INVESTIGATE — already on latest version, CVE may be unpatched",medium
CVE-2020-36328,libwebp-dev,0.6.1-2,unknown,9.8,CRITICAL,critical,os-level,None,0,debian,"INVESTIGATE — already on latest version, CVE may be unpatched",medium
CVE-2022-23218,libc-bin,2.28-10,unknown,9.8,CRITICAL,critical,os-level,None,0,debian,"INVESTIGATE — already on latest version, CVE may be unpatched",medium
CVE-2022-23219,libc-bin,2.28-10,unknown,9.8,CRITICAL,critical,os-level,None,0,debian,"INVESTIGATE — already on latest version, CVE may be unpatched",medium
CVE-2024-0985,libpq-dev,11.11-0+deb10u1,unknown,8.0,HIGH,high,os-level,None,0,debian,"INVESTIGATE — already on latest version, CVE may be unpatched",medium
CVE-2023-3446,libssl-dev,1.1.1d-0+deb10u6,unknown,5.3,MEDIUM,medium,os-level,None,0,debian,"INVESTIGATE — already on latest version, CVE may be unpatched",medium
CVE-2021-2166,libmariadb-dev,1:10.3.27-0+deb10u1,unknown,4.9,MEDIUM,medium,os-level,None,0,debian,"INVESTIGATE — already on latest version, CVE may be unpatched",medium
GHSA-5955-9wpr-37jh,tar,6.1.0,7.5.9,None,HIGH,high,transitive,3,1,npm,"UPGRADE — update from 6.1.0 to 7.5.9",low
CVE-2020-36329,libwebp-dev,0.6.1-2,unknown,9.8,CRITICAL,critical,os-level,None,0,debian,"INVESTIGATE — already on latest version, CVE may be unpatched",medium
CVE-2018-25010,libwebp-dev,0.6.1-2,unknown,9.1,CRITICAL,critical,os-level,None,0,debian,"INVESTIGATE — already on latest version, CVE may be unpatched",medium
CVE-2023-23919,node,16.0.0,unknown,7.5,HIGH,high,unknown,None,0,unknown,"INVESTIGATE — already on latest version, CVE may be unpatched",medium
CVE-2019-15142,libdjvulibre-dev,3.5.27.1-10,unknown,5.5,MEDIUM,medium,os-level,None,0,debian,"INVESTIGATE — already on latest version, CVE may be unpatched",medium
CVE-2019-15143,libdjvulibre-dev,3.5.27.1-10,unknown,5.5,MEDIUM,medium,os-level,None,0,debian,"INVESTIGATE — already on latest version, CVE may be unpatched",medium
GHSA-c2qf-rxjj-qqgw,semver,5.6.0,7.7.4,None,HIGH,high,transitive,2,19,npm,"UPGRADE — update from 5.6.0 to 7.7.4",low
CVE-2021-3733,libpython2.7-minimal,2.7.16-2+deb10u1,unknown,6.5,MEDIUM,medium,os-level,None,0,debian,"INVESTIGATE — already on latest version, CVE may be unpatched",medium
CVE-2022-43548,node,16.0.0,unknown,8.1,HIGH,high,unknown,None,0,unknown,"INVESTIGATE — already on latest version, CVE may be unpatched",medium
CVE-2024-33599,libc-bin,2.28-10,unknown,8.1,HIGH,high,os-level,None,0,debian,"INVESTIGATE — already on latest version, CVE may be unpatched",medium
CVE-2019-17543,liblz4-1,1.8.3-1,unknown,8.1,HIGH,low,os-level,None,0,debian,"INVESTIGATE — already on latest version, CVE may be unpatched",medium
CVE-2021-46669,libmariadb-dev,1:10.3.27-0+deb10u1,unknown,7.5,HIGH,high,os-level,None,0,debian,"INVESTIGATE — already on latest version, CVE may be unpatched",medium
CVE-2019-15847,cpp-8,8.3.0-6,unknown,7.5,HIGH,high,os-level,None,0,debian,"INVESTIGATE — already on latest version, CVE may be unpatched",medium
CVE-2020-11656,libsqlite3-0,3.27.2-3+deb10u1,unknown,9.8,CRITICAL,none,os-level,None,0,debian,"INVESTIGATE — already on latest version, CVE may be unpatched",medium
GHSA-3h5v-q93c-6h6q,ws,3.3.3,8.19.0,None,HIGH,high,transitive,4,2,npm,"UPGRADE — update from 3.3.3 to 8.19.0",low
CVE-2021-37750,krb5-multidev,1.17-3+deb10u1,unknown,6.5,MEDIUM,medium,os-level,None,0,debian,"INVESTIGATE — already on latest version, CVE may be unpatched",medium
CVE-2022-1586,libpcre2-8-0,10.32-5,unknown,9.1,CRITICAL,critical,os-level,None,0,debian,"INVESTIGATE — already on latest version, CVE may be unpatched",medium
CVE-2022-1304,comerr-dev,2.1-1.44.5-1+deb10u3,unknown,7.8,HIGH,high,os-level,None,0,debian,"INVESTIGATE — already on latest version, CVE may be unpatched",medium
CVE-2022-22823,libexpat1,2.2.6-2+deb10u1,unknown,9.8,CRITICAL,critical,os-level,None,0,debian,"INVESTIGATE — already on latest version, CVE may be unpatched",medium
CVE-2022-22824,libexpat1,2.2.6-2+deb10u1,unknown,9.8,CRITICAL,critical,os-level,None,0,debian,"INVESTIGATE — already on latest version, CVE may be unpatched",medium
CVE-2023-36054,krb5-multidev,1.17-3+deb10u1,unknown,6.5,MEDIUM,medium,os-level,None,0,debian,"INVESTIGATE — already on latest version, CVE may be unpatched",medium
CVE-2018-25009,libwebp-dev,0.6.1-2,unknown,9.1,CRITICAL,critical,os-level,None,0,debian,"INVESTIGATE — already on latest version, CVE may be unpatched",medium
CVE-2021-32027,libpq-dev,11.11-0+deb10u1,unknown,8.8,HIGH,high,os-level,None,0,debian,"INVESTIGATE — already on latest version, CVE may be unpatched",medium
GHSA-xfhh-g9f5-x4m4,socket.io-parser,3.2.0,4.2.5,None,HIGH,high,transitive,3,2,npm,"UPGRADE — update from 3.2.0 to 4.2.5",low
CVE-2022-27776,curl,7.64.0-4+deb10u2,unknown,6.5,MEDIUM,medium,os-level,None,0,debian,"INVESTIGATE — already on latest version, CVE may be unpatched",medium
GHSA-cxjh-pqwp-8mfp,follow-redirects,1.9.0,1.15.11,None,MEDIUM,medium,transitive,3,1,npm,"UPGRADE — update from 1.9.0 to 1.15.11",low
CVE-2023-5870,libpq-dev,11.11-0+deb10u1,unknown,2.2,LOW,medium,os-level,None,0,debian,"INVESTIGATE — already on latest version, CVE may be unpatched",medium
CVE-2023-0215,libssl-dev,1.1.1d-0+deb10u6,unknown,7.5,HIGH,high,os-level,None,0,debian,"INVESTIGATE — already on latest version, CVE may be unpatched",medium
CVE-2021-43618,libgmp-dev,2:6.1.2+dfsg-4,unknown,7.5,HIGH,high,os-level,None,0,debian,"INVESTIGATE — already on latest version, CVE may be unpatched",medium
CVE-2021-2389,libmariadb-dev,1:10.3.27-0+deb10u1,unknown,5.9,MEDIUM,high,os-level,None,0,debian,"INVESTIGATE — already on latest version, CVE may be unpatched",medium
CVE-2023-0466,libssl-dev,1.1.1d-0+deb10u6,unknown,5.3,MEDIUM,medium,os-level,None,0,debian,"INVESTIGATE — already on latest version, CVE may be unpatched",medium
CVE-2021-22918,node,16.0.0,unknown,5.3,MEDIUM,medium,unknown,None,0,unknown,"INVESTIGATE — already on latest version, CVE may be unpatched",medium
CVE-2021-3712,libssl-dev,1.1.1d-0+deb10u6,unknown,7.4,HIGH,high,os-level,None,0,debian,"INVESTIGATE — already on latest version, CVE may be unpatched",medium
GHSA-x9w5-v3q2-3rhw,browserify-sign,4.2.1,4.2.5,None,HIGH,high,transitive,5,1,npm,"UPGRADE — update from 4.2.1 to 4.2.5",low
CVE-2018-25011,libwebp-dev,0.6.1-2,unknown,9.8,CRITICAL,critical,os-level,None,0,debian,"INVESTIGATE — already on latest version, CVE may be unpatched",medium
GHSA-w573-4hg7-7wgq,decode-uri-component,0.2.0,0.4.1,None,HIGH,high,transitive,5,2,npm,"UPGRADE — update from 0.2.0 to 0.4.1",low
GHSA-72mh-269x-7mh5,xmlhttprequest-ssl,1.5.5,4.0.0,None,CRITICAL,critical,transitive,5,1,npm,"UPGRADE — update from 1.5.5 to 4.0.0",low
CVE-2019-25013,libc-bin,2.28-10,unknown,5.9,MEDIUM,medium,os-level,None,0,debian,"INVESTIGATE — already on latest version, CVE may be unpatched",medium
CVE-2019-15144,libdjvulibre-dev,3.5.27.1-10,unknown,5.5,MEDIUM,medium,os-level,None,0,debian,"INVESTIGATE — already on latest version, CVE may be unpatched",medium
CVE-2022-27380,libmariadb-dev,1:10.3.27-0+deb10u1,unknown,7.5,HIGH,high,os-level,None,0,debian,"INVESTIGATE — already on latest version, CVE may be unpatched",medium
GHSA-f8q6-p94x-37v3,minimatch,3.0.4,10.2.0,None,HIGH,high,transitive,2,14,npm,"UPGRADE — update from 3.0.4 to 10.2.0",low
CVE-2021-3475,libopenexr-dev,2.2.1-4.1+deb10u1,unknown,5.3,MEDIUM,medium,os-level,None,0,debian,"INVESTIGATE — already on latest version, CVE may be unpatched",medium
CVE-2021-40330,git,1:2.20.1-2+deb10u3,unknown,7.5,HIGH,high,os-level,None,0,debian,"INVESTIGATE — already on latest version, CVE may be unpatched",medium
CVE-2022-27782,curl,7.64.0-4+deb10u2,unknown,7.5,HIGH,high,os-level,None,0,debian,"INVESTIGATE — already on latest version, CVE may be unpatched",medium
CVE-2023-5678,libssl-dev,1.1.1d-0+deb10u6,unknown,5.3,MEDIUM,medium,os-level,None,0,debian,"INVESTIGATE — already on latest version, CVE may be unpatched",medium
CVE-2017-8834,libcroco3,0.6.12-3,unknown,6.5,MEDIUM,low,os-level,None,0,debian,"INVESTIGATE — already on latest version, CVE may be unpatched",medium
CVE-2021-45942,libopenexr-dev,2.2.1-4.1+deb10u1,unknown,5.5,MEDIUM,medium,os-level,None,0,debian,"INVESTIGATE — already on latest version, CVE may be unpatched",medium
GHSA-p8p7-x288-28g6,request,2.88.2,2.88.2,None,MEDIUM,medium,transitive,3,3,npm,"INVESTIGATE — already on latest version, CVE may be unpatched",medium
CVE-2021-33560,libgcrypt20,1.8.4-5,unknown,7.5,HIGH,high,os-level,None,0,debian,"INVESTIGATE — already on latest version, CVE may be unpatched",medium
CVE-2022-1664,dpkg,1.19.7,unknown,9.8,CRITICAL,critical,os-level,None,0,debian,"INVESTIGATE — already on latest version, CVE may be unpatched",medium
CVE-2023-5981,libgnutls-dane0,3.6.7-4+deb10u6,unknown,5.9,MEDIUM,medium,os-level,None,0,debian,"INVESTIGATE — already on latest version, CVE may be unpatched",medium
CVE-2021-22930,node,16.0.0,unknown,9.8,CRITICAL,critical,unknown,None,0,unknown,"INVESTIGATE — already on latest version, CVE may be unpatched",medium
CVE-2021-23214,libpq-dev,11.11-0+deb10u1,unknown,8.1,HIGH,high,os-level,None,0,debian,"INVESTIGATE — already on latest version, CVE may be unpatched",medium
GHSA-cm22-4g7w-348p,serve-static,1.15.0,2.2.1,None,LOW,low,transitive,4,1,npm,"UPGRADE — update from 1.15.0 to 2.2.1",low
CVE-2020-19498,libheif1,1.3.2-2~deb10u1,unknown,8.8,HIGH,high,os-level,None,0,debian,"INVESTIGATE — already on latest version, CVE may be unpatched",medium
CVE-2020-19499,libheif1,1.3.2-2~deb10u1,unknown,8.8,HIGH,high,os-level,None,0,debian,"INVESTIGATE — already on latest version, CVE may be unpatched",medium
CVE-2023-40217,libpython2.7-minimal,2.7.16-2+deb10u1,unknown,5.3,MEDIUM,medium,os-level,None,0,debian,"INVESTIGATE — already on latest version, CVE may be unpatched",medium
CVE-2022-44638,libpixman-1-0,0.36.0-1,unknown,8.8,HIGH,high,os-level,None,0,debian,"INVESTIGATE — already on latest version, CVE may be unpatched",medium
CVE-2023-38552,node,16.0.0,unknown,7.5,HIGH,high,unknown,None,0,unknown,"INVESTIGATE — already on latest version, CVE may be unpatched",medium
CVE-2021-39537,libncurses-dev,6.1+20181013-2+deb10u2,unknown,8.8,HIGH,high,os-level,None,0,debian,"INVESTIGATE — already on latest version, CVE may be unpatched",medium
CVE-2021-28153,libglib2.0-0,2.58.3-2+deb10u2,unknown,5.3,MEDIUM,medium,os-level,None,0,debian,"INVESTIGATE — already on latest version, CVE may be unpatched",medium
CVE-2020-24977,libxml2,2.9.4+dfsg1-7+deb10u1,unknown,6.5,MEDIUM,medium,os-level,None,0,debian,"INVESTIGATE — already on latest version, CVE may be unpatched",medium
CVE-2021-32493,libdjvulibre-dev,3.5.27.1-10,unknown,7.8,HIGH,high,os-level,None,0,debian,"INVESTIGATE — already on latest version, CVE may be unpatched",medium
CVE-2020-16587,libopenexr-dev,2.2.1-4.1+deb10u1,unknown,5.5,MEDIUM,medium,os-level,None,0,debian,"INVESTIGATE — already on latest version, CVE may be unpatched",medium
CVE-2020-16589,libopenexr-dev,2.2.1-4.1+deb10u1,unknown,5.5,MEDIUM,medium,os-level,None,0,debian,"INVESTIGATE — already on latest version, CVE may be unpatched",medium
CVE-2024-0397,libpython2.7-minimal,2.7.16-2+deb10u1,unknown,7.4,HIGH,high,os-level,None,0,debian,"INVESTIGATE — already on latest version, CVE may be unpatched",medium
GHSA-3cqr-58rm-57f8,handlebars,4.4.0,4.7.8,None,HIGH,high,transitive,4,1,npm,"UPGRADE — update from 4.4.0 to 4.7.8",low
CVE-2021-26260,libopenexr-dev,2.2.1-4.1+deb10u1,unknown,5.5,MEDIUM,medium,os-level,None,0,debian,"INVESTIGATE — already on latest version, CVE may be unpatched",medium
GHSA-5fg8-2547-mr8q,xmldom,0.1.27,0.6.0,None,MEDIUM,medium,transitive,2,1,npm,"UPGRADE — update from 0.1.27 to 0.6.0",low
CVE-2023-1999,libwebp-dev,0.6.1-2,unknown,5.3,MEDIUM,high,os-level,None,0,debian,"INVESTIGATE — already on latest version, CVE may be unpatched",medium
CVE-2021-45960,libexpat1,2.2.6-2+deb10u1,unknown,8.8,HIGH,high,os-level,None,0,debian,"INVESTIGATE — already on latest version, CVE may be unpatched",medium
CVE-2021-20302,libopenexr-dev,2.2.1-4.1+deb10u1,unknown,5.5,MEDIUM,medium,os-level,None,0,debian,"INVESTIGATE — already on latest version, CVE may be unpatched",medium
CVE-2016-10228,libc-bin,2.28-10,unknown,5.9,MEDIUM,medium,os-level,None,0,debian,"INVESTIGATE — already on latest version, CVE may be unpatched",medium
CVE-2021-22940,node,16.0.0,unknown,7.5,HIGH,high,unknown,None,0,unknown,"INVESTIGATE — already on latest version, CVE may be unpatched",medium
CVE-2021-32491,libdjvulibre-dev,3.5.27.1-10,unknown,7.8,HIGH,high,os-level,None,0,debian,"INVESTIGATE — already on latest version, CVE may be unpatched",medium
CVE-2021-32492,libdjvulibre-dev,3.5.27.1-10,unknown,7.8,HIGH,high,os-level,None,0,debian,"INVESTIGATE — already on latest version, CVE may be unpatched",medium
CVE-2021-3933,libopenexr-dev,2.2.1-4.1+deb10u1,unknown,5.5,MEDIUM,medium,os-level,None,0,debian,"INVESTIGATE — already on latest version, CVE may be unpatched",medium
CVE-2021-3516,libxml2,2.9.4+dfsg1-7+deb10u1,unknown,7.8,HIGH,high,os-level,None,0,debian,"INVESTIGATE — already on latest version, CVE may be unpatched",medium
GHSA-f5x3-32g6-xq36,tar,4.4.19,7.5.9,None,MEDIUM,medium,transitive,3,1,npm,"UPGRADE — update from 4.4.19 to 7.5.9",low
CVE-2022-25314,libexpat1,2.2.6-2+deb10u1,unknown,7.5,HIGH,high,os-level,None,0,debian,"INVESTIGATE — already on latest version, CVE may be unpatched",medium
CVE-2017-17479,libopenjp2-7,2.3.0-2+deb10u2,unknown,9.8,CRITICAL,none,os-level,None,0,debian,"INVESTIGATE — already on latest version, CVE may be unpatched",medium
CVE-2023-23936,node,16.0.0,unknown,6.5,MEDIUM,medium,unknown,None,0,unknown,"INVESTIGATE — already on latest version, CVE may be unpatched",medium
CVE-2022-43680,libexpat1,2.2.6-2+deb10u1,unknown,7.5,HIGH,high,os-level,None,0,debian,"INVESTIGATE — already on latest version, CVE may be unpatched",medium
CVE-2021-32028,libpq-dev,11.11-0+deb10u1,unknown,6.5,MEDIUM,medium,os-level,None,0,debian,"INVESTIGATE — already on latest version, CVE may be unpatched",medium
CVE-2021-46848,libtasn1-6,4.13-3,unknown,9.1,CRITICAL,critical,os-level,None,0,debian,"INVESTIGATE — already on latest version, CVE may be unpatched",medium
GHSA-h6q6-9hqw-rwfv,xmldom,0.1.27,0.6.0,None,MEDIUM,medium,transitive,2,1,npm,"UPGRADE — update from 0.1.27 to 0.6.0",low
CVE-2021-3477,libopenexr-dev,2.2.1-4.1+deb10u1,unknown,5.5,MEDIUM,medium,os-level,None,0,debian,"INVESTIGATE — already on latest version, CVE may be unpatched",medium
CVE-2021-3478,libopenexr-dev,2.2.1-4.1+deb10u1,unknown,5.5,MEDIUM,medium,os-level,None,0,debian,"INVESTIGATE — already on latest version, CVE may be unpatched",medium
GHSA-c7qv-q95q-8v27,http-proxy-middleware,0.19.2,3.0.5,None,HIGH,high,transitive,3,1,npm,"UPGRADE — update from 0.19.2 to 3.0.5",low
CVE-2023-7008,libsystemd0,241-7~deb10u7,unknown,5.9,MEDIUM,medium,os-level,None,0,debian,"INVESTIGATE — already on latest version, CVE may be unpatched",medium
CVE-2020-35527,libsqlite3-0,3.27.2-3+deb10u1,unknown,9.8,CRITICAL,critical,os-level,None,0,debian,"INVESTIGATE — already on latest version, CVE may be unpatched",medium
CVE-2021-3575,libopenjp2-7,2.3.0-2+deb10u2,unknown,7.8,HIGH,high,os-level,None,0,debian,"INVESTIGATE — already on latest version, CVE may be unpatched",medium
CVE-2021-3479,libopenexr-dev,2.2.1-4.1+deb10u1,unknown,5.5,MEDIUM,medium,os-level,None,0,debian,"INVESTIGATE — already on latest version, CVE may be unpatched",medium
CVE-2021-22924,curl,7.64.0-4+deb10u2,unknown,3.7,LOW,low,os-level,None,0,debian,"INVESTIGATE — already on latest version, CVE may be unpatched",medium
CVE-2022-27378,libmariadb-dev,1:10.3.27-0+deb10u1,unknown,7.5,HIGH,high,os-level,None,0,debian,"INVESTIGATE — already on latest version, CVE may be unpatched",medium
CVE-2022-27379,libmariadb-dev,1:10.3.27-0+deb10u1,unknown,7.5,HIGH,high,os-level,None,0,debian,"INVESTIGATE — already on latest version, CVE may be unpatched",medium
CVE-2022-27381,libmariadb-dev,1:10.3.27-0+deb10u1,unknown,7.5,HIGH,high,os-level,None,0,debian,"INVESTIGATE — already on latest version, CVE may be unpatched",medium
CVE-2022-27384,libmariadb-dev,1:10.3.27-0+deb10u1,unknown,7.5,HIGH,high,os-level,None,0,debian,"INVESTIGATE — already on latest version, CVE may be unpatched",medium
CVE-2023-46218,curl,7.64.0-4+deb10u2,unknown,6.5,MEDIUM,medium,os-level,None,0,debian,"INVESTIGATE — already on latest version, CVE may be unpatched",medium
CVE-2022-21824,node,16.0.0,unknown,8.2,HIGH,high,unknown,None,0,unknown,"INVESTIGATE — already on latest version, CVE may be unpatched",medium
CVE-2024-22025,node,16.0.0,unknown,6.5,MEDIUM,medium,unknown,None,0,unknown,"INVESTIGATE — already on latest version, CVE may be unpatched",medium
CVE-2024-33602,libc-bin,2.28-10,unknown,7.4,HIGH,high,os-level,None,0,debian,"INVESTIGATE — already on latest version, CVE may be unpatched",medium
CVE-2021-31239,libsqlite3-0,3.27.2-3+deb10u1,unknown,7.5,HIGH,none,os-level,None,0,debian,"INVESTIGATE — already on latest version, CVE may be unpatched",medium
CVE-2019-20907,libpython2.7-minimal,2.7.16-2+deb10u1,unknown,7.5,HIGH,high,os-level,None,0,debian,"INVESTIGATE — already on latest version, CVE may be unpatched",medium
CVE-2022-27386,libmariadb-dev,1:10.3.27-0+deb10u1,unknown,7.5,HIGH,high,os-level,None,0,debian,"INVESTIGATE — already on latest version, CVE may be unpatched",medium
CVE-2023-6277,libtiff-dev,4.1.0+git191117-2~deb10u2,unknown,6.5,MEDIUM,medium,os-level,None,0,debian,"INVESTIGATE — already on latest version, CVE may be unpatched",medium
CVE-2021-3605,libopenexr-dev,2.2.1-4.1+deb10u1,unknown,5.5,MEDIUM,medium,os-level,None,0,debian,"INVESTIGATE — already on latest version, CVE may be unpatched",medium
CVE-2019-19924,libsqlite3-0,3.27.2-3+deb10u1,unknown,5.3,MEDIUM,none,os-level,None,0,debian,"INVESTIGATE — already on latest version, CVE may be unpatched",medium
CVE-2022-3204,libunbound8,1.9.0-2+deb10u2,unknown,7.5,HIGH,high,os-level,None,0,debian,"INVESTIGATE — already on latest version, CVE may be unpatched",medium
CVE-2020-10735,libpython2.7-minimal,2.7.16-2+deb10u1,unknown,7.5,HIGH,high,os-level,None,0,debian,"INVESTIGATE — already on latest version, CVE may be unpatched",medium
CVE-2020-27752,imagemagick,8:6.9.10.23+dfsg-2.1+deb10u1,unknown,7.1,HIGH,high,os-level,None,0,debian,"INVESTIGATE — already on latest version, CVE may be unpatched",medium
GHSA-446m-mv8f-q348,moment,2.18.1,2.30.1,None,HIGH,high,direct,1,7,npm,"UPGRADE — update from 2.18.1 to 2.30.1",low
CVE-2023-0465,libssl-dev,1.1.1d-0+deb10u6,unknown,5.3,MEDIUM,medium,os-level,None,0,debian,"INVESTIGATE — already on latest version, CVE may be unpatched",medium
CVE-2020-21598,libde265-0,1.0.3-1+b1,unknown,8.8,HIGH,high,os-level,None,0,debian,"INVESTIGATE — already on latest version, CVE may be unpatched",medium
CVE-2022-1587,libpcre2-8-0,10.32-5,unknown,9.1,CRITICAL,critical,os-level,None,0,debian,"INVESTIGATE — already on latest version, CVE may be unpatched",medium
CVE-2022-22827,libexpat1,2.2.6-2+deb10u1,unknown,8.8,HIGH,high,os-level,None,0,debian,"INVESTIGATE — already on latest version, CVE may be unpatched",medium
CVE-2024-27982,node,16.0.0,unknown,6.5,MEDIUM,medium,unknown,None,0,unknown,"INVESTIGATE — already on latest version, CVE may be unpatched",medium
CVE-2022-27376,libmariadb-dev,1:10.3.27-0+deb10u1,unknown,7.5,HIGH,high,os-level,None,0,debian,"INVESTIGATE — already on latest version, CVE may be unpatched",medium
CVE-2022-27377,libmariadb-dev,1:10.3.27-0+deb10u1,unknown,7.5,HIGH,high,os-level,None,0,debian,"INVESTIGATE — already on latest version, CVE may be unpatched",medium
GHSA-62gr-4qp9-h98f,handlebars,4.4.0,4.7.8,None,HIGH,high,transitive,4,1,npm,"UPGRADE — update from 4.4.0 to 4.7.8",low
CVE-2021-3500,libdjvulibre-dev,3.5.27.1-10,unknown,7.8,HIGH,high,os-level,None,0,debian,"INVESTIGATE — already on latest version, CVE may be unpatched",medium
CVE-2022-32084,libmariadb-dev,1:10.3.27-0+deb10u1,unknown,7.5,HIGH,high,os-level,None,0,debian,"INVESTIGATE — already on latest version, CVE may be unpatched",medium
CVE-2022-32091,libmariadb-dev,1:10.3.27-0+deb10u1,unknown,7.5,HIGH,high,os-level,None,0,debian,"INVESTIGATE — already on latest version, CVE may be unpatched",medium
CVE-2022-27445,libmariadb-dev,1:10.3.27-0+deb10u1,unknown,7.5,HIGH,high,os-level,None,0,debian,"INVESTIGATE — already on latest version, CVE may be unpatched",medium
CVE-2016-10506,libopenjp2-7,2.3.0-2+deb10u2,unknown,6.5,MEDIUM,none,os-level,None,0,debian,"INVESTIGATE — already on latest version, CVE may be unpatched",medium
GHSA-qqgx-2p2h-9c37,ini,1.3.5,6.0.0,None,HIGH,high,transitive,2,3,npm,"UPGRADE — update from 1.3.5 to 6.0.0",low
CVE-2022-2097,libssl-dev,1.1.1d-0+deb10u6,unknown,5.3,MEDIUM,medium,os-level,None,0,debian,"INVESTIGATE — already on latest version, CVE may be unpatched",medium
CVE-2021-20300,libopenexr-dev,2.2.1-4.1+deb10u1,unknown,5.5,MEDIUM,medium,os-level,None,0,debian,"INVESTIGATE — already on latest version, CVE may be unpatched",medium
CVE-2023-24751,libde265-0,1.0.3-1+b1,unknown,6.5,MEDIUM,medium,os-level,None,0,debian,"INVESTIGATE — already on latest version, CVE may be unpatched",medium
CVE-2021-41617,openssh-client,1:7.9p1-10+deb10u2,unknown,7.0,HIGH,high,os-level,None,0,debian,"INVESTIGATE — already on latest version, CVE may be unpatched",medium
CVE-2021-28544,libsvn1,1.10.4-1+deb10u2,unknown,4.3,MEDIUM,medium,os-level,None,0,debian,"INVESTIGATE — already on latest version, CVE may be unpatched",medium
CVE-2020-23109,libheif1,1.3.2-2~deb10u1,unknown,8.1,HIGH,high,os-level,None,0,debian,"INVESTIGATE — already on latest version, CVE may be unpatched",medium
CVE-2011-3389,libgnutls-dane0,3.6.7-4+deb10u6,unknown,None,,none,os-level,None,0,debian,"INVESTIGATE — already on latest version, CVE may be unpatched",medium
CVE-2022-32088,libmariadb-dev,1:10.3.27-0+deb10u1,unknown,7.5,HIGH,high,os-level,None,0,debian,"INVESTIGATE — already on latest version, CVE may be unpatched",medium
CVE-2022-43242,libde265-0,1.0.3-1+b1,unknown,6.5,MEDIUM,medium,os-level,None,0,debian,"INVESTIGATE — already on latest version, CVE may be unpatched",medium
CVE-2022-43249,libde265-0,1.0.3-1+b1,unknown,6.5,MEDIUM,medium,os-level,None,0,debian,"INVESTIGATE — already on latest version, CVE may be unpatched",medium
CVE-2022-22576,curl,7.64.0-4+deb10u2,unknown,8.1,HIGH,high,os-level,None,0,debian,"INVESTIGATE — already on latest version, CVE may be unpatched",medium
CVE-2024-21892,node,16.0.0,unknown,7.8,HIGH,high,unknown,None,0,unknown,"INVESTIGATE — already on latest version, CVE may be unpatched",medium
CVE-2021-3518,libxml2,2.9.4+dfsg1-7+deb10u1,unknown,8.8,HIGH,high,os-level,None,0,debian,"INVESTIGATE — already on latest version, CVE may be unpatched",medium
GHSA-h9rv-jmmf-4pgx,serialize-javascript,1.9.1,7.0.2,None,MEDIUM,medium,transitive,3,2,npm,"UPGRADE — update from 1.9.1 to 7.0.2",low
GHSA-v88g-cgmw-v5xw,ajv,5.5.2,8.18.0,None,MEDIUM,medium,transitive,2,10,npm,"UPGRADE — update from 5.5.2 to 8.18.0",low
CVE-2021-44533,node,16.0.0,unknown,5.3,MEDIUM,medium,unknown,None,0,unknown,"INVESTIGATE — already on latest version, CVE may be unpatched",medium
CVE-2021-20313,imagemagick,8:6.9.10.23+dfsg-2.1+deb10u1,unknown,7.5,HIGH,high,os-level,None,0,debian,"INVESTIGATE — already on latest version, CVE may be unpatched",medium
CVE-2021-20309,imagemagick,8:6.9.10.23+dfsg-2.1+deb10u1,unknown,7.5,HIGH,high,os-level,None,0,debian,"INVESTIGATE — already on latest version, CVE may be unpatched",medium
GHSA-hj48-42vr-x3v9,path-parse,1.0.6,1.0.7,None,MEDIUM,medium,transitive,3,1,npm,"UPGRADE — update from 1.0.6 to 1.0.7",low
CVE-2024-4741,libssl-dev,1.1.1d-0+deb10u6,unknown,7.5,HIGH,high,os-level,None,0,debian,"INVESTIGATE — already on latest version, CVE may be unpatched",medium
CVE-2020-35525,libsqlite3-0,3.27.2-3+deb10u1,unknown,7.5,HIGH,high,os-level,None,0,debian,"INVESTIGATE — already on latest version, CVE may be unpatched",medium
CVE-2024-38428,wget,1.20.1-1.1,unknown,9.1,CRITICAL,critical,os-level,None,0,debian,"INVESTIGATE — already on latest version, CVE may be unpatched",medium
CVE-2020-1751,libc-bin,2.28-10,unknown,5.1,MEDIUM,high,os-level,None,0,debian,"INVESTIGATE — already on latest version, CVE may be unpatched",medium
CVE-2021-20298,libopenexr-dev,2.2.1-4.1+deb10u1,unknown,7.5,HIGH,high,os-level,None,0,debian,"INVESTIGATE — already on latest version, CVE may be unpatched",medium
CVE-2021-3630,libdjvulibre-dev,3.5.27.1-10,unknown,5.5,MEDIUM,medium,os-level,None,0,debian,"INVESTIGATE — already on latest version, CVE may be unpatched",medium
GHSA-w8qv-6jwh-64r5,browserslist,4.5.5,4.28.1,None,MEDIUM,medium,transitive,2,3,npm,"UPGRADE — update from 4.5.5 to 4.28.1",low
CVE-2023-47471,libde265-0,1.0.3-1+b1,unknown,6.5,MEDIUM,medium,os-level,None,0,debian,"INVESTIGATE — already on latest version, CVE may be unpatched",medium
CVE-2022-32083,libmariadb-dev,1:10.3.27-0+deb10u1,unknown,7.5,HIGH,high,os-level,None,0,debian,"INVESTIGATE — already on latest version, CVE may be unpatched",medium
CVE-2020-36331,libwebp-dev,0.6.1-2,unknown,9.1,CRITICAL,critical,os-level,None,0,debian,"INVESTIGATE — already on latest version, CVE may be unpatched",medium
CVE-2023-25434,libtiff-dev,4.1.0+git191117-2~deb10u2,unknown,8.8,HIGH,high,os-level,None,0,debian,"INVESTIGATE — already on latest version, CVE may be unpatched",medium
CVE-2022-27387,libmariadb-dev,1:10.3.27-0+deb10u1,unknown,7.5,HIGH,high,os-level,None,0,debian,"INVESTIGATE — already on latest version, CVE may be unpatched",medium
CVE-2022-27449,libmariadb-dev,1:10.3.27-0+deb10u1,unknown,7.5,HIGH,high,os-level,None,0,debian,"INVESTIGATE — already on latest version, CVE may be unpatched",medium
CVE-2021-3326,libc-bin,2.28-10,unknown,7.5,HIGH,high,os-level,None,0,debian,"INVESTIGATE — already on latest version, CVE may be unpatched",medium
GHSA-grv7-fg5c-xmjg,braces,2.3.2,3.0.3,None,HIGH,high,transitive,2,4,npm,"UPGRADE — update from 2.3.2 to 3.0.3",low
CVE-2023-28322,curl,7.64.0-4+deb10u2,unknown,3.7,LOW,low,os-level,None,0,debian,"INVESTIGATE — already on latest version, CVE may be unpatched",medium
CVE-2022-22825,libexpat1,2.2.6-2+deb10u1,unknown,8.8,HIGH,high,os-level,None,0,debian,"INVESTIGATE — already on latest version, CVE may be unpatched",medium
CVE-2022-22826,libexpat1,2.2.6-2+deb10u1,unknown,8.8,HIGH,high,os-level,None,0,debian,"INVESTIGATE — already on latest version, CVE may be unpatched",medium
CVE-2023-2454,libpq-dev,11.11-0+deb10u1,unknown,7.2,HIGH,high,os-level,None,0,debian,"INVESTIGATE — already on latest version, CVE may be unpatched",medium
CVE-2022-32208,curl,7.64.0-4+deb10u2,unknown,5.9,MEDIUM,medium,os-level,None,0,debian,"INVESTIGATE — already on latest version, CVE may be unpatched",medium
CVE-2023-4813,libc-bin,2.28-10,unknown,5.9,MEDIUM,medium,os-level,None,0,debian,"INVESTIGATE — already on latest version, CVE may be unpatched",medium
GHSA-gmw6-94gg-2rc2,@npmcli/arborist,2.3.0,9.3.0,None,HIGH,high,unknown,None,0,npm,"UPGRADE — update from 2.3.0 to 9.3.0",low
CVE-2023-3817,libssl-dev,1.1.1d-0+deb10u6,unknown,5.3,MEDIUM,medium,os-level,None,0,debian,"INVESTIGATE — already on latest version, CVE may be unpatched",medium
CVE-2020-25665,imagemagick,8:6.9.10.23+dfsg-2.1+deb10u1,unknown,5.5,MEDIUM,medium,os-level,None,0,debian,"INVESTIGATE — already on latest version, CVE may be unpatched",medium
CVE-2020-25674,imagemagick,8:6.9.10.23+dfsg-2.1+deb10u1,unknown,5.5,MEDIUM,medium,os-level,None,0,debian,"INVESTIGATE — already on latest version, CVE may be unpatched",medium
CVE-2022-27383,libmariadb-dev,1:10.3.27-0+deb10u1,unknown,7.5,HIGH,high,os-level,None,0,debian,"INVESTIGATE — already on latest version, CVE may be unpatched",medium
CVE-2022-27447,libmariadb-dev,1:10.3.27-0+deb10u1,unknown,7.5,HIGH,high,os-level,None,0,debian,"INVESTIGATE — already on latest version, CVE may be unpatched",medium
CVE-2021-23336,libpython2.7-minimal,2.7.16-2+deb10u1,unknown,5.9,MEDIUM,medium,os-level,None,0,debian,"INVESTIGATE — already on latest version, CVE may be unpatched",medium
CVE-2021-4160,libssl-dev,1.1.1d-0+deb10u6,unknown,5.9,MEDIUM,medium,os-level,None,0,debian,"INVESTIGATE — already on latest version, CVE may be unpatched",medium
CVE-2023-28321,curl,7.64.0-4+deb10u2,unknown,5.9,MEDIUM,medium,os-level,None,0,debian,"INVESTIGATE — already on latest version, CVE may be unpatched",medium
GHSA-78xj-cgh5-2h22,ip,1.1.5,2.0.1,None,LOW,low,transitive,3,3,npm,"UPGRADE — update from 1.1.5 to 2.0.1",low
GHSA-93q8-gq69-wqmw,ansi-regex,3.0.0,6.2.2,None,HIGH,high,transitive,4,7,npm,"UPGRADE — update from 3.0.0 to 6.2.2",low
CVE-2022-43235,libde265-0,1.0.3-1+b1,unknown,6.5,MEDIUM,medium,os-level,None,0,debian,"INVESTIGATE — already on latest version, CVE may be unpatched",medium
CVE-2022-43236,libde265-0,1.0.3-1+b1,unknown,6.5,MEDIUM,medium,os-level,None,0,debian,"INVESTIGATE — already on latest version, CVE may be unpatched",medium
CVE-2022-43237,libde265-0,1.0.3-1+b1,unknown,6.5,MEDIUM,medium,os-level,None,0,debian,"INVESTIGATE — already on latest version, CVE may be unpatched",medium
CVE-2022-43239,libde265-0,1.0.3-1+b1,unknown,6.5,MEDIUM,medium,os-level,None,0,debian,"INVESTIGATE — already on latest version, CVE may be unpatched",medium
CVE-2023-41175,libtiff-dev,4.1.0+git191117-2~deb10u2,unknown,6.5,MEDIUM,medium,os-level,None,0,debian,"INVESTIGATE — already on latest version, CVE may be unpatched",medium
CVE-2020-21596,libde265-0,1.0.3-1+b1,unknown,6.5,MEDIUM,medium,os-level,None,0,debian,"INVESTIGATE — already on latest version, CVE may be unpatched",medium
CVE-2020-21597,libde265-0,1.0.3-1+b1,unknown,6.5,MEDIUM,medium,os-level,None,0,debian,"INVESTIGATE — already on latest version, CVE may be unpatched",medium
GHSA-hwj9-h5mp-3pm3,postcss,7.0.14,8.5.6,None,MEDIUM,medium,transitive,2,4,npm,"UPGRADE — update from 7.0.14 to 8.5.6",low
CVE-2022-3515,libksba8,1.3.5-2,unknown,9.8,CRITICAL,critical,os-level,None,0,debian,"INVESTIGATE — already on latest version, CVE may be unpatched",medium
CVE-2021-23222,libpq-dev,11.11-0+deb10u1,unknown,5.9,MEDIUM,medium,os-level,None,0,debian,"INVESTIGATE — already on latest version, CVE may be unpatched",medium
GHSA-whgm-jr23-g3j9,ansi-html,0.0.7,0.0.9,None,HIGH,high,transitive,3,1,npm,"UPGRADE — update from 0.0.7 to 0.0.9",low
CVE-2018-18064,libcairo-gobject2,1.16.0-4+deb10u1,unknown,6.5,MEDIUM,low,os-level,None,0,debian,"INVESTIGATE — already on latest version, CVE may be unpatched",medium
CVE-2020-16588,libopenexr-dev,2.2.1-4.1+deb10u1,unknown,5.5,MEDIUM,medium,os-level,None,0,debian,"INVESTIGATE — already on latest version, CVE may be unpatched",medium
CVE-2023-49468,libde265-0,1.0.3-1+b1,unknown,8.8,HIGH,high,os-level,None,0,debian,"INVESTIGATE — already on latest version, CVE may be unpatched",medium
CVE-2023-40745,libtiff-dev,4.1.0+git191117-2~deb10u2,unknown,6.5,MEDIUM,medium,os-level,None,0,debian,"INVESTIGATE — already on latest version, CVE may be unpatched",medium
CVE-2020-36330,libwebp-dev,0.6.1-2,unknown,9.1,CRITICAL,critical,os-level,None,0,debian,"INVESTIGATE — already on latest version, CVE may be unpatched",medium
CVE-2024-22019,node,16.0.0,unknown,7.5,HIGH,high,unknown,None,0,unknown,"INVESTIGATE — already on latest version, CVE may be unpatched",medium
CVE-2023-0996,libheif1,1.3.2-2~deb10u1,unknown,7.8,HIGH,high,os-level,None,0,debian,"INVESTIGATE — already on latest version, CVE may be unpatched",medium
CVE-2022-32085,libmariadb-dev,1:10.3.27-0+deb10u1,unknown,7.5,HIGH,high,os-level,None,0,debian,"INVESTIGATE — already on latest version, CVE may be unpatched",medium
CVE-2022-43241,libde265-0,1.0.3-1+b1,unknown,6.5,MEDIUM,medium,os-level,None,0,debian,"INVESTIGATE — already on latest version, CVE may be unpatched",medium
CVE-2022-43244,libde265-0,1.0.3-1+b1,unknown,6.5,MEDIUM,medium,os-level,None,0,debian,"INVESTIGATE — already on latest version, CVE may be unpatched",medium
CVE-2022-43245,libde265-0,1.0.3-1+b1,unknown,6.5,MEDIUM,medium,os-level,None,0,debian,"INVESTIGATE — already on latest version, CVE may be unpatched",medium
CVE-2022-43250,libde265-0,1.0.3-1+b1,unknown,6.5,MEDIUM,medium,os-level,None,0,debian,"INVESTIGATE — already on latest version, CVE may be unpatched",medium
CVE-2008-3234,openssh-client,1:7.9p1-10+deb10u2,unknown,None,,none,os-level,None,0,debian,"INVESTIGATE — already on latest version, CVE may be unpatched",medium
CVE-2020-1752,libc-bin,2.28-10,unknown,7.0,HIGH,high,os-level,None,0,debian,"INVESTIGATE — already on latest version, CVE may be unpatched",medium
CVE-2022-27774,curl,7.64.0-4+deb10u2,unknown,5.7,MEDIUM,medium,os-level,None,0,debian,"INVESTIGATE — already on latest version, CVE may be unpatched",medium
CVE-2005-2541,tar,1.30+dfsg-6,7.5.9,None,,none,transitive,3,1,npm,"UPGRADE — update from 1.30+dfsg-6 to 7.5.9",low
CVE-2022-48560,libpython2.7-minimal,2.7.16-2+deb10u1,unknown,7.5,HIGH,high,os-level,None,0,debian,"INVESTIGATE — already on latest version, CVE may be unpatched",medium
GHSA-r628-mhmh-qjhw,tar,6.1.0,7.5.9,None,HIGH,high,transitive,3,1,npm,"UPGRADE — update from 6.1.0 to 7.5.9",low
CVE-2021-32029,libpq-dev,11.11-0+deb10u1,unknown,6.5,MEDIUM,medium,os-level,None,0,debian,"INVESTIGATE — already on latest version, CVE may be unpatched",medium
CVE-2023-28484,libxml2,2.9.4+dfsg1-7+deb10u1,unknown,6.5,MEDIUM,medium,os-level,None,0,debian,"INVESTIGATE — already on latest version, CVE may be unpatched",medium
CVE-2022-4304,libssl-dev,1.1.1d-0+deb10u6,unknown,5.9,MEDIUM,medium,os-level,None,0,debian,"INVESTIGATE — already on latest version, CVE may be unpatched",medium
CVE-2022-43238,libde265-0,1.0.3-1+b1,unknown,6.5,MEDIUM,medium,os-level,None,0,debian,"INVESTIGATE — already on latest version, CVE may be unpatched",medium
GHSA-6c8f-qphg-qjgp,kind-of,6.0.2,6.0.3,None,HIGH,high,transitive,4,24,npm,"UPGRADE — update from 6.0.2 to 6.0.3",low
CVE-2021-20305,libhogweed4,3.4.1-1,unknown,8.1,HIGH,high,os-level,None,0,debian,"INVESTIGATE — already on latest version, CVE may be unpatched",medium
CVE-2008-1687,m4,1.4.18-2,unknown,None,,none,os-level,None,0,debian,"INVESTIGATE — already on latest version, CVE may be unpatched",medium
CVE-2021-3520,liblz4-1,1.8.3-1,unknown,9.8,CRITICAL,critical,os-level,None,0,debian,"INVESTIGATE — already on latest version, CVE may be unpatched",medium
CVE-2021-46310,libdjvulibre-dev,3.5.27.1-10,unknown,6.5,MEDIUM,medium,os-level,None,0,debian,"INVESTIGATE — already on latest version, CVE may be unpatched",medium
CVE-2021-46312,libdjvulibre-dev,3.5.27.1-10,unknown,6.5,MEDIUM,medium,os-level,None,0,debian,"INVESTIGATE — already on latest version, CVE may be unpatched",medium
CVE-2022-24765,git,1:2.20.1-2+deb10u3,unknown,6.0,MEDIUM,high,os-level,None,0,debian,"INVESTIGATE — already on latest version, CVE may be unpatched",medium
GHSA-vh95-rmgr-6w4m,minimist,0.0.10,1.2.8,None,MEDIUM,medium,transitive,2,11,npm,"UPGRADE — update from 0.0.10 to 1.2.8",low
CVE-2019-18348,libpython2.7-minimal,2.7.16-2+deb10u1,unknown,6.1,MEDIUM,none,os-level,None,0,debian,"INVESTIGATE — already on latest version, CVE may be unpatched",medium
CVE-2018-12886,cpp-8,8.3.0-6,unknown,8.1,HIGH,high,os-level,None,0,debian,"INVESTIGATE — already on latest version, CVE may be unpatched",medium
GHSA-rc3x-jf5g-xvc5,karma,4.0.1,6.4.4,None,MEDIUM,medium,direct,1,1,npm,"UPGRADE — update from 4.0.1 to 6.4.4",low
CVE-2021-33574,libc-bin,2.28-10,unknown,9.8,CRITICAL,critical,os-level,None,0,debian,"INVESTIGATE — already on latest version, CVE may be unpatched",medium
GHSA-4rq4-32rv-6wp6,shelljs,0.8.3,0.10.0,None,HIGH,high,transitive,2,1,npm,"UPGRADE — update from 0.8.3 to 0.10.0",low
CVE-2023-43887,libde265-0,1.0.3-1+b1,unknown,8.1,HIGH,high,os-level,None,0,debian,"INVESTIGATE — already on latest version, CVE may be unpatched",medium
CVE-2022-27448,libmariadb-dev,1:10.3.27-0+deb10u1,unknown,7.5,HIGH,high,os-level,None,0,debian,"INVESTIGATE — already on latest version, CVE may be unpatched",medium
CVE-2022-0529,unzip,6.0-23+deb10u2,unknown,5.5,MEDIUM,medium,os-level,None,0,debian,"INVESTIGATE — already on latest version, CVE may be unpatched",medium
GHSA-rc47-6667-2j5j,http-cache-semantics,3.8.1,4.2.0,None,HIGH,high,transitive,4,1,npm,"UPGRADE — update from 3.8.1 to 4.2.0",low
GHSA-29mw-wpgm-hmr9,lodash,4.17.15,4.17.23,None,MEDIUM,medium,transitive,2,14,npm,"UPGRADE — update from 4.17.15 to 4.17.23",low
CVE-2018-25013,libwebp-dev,0.6.1-2,unknown,9.1,CRITICAL,critical,os-level,None,0,debian,"INVESTIGATE — already on latest version, CVE may be unpatched",medium
CVE-2023-22490,git,1:2.20.1-2+deb10u3,unknown,5.5,MEDIUM,medium,os-level,None,0,debian,"INVESTIGATE — already on latest version, CVE may be unpatched",medium
CVE-2024-0727,libssl-dev,1.1.1d-0+deb10u6,unknown,5.5,MEDIUM,medium,os-level,None,0,debian,"INVESTIGATE — already on latest version, CVE may be unpatched",medium
GHSA-rhx6-c78j-4q9w,path-to-regexp,0.1.7,8.3.0,None,HIGH,high,transitive,4,1,npm,"UPGRADE — update from 0.1.7 to 8.3.0",low
CVE-2023-3618,libtiff-dev,4.1.0+git191117-2~deb10u2,unknown,6.5,MEDIUM,medium,os-level,None,0,debian,"INVESTIGATE — already on latest version, CVE may be unpatched",medium
CVE-2021-36409,libde265-0,1.0.3-1+b1,unknown,7.8,HIGH,high,os-level,None,0,debian,"INVESTIGATE — already on latest version, CVE may be unpatched",medium
CVE-2022-43240,libde265-0,1.0.3-1+b1,unknown,6.5,MEDIUM,medium,os-level,None,0,debian,"INVESTIGATE — already on latest version, CVE may be unpatched",medium
CVE-2022-43243,libde265-0,1.0.3-1+b1,unknown,6.5,MEDIUM,medium,os-level,None,0,debian,"INVESTIGATE — already on latest version, CVE may be unpatched",medium
CVE-2022-43248,libde265-0,1.0.3-1+b1,unknown,6.5,MEDIUM,medium,os-level,None,0,debian,"INVESTIGATE — already on latest version, CVE may be unpatched",medium
CVE-2022-43252,libde265-0,1.0.3-1+b1,unknown,6.5,MEDIUM,medium,os-level,None,0,debian,"INVESTIGATE — already on latest version, CVE may be unpatched",medium
CVE-2022-43253,libde265-0,1.0.3-1+b1,unknown,6.5,MEDIUM,medium,os-level,None,0,debian,"INVESTIGATE — already on latest version, CVE may be unpatched",medium
CVE-2021-20245,imagemagick,8:6.9.10.23+dfsg-2.1+deb10u1,unknown,5.5,MEDIUM,medium,os-level,None,0,debian,"INVESTIGATE — already on latest version, CVE may be unpatched",medium
CVE-2023-27102,libde265-0,1.0.3-1+b1,unknown,6.5,MEDIUM,medium,os-level,None,0,debian,"INVESTIGATE — already on latest version, CVE may be unpatched",medium
CVE-2023-49467,libde265-0,1.0.3-1+b1,unknown,8.8,HIGH,high,os-level,None,0,debian,"INVESTIGATE — already on latest version, CVE may be unpatched",medium
CVE-2020-25676,imagemagick,8:6.9.10.23+dfsg-2.1+deb10u1,unknown,5.5,MEDIUM,medium,os-level,None,0,debian,"INVESTIGATE — already on latest version, CVE may be unpatched",medium
CVE-2019-14855,dirmngr,2.2.12-1+deb10u1,unknown,7.5,HIGH,low,os-level,None,0,debian,"INVESTIGATE — already on latest version, CVE may be unpatched",medium
CVE-2024-2236,libgcrypt20,1.8.4-5,unknown,5.9,MEDIUM,medium,os-level,None,0,debian,"INVESTIGATE — already on latest version, CVE may be unpatched",medium
CVE-2019-3844,libsystemd0,241-7~deb10u7,unknown,7.8,HIGH,high,os-level,None,0,debian,"INVESTIGATE — already on latest version, CVE may be unpatched",medium
GHSA-776f-qx25-q3cc,xml2js,0.4.22,0.6.2,None,MEDIUM,medium,transitive,3,2,npm,"UPGRADE — update from 0.4.22 to 0.6.2",low
CVE-2024-32465,git,1:2.20.1-2+deb10u3,unknown,7.3,HIGH,high,os-level,None,0,debian,"INVESTIGATE — already on latest version, CVE may be unpatched",medium
CVE-2020-14155,libpcre16-3,2:8.39-12,unknown,5.3,MEDIUM,medium,os-level,None,0,debian,"INVESTIGATE — already on latest version, CVE may be unpatched",medium
CVE-2019-15145,libdjvulibre-dev,3.5.27.1-10,unknown,5.5,MEDIUM,medium,os-level,None,0,debian,"INVESTIGATE — already on latest version, CVE may be unpatched",medium
GHSA-x4jg-mjrx-434g,node-forge,0.10.0,1.3.3,None,HIGH,high,transitive,4,1,npm,"UPGRADE — update from 0.10.0 to 1.3.3",low
CVE-2022-34526,libtiff-dev,4.1.0+git191117-2~deb10u2,unknown,6.5,MEDIUM,medium,os-level,None,0,debian,"INVESTIGATE — already on latest version, CVE may be unpatched",medium
CVE-2022-47015,libmariadb-dev,1:10.3.27-0+deb10u1,unknown,6.5,MEDIUM,medium,os-level,None,0,debian,"INVESTIGATE — already on latest version, CVE may be unpatched",medium
CVE-2021-4209,libgnutls-dane0,3.6.7-4+deb10u6,unknown,6.5,MEDIUM,medium,os-level,None,0,debian,"INVESTIGATE — already on latest version, CVE may be unpatched",medium
CVE-2022-27404,libfreetype6,2.9.1-3+deb10u2,unknown,9.8,CRITICAL,critical,os-level,None,0,debian,"INVESTIGATE — already on latest version, CVE may be unpatched",medium
GHSA-h68q-55jf-x68w,chart.js,2.5.0,4.5.1,None,HIGH,high,direct,1,1,npm,"UPGRADE — update from 2.5.0 to 4.5.1",low
CVE-2022-27406,libfreetype6,2.9.1-3+deb10u2,unknown,7.5,HIGH,high,os-level,None,0,debian,"INVESTIGATE — already on latest version, CVE may be unpatched",medium
CVE-2022-40303,libxml2,2.9.4+dfsg1-7+deb10u1,unknown,7.5,HIGH,high,os-level,None,0,debian,"INVESTIGATE — already on latest version, CVE may be unpatched",medium
CVE-2024-33600,libc-bin,2.28-10,unknown,5.9,MEDIUM,medium,os-level,None,0,debian,"INVESTIGATE — already on latest version, CVE may be unpatched",medium
CVE-2021-3677,libpq-dev,11.11-0+deb10u1,unknown,6.5,MEDIUM,medium,os-level,None,0,debian,"INVESTIGATE — already on latest version, CVE may be unpatched",medium
CVE-2022-4450,libssl-dev,1.1.1d-0+deb10u6,unknown,7.5,HIGH,high,os-level,None,0,debian,"INVESTIGATE — already on latest version, CVE may be unpatched",medium
CVE-2021-20241,imagemagick,8:6.9.10.23+dfsg-2.1+deb10u1,unknown,5.5,MEDIUM,medium,os-level,None,0,debian,"INVESTIGATE — already on latest version, CVE may be unpatched",medium
CVE-2023-2455,libpq-dev,11.11-0+deb10u1,unknown,5.4,MEDIUM,medium,os-level,None,0,debian,"INVESTIGATE — already on latest version, CVE may be unpatched",medium
CVE-2008-1688,m4,1.4.18-2,unknown,None,,none,os-level,None,0,debian,"INVESTIGATE — already on latest version, CVE may be unpatched",medium
GHSA-wjc4-73q6-gv3m,plotly.js,1.58.5,3.3.1,None,CRITICAL,critical,direct,1,1,npm,"UPGRADE — update from 1.58.5 to 3.3.1",low
CVE-2022-0907,libtiff-dev,4.1.0+git191117-2~deb10u2,unknown,5.5,MEDIUM,medium,os-level,None,0,debian,"INVESTIGATE — already on latest version, CVE may be unpatched",medium
GHSA-cfm4-qjh2-4765,node-forge,0.10.0,1.3.3,None,HIGH,high,transitive,4,1,npm,"UPGRADE — update from 0.10.0 to 1.3.3",low
CVE-2022-0909,libtiff-dev,4.1.0+git191117-2~deb10u2,unknown,5.5,MEDIUM,medium,os-level,None,0,debian,"INVESTIGATE — already on latest version, CVE may be unpatched",medium
CVE-2024-26458,krb5-multidev,1.17-3+deb10u1,unknown,5.3,MEDIUM,medium,os-level,None,0,debian,"INVESTIGATE — already on latest version, CVE may be unpatched",medium
CVE-2020-21599,libde265-0,1.0.3-1+b1,unknown,6.5,MEDIUM,medium,os-level,None,0,debian,"INVESTIGATE — already on latest version, CVE may be unpatched",medium
CVE-2018-15919,openssh-client,1:7.9p1-10+deb10u2,unknown,5.3,MEDIUM,none,os-level,None,0,debian,"INVESTIGATE — already on latest version, CVE may be unpatched",medium
CVE-2020-27766,imagemagick,8:6.9.10.23+dfsg-2.1+deb10u1,unknown,7.8,HIGH,high,os-level,None,0,debian,"INVESTIGATE — already on latest version, CVE may be unpatched",medium
CVE-2017-7475,libcairo-gobject2,1.16.0-4+deb10u1,unknown,5.5,MEDIUM,low,os-level,None,0,debian,"INVESTIGATE — already on latest version, CVE may be unpatched",medium
CVE-2021-22947,curl,7.64.0-4+deb10u2,unknown,5.9,MEDIUM,medium,os-level,None,0,debian,"INVESTIGATE — already on latest version, CVE may be unpatched",medium
CVE-2020-21600,libde265-0,1.0.3-1+b1,unknown,6.5,MEDIUM,medium,os-level,None,0,debian,"INVESTIGATE — already on latest version, CVE may be unpatched",medium
CVE-2020-21602,libde265-0,1.0.3-1+b1,unknown,6.5,MEDIUM,medium,os-level,None,0,debian,"INVESTIGATE — already on latest version, CVE may be unpatched",medium
CVE-2021-3596,imagemagick,8:6.9.10.23+dfsg-2.1+deb10u1,unknown,6.5,MEDIUM,medium,os-level,None,0,debian,"INVESTIGATE — already on latest version, CVE may be unpatched",medium
CVE-2021-35604,libmariadb-dev,1:10.3.27-0+deb10u1,unknown,5.5,MEDIUM,medium,os-level,None,0,debian,"INVESTIGATE — already on latest version, CVE may be unpatched",medium
CVE-2023-27043,libpython2.7-minimal,2.7.16-2+deb10u1,unknown,5.3,MEDIUM,medium,os-level,None,0,debian,"INVESTIGATE — already on latest version, CVE may be unpatched",medium
CVE-2023-7104,libsqlite3-0,3.27.2-3+deb10u1,unknown,5.5,MEDIUM,high,os-level,None,0,debian,"INVESTIGATE — already on latest version, CVE may be unpatched",medium
CVE-2019-6988,libopenjp2-7,2.3.0-2+deb10u2,unknown,6.5,MEDIUM,low,os-level,None,0,debian,"INVESTIGATE — already on latest version, CVE may be unpatched",medium
GHSA-cqmj-92xf-r6r9,socket.io-parser,3.2.0,4.2.5,None,MEDIUM,medium,transitive,3,2,npm,"UPGRADE — update from 3.2.0 to 4.2.5",low
CVE-2021-32490,libdjvulibre-dev,3.5.27.1-10,unknown,7.8,HIGH,high,os-level,None,0,debian,"INVESTIGATE — already on latest version, CVE may be unpatched",medium
CVE-2023-49465,libde265-0,1.0.3-1+b1,unknown,8.8,HIGH,high,os-level,None,0,debian,"INVESTIGATE — already on latest version, CVE may be unpatched",medium
CVE-2024-34397,libglib2.0-0,2.58.3-2+deb10u2,unknown,5.2,MEDIUM,medium,os-level,None,0,debian,"INVESTIGATE — already on latest version, CVE may be unpatched",medium
CVE-2019-3843,libsystemd0,241-7~deb10u7,unknown,7.8,HIGH,high,os-level,None,0,debian,"INVESTIGATE — already on latest version, CVE may be unpatched",medium
CVE-2022-27452,libmariadb-dev,1:10.3.27-0+deb10u1,unknown,7.5,HIGH,high,os-level,None,0,debian,"INVESTIGATE — already on latest version, CVE may be unpatched",medium
CVE-2022-27456,libmariadb-dev,1:10.3.27-0+deb10u1,unknown,7.5,HIGH,high,os-level,None,0,debian,"INVESTIGATE — already on latest version, CVE may be unpatched",medium
CVE-2018-12698,binutils,2.31.1-16,unknown,7.5,HIGH,none,os-level,None,0,debian,"INVESTIGATE — already on latest version, CVE may be unpatched",medium
CVE-2024-25062,libxml2,2.9.4+dfsg1-7+deb10u1,unknown,7.5,HIGH,high,os-level,None,0,debian,"INVESTIGATE — already on latest version, CVE may be unpatched",medium
GHSA-cpq7-6gpm-g9rc,cipher-base,1.0.4,1.0.7,None,CRITICAL,critical,transitive,6,4,npm,"UPGRADE — update from 1.0.4 to 1.0.7",low
GHSA-554w-wpv2-vw27,node-forge,0.10.0,1.3.3,None,HIGH,high,transitive,4,1,npm,"UPGRADE — update from 0.10.0 to 1.3.3",low
CVE-2021-3737,libpython2.7-minimal,2.7.16-2+deb10u1,unknown,7.5,HIGH,high,os-level,None,0,debian,"INVESTIGATE — already on latest version, CVE may be unpatched",medium
CVE-2010-4651,patch,2.7.6-3+deb10u1,unknown,None,,none,os-level,None,0,debian,"INVESTIGATE — already on latest version, CVE may be unpatched",medium
GHSA-h7cp-r72f-jxh6,pbkdf2,3.1.2,3.1.5,None,CRITICAL,critical,transitive,5,2,npm,"UPGRADE — update from 3.1.2 to 3.1.5",low
CVE-2021-20246,imagemagick,8:6.9.10.23+dfsg-2.1+deb10u1,unknown,5.5,MEDIUM,medium,os-level,None,0,debian,"INVESTIGATE — already on latest version, CVE may be unpatched",medium
GHSA-7fh5-64p2-3v2j,postcss,7.0.14,8.5.6,None,MEDIUM,medium,transitive,2,4,npm,"UPGRADE — update from 7.0.14 to 8.5.6",low
CVE-2023-29499,libglib2.0-0,2.58.3-2+deb10u2,unknown,5.5,MEDIUM,high,os-level,None,0,debian,"INVESTIGATE — already on latest version, CVE may be unpatched",medium
CVE-2022-37454,libpython3.7-minimal,3.7.3-2+deb10u3,unknown,9.8,CRITICAL,none,os-level,None,0,debian,"INVESTIGATE — already on latest version, CVE may be unpatched",medium
CVE-2018-14550,libpng-dev,1.6.36-6,unknown,8.8,HIGH,none,os-level,None,0,debian,"INVESTIGATE — already on latest version, CVE may be unpatched",medium
CVE-2023-4039,cpp-8,8.3.0-6,unknown,4.8,MEDIUM,medium,os-level,None,0,debian,"INVESTIGATE — already on latest version, CVE may be unpatched",medium
GHSA-fxwf-4rqh-v8g3,socket.io,2.1.1,4.8.3,None,MEDIUM,medium,transitive,2,1,npm,"UPGRADE — update from 2.1.1 to 4.8.3",low
CVE-2015-3276,libldap-2.4-2,2.4.47+dfsg-3+deb10u6,unknown,7.5,HIGH,none,os-level,None,0,debian,"INVESTIGATE — already on latest version, CVE may be unpatched",medium
GHSA-8fr3-hfg3-gpgp,node-forge,0.10.0,1.3.3,None,MEDIUM,medium,transitive,4,1,npm,"UPGRADE — update from 0.10.0 to 1.3.3",low
CVE-2022-32546,imagemagick,8:6.9.10.23+dfsg-2.1+deb10u1,unknown,7.8,HIGH,high,os-level,None,0,debian,"INVESTIGATE — already on latest version, CVE may be unpatched",medium
CVE-2023-27533,curl,7.64.0-4+deb10u2,unknown,8.8,HIGH,high,os-level,None,0,debian,"INVESTIGATE — already on latest version, CVE may be unpatched",medium
CVE-2023-38546,curl,7.64.0-4+deb10u2,unknown,3.7,LOW,low,os-level,None,0,debian,"INVESTIGATE — already on latest version, CVE may be unpatched",medium
CVE-2020-19667,imagemagick,8:6.9.10.23+dfsg-2.1+deb10u1,unknown,7.8,HIGH,high,os-level,None,0,debian,"INVESTIGATE — already on latest version, CVE may be unpatched",medium
CVE-2022-3970,libtiff-dev,4.1.0+git191117-2~deb10u2,unknown,6.3,MEDIUM,high,os-level,None,0,debian,"INVESTIGATE — already on latest version, CVE may be unpatched",medium
CVE-2022-0530,unzip,6.0-23+deb10u2,unknown,5.5,MEDIUM,medium,os-level,None,0,debian,"INVESTIGATE — already on latest version, CVE may be unpatched",medium
CVE-2021-31879,wget,1.20.1-1.1,unknown,6.1,MEDIUM,medium,os-level,None,0,debian,"INVESTIGATE — already on latest version, CVE may be unpatched",medium
GHSA-67hx-6x53-jw92,@babel/traverse,7.6.0,7.29.0,None,CRITICAL,critical,transitive,4,1,npm,"UPGRADE — update from 7.6.0 to 7.29.0",low
CVE-2021-3598,libopenexr-dev,2.2.1-4.1+deb10u1,unknown,5.5,MEDIUM,medium,os-level,None,0,debian,"INVESTIGATE — already on latest version, CVE may be unpatched",medium
GHSA-977x-g7h5-7qgw,elliptic,6.5.4,6.6.1,None,LOW,low,transitive,6,2,npm,"UPGRADE — update from 6.5.4 to 6.6.1",low
CVE-2018-20796,libc-bin,2.28-10,unknown,7.5,HIGH,none,os-level,None,0,debian,"INVESTIGATE — already on latest version, CVE may be unpatched",medium
CVE-2019-5815,libxslt1-dev,1.1.32-2.2~deb10u1,unknown,7.5,HIGH,high,os-level,None,0,debian,"INVESTIGATE — already on latest version, CVE may be unpatched",medium
CVE-2024-0450,libpython2.7-minimal,2.7.16-2+deb10u1,unknown,6.2,MEDIUM,medium,os-level,None,0,debian,"INVESTIGATE — already on latest version, CVE may be unpatched",medium
CVE-2023-3138,libx11-6,2:1.6.7-1+deb10u1,unknown,7.5,HIGH,high,os-level,None,0,debian,"INVESTIGATE — already on latest version, CVE may be unpatched",medium
GHSA-25hc-qcg6-38wj,socket.io,2.1.1,4.8.3,None,MEDIUM,medium,transitive,2,1,npm,"UPGRADE — update from 2.1.1 to 4.8.3",low
CVE-2017-17740,libldap-2.4-2,2.4.47+dfsg-3+deb10u6,unknown,7.5,HIGH,none,os-level,None,0,debian,"INVESTIGATE — already on latest version, CVE may be unpatched",medium
CVE-2021-36411,libde265-0,1.0.3-1+b1,unknown,5.5,MEDIUM,medium,os-level,None,0,debian,"INVESTIGATE — already on latest version, CVE may be unpatched",medium
CVE-2020-27760,imagemagick,8:6.9.10.23+dfsg-2.1+deb10u1,unknown,5.5,MEDIUM,medium,os-level,None,0,debian,"INVESTIGATE — already on latest version, CVE may be unpatched",medium
CVE-2022-45061,libpython2.7-minimal,2.7.16-2+deb10u1,unknown,7.5,HIGH,high,os-level,None,0,debian,"INVESTIGATE — already on latest version, CVE may be unpatched",medium
CVE-2023-27534,curl,7.64.0-4+deb10u2,unknown,8.8,HIGH,high,os-level,None,0,debian,"INVESTIGATE — already on latest version, CVE may be unpatched",medium
CVE-2022-40304,libxml2,2.9.4+dfsg1-7+deb10u1,unknown,7.8,HIGH,high,os-level,None,0,debian,"INVESTIGATE — already on latest version, CVE may be unpatched",medium
CVE-2008-3134,imagemagick,8:6.9.10.23+dfsg-2.1+deb10u1,unknown,None,,none,os-level,None,0,debian,"INVESTIGATE — already on latest version, CVE may be unpatched",medium
CVE-2021-20312,imagemagick,8:6.9.10.23+dfsg-2.1+deb10u1,unknown,7.5,HIGH,high,os-level,None,0,debian,"INVESTIGATE — already on latest version, CVE may be unpatched",medium
CVE-2022-32547,imagemagick,8:6.9.10.23+dfsg-2.1+deb10u1,unknown,7.8,HIGH,high,os-level,None,0,debian,"INVESTIGATE — already on latest version, CVE may be unpatched",medium
CVE-2021-2372,libmariadb-dev,1:10.3.27-0+deb10u1,unknown,4.4,MEDIUM,low,os-level,None,0,debian,"INVESTIGATE — already on latest version, CVE may be unpatched",medium
CVE-2021-3517,libxml2,2.9.4+dfsg1-7+deb10u1,unknown,8.6,HIGH,high,os-level,None,0,debian,"INVESTIGATE — already on latest version, CVE may be unpatched",medium
CVE-2022-28463,imagemagick,8:6.9.10.23+dfsg-2.1+deb10u1,unknown,7.8,HIGH,high,os-level,None,0,debian,"INVESTIGATE — already on latest version, CVE may be unpatched",medium
CVE-2021-35452,libde265-0,1.0.3-1+b1,unknown,6.5,MEDIUM,medium,os-level,None,0,debian,"INVESTIGATE — already on latest version, CVE may be unpatched",medium
CVE-2018-12697,binutils,2.31.1-16,unknown,7.5,HIGH,none,os-level,None,0,debian,"INVESTIGATE — already on latest version, CVE may be unpatched",medium
CVE-2016-3709,libxml2,2.9.4+dfsg1-7+deb10u1,unknown,6.1,MEDIUM,medium,os-level,None,0,debian,"INVESTIGATE — already on latest version, CVE may be unpatched",medium
CVE-2024-33601,libc-bin,2.28-10,unknown,7.3,HIGH,high,os-level,None,0,debian,"INVESTIGATE — already on latest version, CVE may be unpatched",medium
CVE-2021-46822,libjpeg-dev,1:1.5.2-2+deb10u1,unknown,5.5,MEDIUM,medium,os-level,None,0,debian,"INVESTIGATE — already on latest version, CVE may be unpatched",medium
CVE-2020-21595,libde265-0,1.0.3-1+b1,unknown,6.5,MEDIUM,medium,os-level,None,0,debian,"INVESTIGATE — already on latest version, CVE may be unpatched",medium
CVE-2020-21601,libde265-0,1.0.3-1+b1,unknown,6.5,MEDIUM,medium,os-level,None,0,debian,"INVESTIGATE — already on latest version, CVE may be unpatched",medium
CVE-2020-21603,libde265-0,1.0.3-1+b1,unknown,6.5,MEDIUM,medium,os-level,None,0,debian,"INVESTIGATE — already on latest version, CVE may be unpatched",medium
CVE-2020-21604,libde265-0,1.0.3-1+b1,unknown,6.5,MEDIUM,medium,os-level,None,0,debian,"INVESTIGATE — already on latest version, CVE may be unpatched",medium
CVE-2020-21606,libde265-0,1.0.3-1+b1,unknown,6.5,MEDIUM,medium,os-level,None,0,debian,"INVESTIGATE — already on latest version, CVE may be unpatched",medium
CVE-2011-3374,apt,1.8.2.2,unknown,3.7,LOW,none,os-level,None,0,debian,"INVESTIGATE — already on latest version, CVE may be unpatched",medium
GHSA-82v2-mx6x-wq7q,log4js,4.5.1,6.9.1,None,MEDIUM,medium,transitive,2,1,npm,"UPGRADE — update from 4.5.1 to 6.9.1",low
CVE-2022-25313,libexpat1,2.2.6-2+deb10u1,unknown,6.5,MEDIUM,medium,os-level,None,0,debian,"INVESTIGATE — already on latest version, CVE may be unpatched",medium
CVE-2018-5709,krb5-multidev,1.17-3+deb10u1,unknown,7.5,HIGH,none,os-level,None,0,debian,"INVESTIGATE — already on latest version, CVE may be unpatched",medium
CVE-2021-20243,imagemagick,8:6.9.10.23+dfsg-2.1+deb10u1,unknown,5.5,MEDIUM,medium,os-level,None,0,debian,"INVESTIGATE — already on latest version, CVE may be unpatched",medium
GHSA-mgfv-m47x-4wqp,useragent,2.3.0,2.3.0,None,MEDIUM,medium,transitive,2,1,npm,"INVESTIGATE — already on latest version, CVE may be unpatched",medium
CVE-2021-20303,libopenexr-dev,2.2.1-4.1+deb10u1,unknown,6.1,MEDIUM,medium,os-level,None,0,debian,"INVESTIGATE — already on latest version, CVE may be unpatched",medium
CVE-2020-21605,libde265-0,1.0.3-1+b1,unknown,6.5,MEDIUM,medium,os-level,None,0,debian,"INVESTIGATE — already on latest version, CVE may be unpatched",medium
CVE-2021-3941,libopenexr-dev,2.2.1-4.1+deb10u1,unknown,6.5,MEDIUM,medium,os-level,None,0,debian,"INVESTIGATE — already on latest version, CVE may be unpatched",medium
CVE-2022-33068,libharfbuzz0b,2.3.1-1,unknown,5.5,MEDIUM,medium,os-level,None,0,debian,"INVESTIGATE — already on latest version, CVE may be unpatched",medium
CVE-2023-39615,libxml2,2.9.4+dfsg1-7+deb10u1,unknown,6.5,MEDIUM,medium,os-level,None,0,debian,"INVESTIGATE — already on latest version, CVE may be unpatched",medium
GHSA-v62p-rq8g-8h59,pbkdf2,3.1.2,3.1.5,None,CRITICAL,critical,transitive,5,2,npm,"UPGRADE — update from 3.1.2 to 3.1.5",low
GHSA-jg8v-48h5-wgxg,jszip,3.6.0,3.10.1,None,MEDIUM,medium,direct,1,2,npm,"UPGRADE — update from 3.6.0 to 3.10.1",low
CVE-2022-24050,libmariadb-dev,1:10.3.27-0+deb10u1,unknown,7.8,HIGH,high,os-level,None,0,debian,"INVESTIGATE — already on latest version, CVE may be unpatched",medium
CVE-2019-11360,libxtables12,1.8.2-4,unknown,4.2,MEDIUM,none,os-level,None,0,debian,"INVESTIGATE — already on latest version, CVE may be unpatched",medium
CVE-2025-23166,node,16.0.0,unknown,7.5,HIGH,high,unknown,None,0,unknown,"INVESTIGATE — already on latest version, CVE may be unpatched",medium
CVE-2020-27756,imagemagick,8:6.9.10.23+dfsg-2.1+deb10u1,unknown,5.5,MEDIUM,medium,os-level,None,0,debian,"INVESTIGATE — already on latest version, CVE may be unpatched",medium
CVE-2021-28861,libpython2.7-minimal,2.7.16-2+deb10u1,unknown,7.4,HIGH,none,os-level,None,0,debian,"INVESTIGATE — already on latest version, CVE may be unpatched",medium
CVE-2021-3177,libpython2.7-minimal,2.7.16-2+deb10u1,unknown,9.8,CRITICAL,critical,os-level,None,0,debian,"INVESTIGATE — already on latest version, CVE may be unpatched",medium
CVE-2016-9318,libxml2,2.9.4+dfsg1-7+deb10u1,unknown,5.5,MEDIUM,medium,os-level,None,0,debian,"INVESTIGATE — already on latest version, CVE may be unpatched",medium
CVE-2021-40211,imagemagick,8:6.9.10.23+dfsg-2.1+deb10u1,unknown,7.5,HIGH,high,os-level,None,0,debian,"INVESTIGATE — already on latest version, CVE may be unpatched",medium
CVE-2022-27405,libfreetype6,2.9.1-3+deb10u2,unknown,7.5,HIGH,high,os-level,None,0,debian,"INVESTIGATE — already on latest version, CVE may be unpatched",medium
CVE-2024-22020,node,16.0.0,unknown,6.5,MEDIUM,medium,unknown,None,0,unknown,"INVESTIGATE — already on latest version, CVE may be unpatched",medium
CVE-2021-20244,imagemagick,8:6.9.10.23+dfsg-2.1+deb10u1,unknown,5.5,MEDIUM,medium,os-level,None,0,debian,"INVESTIGATE — already on latest version, CVE may be unpatched",medium
CVE-2021-20176,imagemagick,8:6.9.10.23+dfsg-2.1+deb10u1,unknown,5.5,MEDIUM,medium,os-level,None,0,debian,"INVESTIGATE — already on latest version, CVE may be unpatched",medium
GHSA-fjxv-7rqg-78g4,form-data,2.3.3,4.0.5,None,CRITICAL,critical,transitive,4,1,npm,"UPGRADE — update from 2.3.3 to 4.0.5",low
CVE-2021-22939,node,16.0.0,unknown,5.3,MEDIUM,medium,unknown,None,0,unknown,"INVESTIGATE — already on latest version, CVE may be unpatched",medium
CVE-2021-44532,node,16.0.0,unknown,5.3,MEDIUM,medium,unknown,None,0,unknown,"INVESTIGATE — already on latest version, CVE may be unpatched",medium
CVE-2019-20454,libpcre2-8-0,10.32-5,unknown,7.5,HIGH,high,os-level,None,0,debian,"INVESTIGATE — already on latest version, CVE may be unpatched",medium
CVE-2018-25032,zlib1g,1:1.2.11.dfsg-1,unknown,7.5,HIGH,high,os-level,None,0,debian,"INVESTIGATE — already on latest version, CVE may be unpatched",medium
GHSA-6rw7-vpxm-498p,qs,6.11.0,6.15.0,None,HIGH,high,transitive,3,3,npm,"UPGRADE — update from 6.11.0 to 6.15.0",low
CVE-2023-32006,node,16.0.0,unknown,8.8,HIGH,high,unknown,None,0,unknown,"INVESTIGATE — already on latest version, CVE may be unpatched",medium
CVE-2022-43552,curl,7.64.0-4+deb10u2,unknown,5.9,MEDIUM,medium,os-level,None,0,debian,"INVESTIGATE — already on latest version, CVE may be unpatched",medium
CVE-2022-24048,libmariadb-dev,1:10.3.27-0+deb10u1,unknown,7.8,HIGH,high,os-level,None,0,debian,"INVESTIGATE — already on latest version, CVE may be unpatched",medium
CVE-2022-24052,libmariadb-dev,1:10.3.27-0+deb10u1,unknown,7.8,HIGH,high,os-level,None,0,debian,"INVESTIGATE — already on latest version, CVE may be unpatched",medium
GHSA-p9pc-299p-vxgp,yargs-parser,11.1.1,22.0.0,None,MEDIUM,medium,transitive,3,2,npm,"UPGRADE — update from 11.1.1 to 22.0.0",low
GHSA-2r2c-g63r-vccr,node-forge,0.10.0,1.3.3,None,MEDIUM,medium,transitive,4,1,npm,"UPGRADE — update from 0.10.0 to 1.3.3",low
GHSA-952p-6rrq-rcjv,micromatch,3.1.10,4.0.8,None,MEDIUM,medium,transitive,3,5,npm,"UPGRADE — update from 3.1.10 to 4.0.8",low
CVE-2022-32545,imagemagick,8:6.9.10.23+dfsg-2.1+deb10u1,unknown,7.8,HIGH,high,os-level,None,0,debian,"INVESTIGATE — already on latest version, CVE may be unpatched",medium
CVE-2020-22218,libssh2-1,1.8.0-2.1,unknown,7.5,HIGH,high,os-level,None,0,debian,"INVESTIGATE — already on latest version, CVE may be unpatched",medium
CVE-2020-14145,openssh-client,1:7.9p1-10+deb10u2,unknown,5.9,MEDIUM,none,os-level,None,0,debian,"INVESTIGATE — already on latest version, CVE may be unpatched",medium
CVE-2022-30698,libunbound8,1.9.0-2+deb10u2,unknown,6.5,MEDIUM,medium,os-level,None,0,debian,"INVESTIGATE — already on latest version, CVE may be unpatched",medium
CVE-2022-30699,libunbound8,1.9.0-2+deb10u2,unknown,6.5,MEDIUM,medium,os-level,None,0,debian,"INVESTIGATE — already on latest version, CVE may be unpatched",medium
CVE-2020-27750,imagemagick,8:6.9.10.23+dfsg-2.1+deb10u1,unknown,5.5,MEDIUM,medium,os-level,None,0,debian,"INVESTIGATE — already on latest version, CVE may be unpatched",medium
CVE-2020-27762,imagemagick,8:6.9.10.23+dfsg-2.1+deb10u1,unknown,5.5,MEDIUM,medium,os-level,None,0,debian,"INVESTIGATE — already on latest version, CVE may be unpatched",medium
CVE-2020-27770,imagemagick,8:6.9.10.23+dfsg-2.1+deb10u1,unknown,5.5,MEDIUM,medium,os-level,None,0,debian,"INVESTIGATE — already on latest version, CVE may be unpatched",medium
CVE-2021-3537,libxml2,2.9.4+dfsg1-7+deb10u1,unknown,5.9,MEDIUM,medium,os-level,None,0,debian,"INVESTIGATE — already on latest version, CVE may be unpatched",medium
CVE-2024-21096,libmariadb-dev,1:10.3.27-0+deb10u1,unknown,4.9,MEDIUM,medium,os-level,None,0,debian,"INVESTIGATE — already on latest version, CVE may be unpatched",medium
CVE-2022-48622,gir1.2-gdkpixbuf-2.0,2.38.1+dfsg-1,unknown,7.8,HIGH,high,os-level,None,0,debian,"INVESTIGATE — already on latest version, CVE may be unpatched",medium
CVE-2018-7169,login,1:4.5-1.1,unknown,5.3,MEDIUM,low,os-level,None,0,debian,"INVESTIGATE — already on latest version, CVE may be unpatched",medium
GHSA-m6fv-jmcg-4jfg,send,0.18.0,1.2.1,None,LOW,low,transitive,4,2,npm,"UPGRADE — update from 0.18.0 to 1.2.1",low
CVE-2019-9674,libpython2.7-minimal,2.7.16-2+deb10u1,unknown,7.5,HIGH,none,os-level,None,0,debian,"INVESTIGATE — already on latest version, CVE may be unpatched",medium
CVE-2022-27781,curl,7.64.0-4+deb10u2,unknown,7.5,HIGH,high,os-level,None,0,debian,"INVESTIGATE — already on latest version, CVE may be unpatched",medium
CVE-2022-2056,libtiff-dev,4.1.0+git191117-2~deb10u2,unknown,5.5,MEDIUM,medium,os-level,None,0,debian,"INVESTIGATE — already on latest version, CVE may be unpatched",medium
CVE-2022-2057,libtiff-dev,4.1.0+git191117-2~deb10u2,unknown,5.5,MEDIUM,medium,os-level,None,0,debian,"INVESTIGATE — already on latest version, CVE may be unpatched",medium
CVE-2022-2058,libtiff-dev,4.1.0+git191117-2~deb10u2,unknown,5.5,MEDIUM,medium,os-level,None,0,debian,"INVESTIGATE — already on latest version, CVE may be unpatched",medium
GHSA-58c5-g7wp-6w37,@angular/common,8.2.14,21.1.4,None,HIGH,high,direct,1,2,npm,"UPGRADE — update from 8.2.14 to 21.1.4",low
GHSA-jchw-25xp-jwwc,follow-redirects,1.9.0,1.15.11,None,MEDIUM,medium,transitive,3,1,npm,"UPGRADE — update from 1.9.0 to 1.15.11",low
GHSA-v4hv-rgfq-gp49,@angular/compiler,8.2.14,21.1.4,None,HIGH,high,direct,1,2,npm,"UPGRADE — update from 8.2.14 to 21.1.4",low
CVE-2021-23215,libopenexr-dev,2.2.1-4.1+deb10u1,unknown,5.5,MEDIUM,medium,os-level,None,0,debian,"INVESTIGATE — already on latest version, CVE may be unpatched",medium
GHSA-434g-2637-qmqr,elliptic,6.5.4,6.6.1,None,LOW,low,transitive,6,2,npm,"UPGRADE — update from 6.5.4 to 6.6.1",low
CVE-2019-17450,binutils,2.31.1-16,unknown,6.5,MEDIUM,none,os-level,None,0,debian,"INVESTIGATE — already on latest version, CVE may be unpatched",medium
CVE-2021-36408,libde265-0,1.0.3-1+b1,unknown,5.5,MEDIUM,medium,os-level,None,0,debian,"INVESTIGATE — already on latest version, CVE may be unpatched",medium
CVE-2025-23085,node,16.0.0,unknown,5.3,MEDIUM,medium,unknown,None,0,unknown,"INVESTIGATE — already on latest version, CVE may be unpatched",medium
CVE-2017-16232,libtiff-dev,4.1.0+git191117-2~deb10u2,unknown,7.5,HIGH,none,os-level,None,0,debian,"INVESTIGATE — already on latest version, CVE may be unpatched",medium
CVE-2021-44531,node,16.0.0,unknown,7.4,HIGH,high,unknown,None,0,unknown,"INVESTIGATE — already on latest version, CVE may be unpatched",medium
CVE-2023-29491,libncurses-dev,6.1+20181013-2+deb10u2,unknown,7.8,HIGH,high,os-level,None,0,debian,"INVESTIGATE — already on latest version, CVE may be unpatched",medium
CVE-2022-48566,libpython2.7-minimal,2.7.16-2+deb10u1,unknown,5.9,MEDIUM,medium,os-level,None,0,debian,"INVESTIGATE — already on latest version, CVE may be unpatched",medium
GHSA-4fc4-chg7-h8gh,webpack-subresource-integrity,1.1.0-rc.6,5.2.0-rc.1,None,LOW,low,transitive,2,1,npm,"UPGRADE — update from 1.1.0-rc.6 to 5.2.0-rc.1",low
CVE-2021-22946,curl,7.64.0-4+deb10u2,unknown,7.5,HIGH,high,os-level,None,0,debian,"INVESTIGATE — already on latest version, CVE may be unpatched",medium
CVE-2019-17451,binutils,2.31.1-16,unknown,6.5,MEDIUM,none,os-level,None,0,debian,"INVESTIGATE — already on latest version, CVE may be unpatched",medium
CVE-2023-1289,imagemagick,8:6.9.10.23+dfsg-2.1+deb10u1,unknown,5.5,MEDIUM,medium,os-level,None,0,debian,"INVESTIGATE — already on latest version, CVE may be unpatched",medium
CVE-2022-0561,libtiff-dev,4.1.0+git191117-2~deb10u2,unknown,5.5,MEDIUM,medium,os-level,None,0,debian,"INVESTIGATE — already on latest version, CVE may be unpatched",medium
CVE-2021-40528,libgcrypt20,1.8.4-5,unknown,5.9,MEDIUM,medium,os-level,None,0,debian,"INVESTIGATE — already on latest version, CVE may be unpatched",medium
CVE-2020-21913,icu-devtools,63.1-6+deb10u1,unknown,5.5,MEDIUM,medium,os-level,None,0,debian,"INVESTIGATE — already on latest version, CVE may be unpatched",medium
CVE-2023-43785,libx11-6,2:1.6.7-1+deb10u1,unknown,6.5,MEDIUM,medium,os-level,None,0,debian,"INVESTIGATE — already on latest version, CVE may be unpatched",medium
GHSA-3xgq-45jj-v275,cross-spawn,6.0.5,7.0.6,None,HIGH,high,transitive,2,2,npm,"UPGRADE — update from 6.0.5 to 7.0.6",low
CVE-2024-32020,git,1:2.20.1-2+deb10u3,unknown,3.9,LOW,low,os-level,None,0,debian,"INVESTIGATE — already on latest version, CVE may be unpatched",medium
CVE-2021-3672,node,16.0.0,unknown,5.6,MEDIUM,medium,unknown,None,0,unknown,"INVESTIGATE — already on latest version, CVE may be unpatched",medium
CVE-2019-25037,libunbound8,1.9.0-2+deb10u2,unknown,7.5,HIGH,none,os-level,None,0,debian,"INVESTIGATE — already on latest version, CVE may be unpatched",medium
CVE-2019-25041,libunbound8,1.9.0-2+deb10u2,unknown,7.5,HIGH,none,os-level,None,0,debian,"INVESTIGATE — already on latest version, CVE may be unpatched",medium
CVE-2019-25036,libunbound8,1.9.0-2+deb10u2,unknown,7.5,HIGH,none,os-level,None,0,debian,"INVESTIGATE — already on latest version, CVE may be unpatched",medium
CVE-2019-25040,libunbound8,1.9.0-2+deb10u2,unknown,7.5,HIGH,none,os-level,None,0,debian,"INVESTIGATE — already on latest version, CVE may be unpatched",medium
CVE-2022-32212,node,16.0.0,unknown,8.1,HIGH,high,unknown,None,0,unknown,"INVESTIGATE — already on latest version, CVE may be unpatched",medium
CVE-2023-32559,node,16.0.0,unknown,7.5,HIGH,high,unknown,None,0,unknown,"INVESTIGATE — already on latest version, CVE may be unpatched",medium
GHSA-rv95-896h-c2vc,express,4.18.2,5.2.1,None,MEDIUM,medium,transitive,3,1,npm,"UPGRADE — update from 4.18.2 to 5.2.1",low
CVE-2021-29338,libopenjp2-7,2.3.0-2+deb10u2,unknown,5.5,MEDIUM,medium,os-level,None,0,debian,"INVESTIGATE — already on latest version, CVE may be unpatched",medium
CVE-2021-36690,libsqlite3-0,3.27.2-3+deb10u1,unknown,7.5,HIGH,none,os-level,None,0,debian,"INVESTIGATE — already on latest version, CVE may be unpatched",medium
CVE-2023-39333,node,16.0.0,unknown,5.3,MEDIUM,medium,unknown,None,0,unknown,"INVESTIGATE — already on latest version, CVE may be unpatched",medium
GHSA-9wv6-86v2-598j,path-to-regexp,0.1.7,8.3.0,None,HIGH,high,transitive,4,1,npm,"UPGRADE — update from 0.1.7 to 8.3.0",low
CVE-2020-25664,imagemagick,8:6.9.10.23+dfsg-2.1+deb10u1,unknown,6.1,MEDIUM,medium,os-level,None,0,debian,"INVESTIGATE — already on latest version, CVE may be unpatched",medium
CVE-2022-29187,git,1:2.20.1-2+deb10u3,unknown,7.8,HIGH,high,os-level,None,0,debian,"INVESTIGATE — already on latest version, CVE may be unpatched",medium
CVE-2019-18934,libunbound8,1.9.0-2+deb10u2,unknown,7.3,HIGH,none,os-level,None,0,debian,"INVESTIGATE — already on latest version, CVE may be unpatched",medium
GHSA-5gfm-wpxj-wjgq,node-forge,0.10.0,1.3.3,None,HIGH,high,transitive,4,1,npm,"UPGRADE — update from 0.10.0 to 1.3.3",low
CVE-2025-59465,node,16.0.0,unknown,7.5,HIGH,high,unknown,None,0,unknown,"INVESTIGATE — already on latest version, CVE may be unpatched",medium
CVE-2024-26461,krb5-multidev,1.17-3+deb10u1,unknown,7.5,HIGH,high,os-level,None,0,debian,"INVESTIGATE — already on latest version, CVE may be unpatched",medium
CVE-2021-36410,libde265-0,1.0.3-1+b1,unknown,5.5,MEDIUM,medium,os-level,None,0,debian,"INVESTIGATE — already on latest version, CVE may be unpatched",medium
CVE-2022-47665,libde265-0,1.0.3-1+b1,unknown,7.8,HIGH,high,os-level,None,0,debian,"INVESTIGATE — already on latest version, CVE may be unpatched",medium
GHSA-f7q4-pwc6-w24p,elliptic,6.5.4,6.6.1,None,LOW,low,transitive,6,2,npm,"UPGRADE — update from 6.5.4 to 6.6.1",low
CVE-2023-23920,node,16.0.0,unknown,4.2,MEDIUM,medium,unknown,None,0,unknown,"INVESTIGATE — already on latest version, CVE may be unpatched",medium
CVE-2018-15607,imagemagick,8:6.9.10.23+dfsg-2.1+deb10u1,unknown,6.5,MEDIUM,none,os-level,None,0,debian,"INVESTIGATE — already on latest version, CVE may be unpatched",medium
GHSA-pxg6-pf52-xh8x,cookie,0.3.1,1.1.1,None,LOW,low,transitive,4,2,npm,"UPGRADE — update from 0.3.1 to 1.1.1",low
CVE-2023-29659,libheif1,1.3.2-2~deb10u1,unknown,6.5,MEDIUM,medium,os-level,None,0,debian,"INVESTIGATE — already on latest version, CVE may be unpatched",medium
CVE-2022-24051,libmariadb-dev,1:10.3.27-0+deb10u1,unknown,7.8,HIGH,high,os-level,None,0,debian,"INVESTIGATE — already on latest version, CVE may be unpatched",medium
CVE-2023-25193,libharfbuzz0b,2.3.1-1,unknown,7.5,HIGH,high,os-level,None,0,debian,"INVESTIGATE — already on latest version, CVE may be unpatched",medium
CVE-2024-28757,libexpat1,2.2.6-2+deb10u1,unknown,7.5,HIGH,none,os-level,None,0,debian,"INVESTIGATE — already on latest version, CVE may be unpatched",medium
CVE-2022-0924,libtiff-dev,4.1.0+git191117-2~deb10u2,unknown,5.5,MEDIUM,medium,os-level,None,0,debian,"INVESTIGATE — already on latest version, CVE may be unpatched",medium
CVE-2023-43786,libx11-6,2:1.6.7-1+deb10u1,unknown,5.5,MEDIUM,medium,os-level,None,0,debian,"INVESTIGATE — already on latest version, CVE may be unpatched",medium
CVE-2024-22365,libpam-modules,1.3.1-5,unknown,5.5,MEDIUM,medium,os-level,None,0,debian,"INVESTIGATE — already on latest version, CVE may be unpatched",medium
CVE-2023-45322,libxml2,2.9.4+dfsg1-7+deb10u1,unknown,6.5,MEDIUM,medium,os-level,None,0,debian,"INVESTIGATE — already on latest version, CVE may be unpatched",medium
CVE-2021-46658,libmariadb-dev,1:10.3.27-0+deb10u1,unknown,5.5,MEDIUM,medium,os-level,None,0,debian,"INVESTIGATE — already on latest version, CVE may be unpatched",medium
CVE-2019-1010025,libc-bin,2.28-10,unknown,5.3,MEDIUM,none,os-level,None,0,debian,"INVESTIGATE — already on latest version, CVE may be unpatched",medium
CVE-2020-27619,libpython2.7-minimal,2.7.16-2+deb10u1,unknown,9.8,CRITICAL,none,os-level,None,0,debian,"INVESTIGATE — already on latest version, CVE may be unpatched",medium
CVE-2022-29824,libxml2,2.9.4+dfsg1-7+deb10u1,unknown,6.5,MEDIUM,medium,os-level,None,0,debian,"INVESTIGATE — already on latest version, CVE may be unpatched",medium
CVE-2020-28935,libunbound8,1.9.0-2+deb10u2,unknown,5.5,MEDIUM,medium,os-level,None,0,debian,"INVESTIGATE — already on latest version, CVE may be unpatched",medium
CVE-2024-34459,libxml2,2.9.4+dfsg1-7+deb10u1,unknown,7.5,HIGH,none,os-level,None,0,debian,"INVESTIGATE — already on latest version, CVE may be unpatched",medium
CVE-2023-32002,node,16.0.0,unknown,9.8,CRITICAL,critical,unknown,None,0,unknown,"INVESTIGATE — already on latest version, CVE may be unpatched",medium
CVE-2019-9192,libc-bin,2.28-10,unknown,7.5,HIGH,none,os-level,None,0,debian,"INVESTIGATE — already on latest version, CVE may be unpatched",medium
CVE-2021-33910,libsystemd0,241-7~deb10u7,unknown,5.5,MEDIUM,medium,os-level,None,0,debian,"INVESTIGATE — already on latest version, CVE may be unpatched",medium
CVE-2018-14048,libpng-dev,1.6.36-6,unknown,6.5,MEDIUM,none,os-level,None,0,debian,"INVESTIGATE — already on latest version, CVE may be unpatched",medium
CVE-2020-12062,openssh-client,1:7.9p1-10+deb10u2,unknown,7.5,HIGH,none,os-level,None,0,debian,"INVESTIGATE — already on latest version, CVE may be unpatched",medium
CVE-2022-23308,libxml2,2.9.4+dfsg1-7+deb10u1,unknown,7.5,HIGH,high,os-level,None,0,debian,"INVESTIGATE — already on latest version, CVE may be unpatched",medium
CVE-2019-25031,libunbound8,1.9.0-2+deb10u2,unknown,5.9,MEDIUM,none,os-level,None,0,debian,"INVESTIGATE — already on latest version, CVE may be unpatched",medium
CVE-2020-27560,imagemagick,8:6.9.10.23+dfsg-2.1+deb10u1,unknown,3.3,LOW,low,os-level,None,0,debian,"INVESTIGATE — already on latest version, CVE may be unpatched",medium
CVE-2018-20712,binutils,2.31.1-16,unknown,6.5,MEDIUM,none,os-level,None,0,debian,"INVESTIGATE — already on latest version, CVE may be unpatched",medium
CVE-2020-25666,imagemagick,8:6.9.10.23+dfsg-2.1+deb10u1,unknown,3.3,LOW,low,os-level,None,0,debian,"INVESTIGATE — already on latest version, CVE may be unpatched",medium
CVE-2020-25675,imagemagick,8:6.9.10.23+dfsg-2.1+deb10u1,unknown,3.3,LOW,low,os-level,None,0,debian,"INVESTIGATE — already on latest version, CVE may be unpatched",medium
CVE-2020-27757,imagemagick,8:6.9.10.23+dfsg-2.1+deb10u1,unknown,3.3,LOW,low,os-level,None,0,debian,"INVESTIGATE — already on latest version, CVE may be unpatched",medium
CVE-2020-27761,imagemagick,8:6.9.10.23+dfsg-2.1+deb10u1,unknown,3.3,LOW,low,os-level,None,0,debian,"INVESTIGATE — already on latest version, CVE may be unpatched",medium
CVE-2020-27763,imagemagick,8:6.9.10.23+dfsg-2.1+deb10u1,unknown,3.3,LOW,low,os-level,None,0,debian,"INVESTIGATE — already on latest version, CVE may be unpatched",medium
GHSA-qw6h-vgh9-j6wx,express,4.18.2,5.2.1,None,LOW,low,transitive,3,1,npm,"UPGRADE — update from 4.18.2 to 5.2.1",low
CVE-2025-23165,node,16.0.0,unknown,3.7,LOW,low,unknown,None,0,unknown,"INVESTIGATE — already on latest version, CVE may be unpatched",medium
CVE-2019-9893,libseccomp2,2.3.3-4,unknown,9.8,CRITICAL,none,os-level,None,0,debian,"INVESTIGATE — already on latest version, CVE may be unpatched",medium
GHSA-fc9h-whq2-v747,elliptic,6.5.4,6.6.1,None,LOW,low,transitive,6,2,npm,"UPGRADE — update from 6.5.4 to 6.6.1",low
GHSA-mpwj-fcr6-x34c,yarn,1.22.5,1.22.22,None,HIGH,high,unknown,None,0,npm,"UPGRADE — update from 1.22.5 to 1.22.22",low
CVE-2021-22898,curl,7.64.0-4+deb10u2,unknown,3.1,LOW,low,os-level,None,0,debian,"INVESTIGATE — already on latest version, CVE may be unpatched",medium
CVE-2018-20651,binutils,2.31.1-16,unknown,5.5,MEDIUM,none,os-level,None,0,debian,"INVESTIGATE — already on latest version, CVE may be unpatched",medium
CVE-2020-27618,libc-bin,2.28-10,unknown,5.5,MEDIUM,medium,os-level,None,0,debian,"INVESTIGATE — already on latest version, CVE may be unpatched",medium
CVE-2019-25032,libunbound8,1.9.0-2+deb10u2,unknown,9.8,CRITICAL,none,os-level,None,0,debian,"INVESTIGATE — already on latest version, CVE may be unpatched",medium
CVE-2019-25038,libunbound8,1.9.0-2+deb10u2,unknown,9.8,CRITICAL,none,os-level,None,0,debian,"INVESTIGATE — already on latest version, CVE may be unpatched",medium
GHSA-95m3-7q98-8xr5,sha.js,2.4.11,2.4.12,None,CRITICAL,critical,transitive,6,3,npm,"UPGRADE — update from 2.4.11 to 2.4.12",low
CVE-2019-25034,libunbound8,1.9.0-2+deb10u2,unknown,9.8,CRITICAL,none,os-level,None,0,debian,"INVESTIGATE — already on latest version, CVE may be unpatched",medium
CVE-2019-25035,libunbound8,1.9.0-2+deb10u2,unknown,9.8,CRITICAL,none,os-level,None,0,debian,"INVESTIGATE — already on latest version, CVE may be unpatched",medium
CVE-2019-25039,libunbound8,1.9.0-2+deb10u2,unknown,9.8,CRITICAL,none,os-level,None,0,debian,"INVESTIGATE — already on latest version, CVE may be unpatched",medium
CVE-2019-25042,libunbound8,1.9.0-2+deb10u2,unknown,9.8,CRITICAL,none,os-level,None,0,debian,"INVESTIGATE — already on latest version, CVE may be unpatched",medium
GHSA-566m-qj78-rww5,postcss,7.0.14,8.5.6,None,MEDIUM,medium,transitive,2,4,npm,"UPGRADE — update from 7.0.14 to 8.5.6",low
CVE-2022-29458,libncurses-dev,6.1+20181013-2+deb10u2,unknown,7.1,HIGH,high,os-level,None,0,debian,"INVESTIGATE — already on latest version, CVE may be unpatched",medium
GHSA-6fx8-h7jm-663j,parseuri,0.0.5,3.0.2,None,MEDIUM,medium,transitive,4,2,npm,"UPGRADE — update from 0.0.5 to 3.0.2",low
CVE-2018-5727,libopenjp2-7,2.3.0-2+deb10u2,unknown,6.5,MEDIUM,none,os-level,None,0,debian,"INVESTIGATE — already on latest version, CVE may be unpatched",medium
CVE-2013-7040,libpython2.7-minimal,2.7.16-2+deb10u1,unknown,None,,none,os-level,None,0,debian,"INVESTIGATE — already on latest version, CVE may be unpatched",medium
CVE-2021-46657,libmariadb-dev,1:10.3.27-0+deb10u1,unknown,5.5,MEDIUM,medium,os-level,None,0,debian,"INVESTIGATE — already on latest version, CVE may be unpatched",medium
GHSA-xxjr-mmjv-4gpg,lodash,4.17.15,4.17.23,None,MEDIUM,medium,transitive,2,14,npm,"UPGRADE — update from 4.17.15 to 4.17.23",low
CVE-2018-12934,binutils,2.31.1-16,unknown,7.5,HIGH,none,os-level,None,0,debian,"INVESTIGATE — already on latest version, CVE may be unpatched",medium
CVE-2022-35252,curl,7.64.0-4+deb10u2,unknown,3.7,LOW,low,os-level,None,0,debian,"INVESTIGATE — already on latest version, CVE may be unpatched",medium
CVE-2021-2154,libmariadb-dev,1:10.3.27-0+deb10u1,unknown,4.9,MEDIUM,medium,os-level,None,0,debian,"INVESTIGATE — already on latest version, CVE may be unpatched",medium
CVE-2023-23916,curl,7.64.0-4+deb10u2,unknown,6.5,MEDIUM,medium,os-level,None,0,debian,"INVESTIGATE — already on latest version, CVE may be unpatched",medium
CVE-2022-25308,libfribidi0,1.0.5-3.1+deb10u1,unknown,7.8,HIGH,high,os-level,None,0,debian,"INVESTIGATE — already on latest version, CVE may be unpatched",medium
GHSA-pw2r-vq6v-hr8c,follow-redirects,1.9.0,1.15.11,None,MEDIUM,medium,transitive,3,1,npm,"UPGRADE — update from 1.9.0 to 1.15.11",low
CVE-2018-18606,binutils,2.31.1-16,unknown,5.5,MEDIUM,none,os-level,None,0,debian,"INVESTIGATE — already on latest version, CVE may be unpatched",medium
CVE-2022-47664,libde265-0,1.0.3-1+b1,unknown,7.8,HIGH,high,os-level,None,0,debian,"INVESTIGATE — already on latest version, CVE may be unpatched",medium
CVE-2023-34151,imagemagick,8:6.9.10.23+dfsg-2.1+deb10u1,unknown,5.5,MEDIUM,medium,os-level,None,0,debian,"INVESTIGATE — already on latest version, CVE may be unpatched",medium
CVE-2022-24975,git,1:2.20.1-2+deb10u3,unknown,7.5,HIGH,none,os-level,None,0,debian,"INVESTIGATE — already on latest version, CVE may be unpatched",medium
CVE-2023-30086,libtiff-dev,4.1.0+git191117-2~deb10u2,unknown,5.5,MEDIUM,medium,os-level,None,0,debian,"INVESTIGATE — already on latest version, CVE may be unpatched",medium
CVE-2021-3800,libglib2.0-0,2.58.3-2+deb10u2,unknown,5.5,MEDIUM,medium,os-level,None,0,debian,"INVESTIGATE — already on latest version, CVE may be unpatched",medium
CVE-2021-46666,libmariadb-dev,1:10.3.27-0+deb10u1,unknown,5.5,MEDIUM,medium,os-level,None,0,debian,"INVESTIGATE — already on latest version, CVE may be unpatched",medium
CVE-2020-27771,imagemagick,8:6.9.10.23+dfsg-2.1+deb10u1,unknown,3.3,LOW,low,os-level,None,0,debian,"INVESTIGATE — already on latest version, CVE may be unpatched",medium
CVE-2016-10505,libopenjp2-7,2.3.0-2+deb10u2,unknown,6.5,MEDIUM,none,os-level,None,0,debian,"INVESTIGATE — already on latest version, CVE may be unpatched",medium
CVE-2017-17522,libpython2.7-minimal,2.7.16-2+deb10u1,unknown,8.8,HIGH,none,os-level,None,0,debian,"INVESTIGATE — already on latest version, CVE may be unpatched",medium
GHSA-gxpj-cx7g-858c,debug,3.2.6,4.4.3,None,LOW,low,transitive,2,31,npm,"UPGRADE — update from 3.2.6 to 4.4.3",low
CVE-2019-1010024,libc-bin,2.28-10,unknown,5.3,MEDIUM,none,os-level,None,0,debian,"INVESTIGATE — already on latest version, CVE may be unpatched",medium
CVE-2019-19603,libsqlite3-0,3.27.2-3+deb10u1,unknown,7.5,HIGH,none,os-level,None,0,debian,"INVESTIGATE — already on latest version, CVE may be unpatched",medium
CVE-2021-3541,libxml2,2.9.4+dfsg1-7+deb10u1,unknown,6.5,MEDIUM,medium,os-level,None,0,debian,"INVESTIGATE — already on latest version, CVE may be unpatched",medium
CVE-2023-27535,curl,7.64.0-4+deb10u2,unknown,5.9,MEDIUM,medium,os-level,None,0,debian,"INVESTIGATE — already on latest version, CVE may be unpatched",medium
CVE-2023-43787,libx11-6,2:1.6.7-1+deb10u1,unknown,7.8,HIGH,high,os-level,None,0,debian,"INVESTIGATE — already on latest version, CVE may be unpatched",medium
CVE-2023-28320,curl,7.64.0-4+deb10u2,unknown,5.9,MEDIUM,none,os-level,None,0,debian,"INVESTIGATE — already on latest version, CVE may be unpatched",medium
CVE-2017-17973,libtiff-dev,4.1.0+git191117-2~deb10u2,unknown,8.8,HIGH,none,os-level,None,0,debian,"INVESTIGATE — already on latest version, CVE may be unpatched",medium
CVE-2018-18700,binutils,2.31.1-16,unknown,5.5,MEDIUM,none,os-level,None,0,debian,"INVESTIGATE — already on latest version, CVE may be unpatched",medium
CVE-2021-46662,libmariadb-dev,1:10.3.27-0+deb10u1,unknown,5.5,MEDIUM,medium,os-level,None,0,debian,"INVESTIGATE — already on latest version, CVE may be unpatched",medium
CVE-2023-32665,libglib2.0-0,2.58.3-2+deb10u2,unknown,5.5,MEDIUM,medium,os-level,None,0,debian,"INVESTIGATE — already on latest version, CVE may be unpatched",medium
CVE-2022-22844,libtiff-dev,4.1.0+git191117-2~deb10u2,unknown,5.5,MEDIUM,medium,os-level,None,0,debian,"INVESTIGATE — already on latest version, CVE may be unpatched",medium
CVE-2018-20845,libopenjp2-7,2.3.0-2+deb10u2,unknown,6.5,MEDIUM,none,os-level,None,0,debian,"INVESTIGATE — already on latest version, CVE may be unpatched",medium
CVE-2022-1122,libopenjp2-7,2.3.0-2+deb10u2,unknown,5.5,MEDIUM,medium,os-level,None,0,debian,"INVESTIGATE — already on latest version, CVE may be unpatched",medium
CVE-2022-0562,libtiff-dev,4.1.0+git191117-2~deb10u2,unknown,5.5,MEDIUM,medium,os-level,None,0,debian,"INVESTIGATE — already on latest version, CVE may be unpatched",medium
GHSA-4v9v-hfq4-rm2v,webpack-dev-server,3.3.1,5.2.3,None,MEDIUM,medium,transitive,2,1,npm,"UPGRADE — update from 3.3.1 to 5.2.3",low
CVE-2018-16376,libopenjp2-7,2.3.0-2+deb10u2,unknown,8.8,HIGH,none,os-level,None,0,debian,"INVESTIGATE — already on latest version, CVE may be unpatched",medium
CVE-2015-9019,libxslt1-dev,1.1.32-2.2~deb10u1,unknown,5.3,MEDIUM,none,os-level,None,0,debian,"INVESTIGATE — already on latest version, CVE may be unpatched",medium
CVE-2020-27764,imagemagick,8:6.9.10.23+dfsg-2.1+deb10u1,unknown,3.3,LOW,low,os-level,None,0,debian,"INVESTIGATE — already on latest version, CVE may be unpatched",medium
CVE-2017-7246,libpcre16-3,2:8.39-12,unknown,7.8,HIGH,none,os-level,None,0,debian,"INVESTIGATE — already on latest version, CVE may be unpatched",medium
CVE-2023-50495,libncurses-dev,6.1+20181013-2+deb10u2,unknown,6.5,MEDIUM,medium,os-level,None,0,debian,"INVESTIGATE — already on latest version, CVE may be unpatched",medium
CVE-2023-29469,libxml2,2.9.4+dfsg1-7+deb10u1,unknown,6.5,MEDIUM,medium,os-level,None,0,debian,"INVESTIGATE — already on latest version, CVE may be unpatched",medium
CVE-2022-21427,libmariadb-dev,1:10.3.27-0+deb10u1,unknown,4.9,MEDIUM,medium,os-level,None,0,debian,"INVESTIGATE — already on latest version, CVE may be unpatched",medium
CVE-2023-25221,libde265-0,1.0.3-1+b1,unknown,7.8,HIGH,high,os-level,None,0,debian,"INVESTIGATE — already on latest version, CVE may be unpatched",medium
CVE-2016-9116,libopenjp2-7,2.3.0-2+deb10u2,unknown,6.5,MEDIUM,none,os-level,None,0,debian,"INVESTIGATE — already on latest version, CVE may be unpatched",medium
CVE-2016-9117,libopenjp2-7,2.3.0-2+deb10u2,unknown,6.5,MEDIUM,none,os-level,None,0,debian,"INVESTIGATE — already on latest version, CVE may be unpatched",medium
CVE-2020-10029,libc-bin,2.28-10,unknown,5.5,MEDIUM,medium,os-level,None,0,debian,"INVESTIGATE — already on latest version, CVE may be unpatched",medium
CVE-2021-3580,libhogweed4,3.4.1-1,unknown,7.5,HIGH,high,os-level,None,0,debian,"INVESTIGATE — already on latest version, CVE may be unpatched",medium
CVE-2021-37600,bsdutils,1:2.33.1-0.1,unknown,5.5,MEDIUM,medium,os-level,None,0,debian,"INVESTIGATE — already on latest version, CVE may be unpatched",medium
CVE-2019-12973,libopenjp2-7,2.3.0-2+deb10u2,unknown,5.5,MEDIUM,medium,os-level,None,0,debian,"INVESTIGATE — already on latest version, CVE may be unpatched",medium
CVE-2018-7648,libopenjp2-7,2.3.0-2+deb10u2,unknown,9.8,CRITICAL,none,os-level,None,0,debian,"INVESTIGATE — already on latest version, CVE may be unpatched",medium
CVE-2023-31486,libperl5.28,5.28.1-6+deb10u1,unknown,8.1,HIGH,none,os-level,None,0,debian,"INVESTIGATE — already on latest version, CVE may be unpatched",medium
CVE-2021-3826,binutils,2.31.1-16,unknown,6.5,MEDIUM,none,os-level,None,0,debian,"INVESTIGATE — already on latest version, CVE may be unpatched",medium
CVE-2022-1355,libtiff-dev,4.1.0+git191117-2~deb10u2,unknown,6.1,MEDIUM,medium,os-level,None,0,debian,"INVESTIGATE — already on latest version, CVE may be unpatched",medium
CVE-2022-25147,libaprutil1,1.6.1-4,unknown,6.5,MEDIUM,medium,os-level,None,0,debian,"INVESTIGATE — already on latest version, CVE may be unpatched",medium
CVE-2020-27751,imagemagick,8:6.9.10.23+dfsg-2.1+deb10u1,unknown,3.3,LOW,low,os-level,None,0,debian,"INVESTIGATE — already on latest version, CVE may be unpatched",medium
CVE-2020-27754,imagemagick,8:6.9.10.23+dfsg-2.1+deb10u1,unknown,3.3,LOW,low,os-level,None,0,debian,"INVESTIGATE — already on latest version, CVE may be unpatched",medium
CVE-2020-27758,imagemagick,8:6.9.10.23+dfsg-2.1+deb10u1,unknown,3.3,LOW,low,os-level,None,0,debian,"INVESTIGATE — already on latest version, CVE may be unpatched",medium
CVE-2020-27759,imagemagick,8:6.9.10.23+dfsg-2.1+deb10u1,unknown,3.3,LOW,low,os-level,None,0,debian,"INVESTIGATE — already on latest version, CVE may be unpatched",medium
CVE-2020-27765,imagemagick,8:6.9.10.23+dfsg-2.1+deb10u1,unknown,3.3,LOW,low,os-level,None,0,debian,"INVESTIGATE — already on latest version, CVE may be unpatched",medium
CVE-2020-27767,imagemagick,8:6.9.10.23+dfsg-2.1+deb10u1,unknown,3.3,LOW,low,os-level,None,0,debian,"INVESTIGATE — already on latest version, CVE may be unpatched",medium
CVE-2020-27772,imagemagick,8:6.9.10.23+dfsg-2.1+deb10u1,unknown,3.3,LOW,low,os-level,None,0,debian,"INVESTIGATE — already on latest version, CVE may be unpatched",medium
CVE-2020-27773,imagemagick,8:6.9.10.23+dfsg-2.1+deb10u1,unknown,3.3,LOW,low,os-level,None,0,debian,"INVESTIGATE — already on latest version, CVE may be unpatched",medium
CVE-2020-27774,imagemagick,8:6.9.10.23+dfsg-2.1+deb10u1,unknown,3.3,LOW,low,os-level,None,0,debian,"INVESTIGATE — already on latest version, CVE may be unpatched",medium
CVE-2020-27775,imagemagick,8:6.9.10.23+dfsg-2.1+deb10u1,unknown,3.3,LOW,low,os-level,None,0,debian,"INVESTIGATE — already on latest version, CVE may be unpatched",medium
CVE-2017-9937,libjbig-dev,2.1-3.1+b2,unknown,6.5,MEDIUM,none,os-level,None,0,debian,"INVESTIGATE — already on latest version, CVE may be unpatched",medium
CVE-2017-11754,imagemagick,8:6.9.10.23+dfsg-2.1+deb10u1,unknown,6.5,MEDIUM,none,os-level,None,0,debian,"INVESTIGATE — already on latest version, CVE may be unpatched",medium
CVE-2017-11755,imagemagick,8:6.9.10.23+dfsg-2.1+deb10u1,unknown,6.5,MEDIUM,none,os-level,None,0,debian,"INVESTIGATE — already on latest version, CVE may be unpatched",medium
CVE-2020-27769,imagemagick,8:6.9.10.23+dfsg-2.1+deb10u1,unknown,3.3,LOW,low,os-level,None,0,debian,"INVESTIGATE — already on latest version, CVE may be unpatched",medium
CVE-2018-6829,libgcrypt20,1.8.4-5,unknown,7.5,HIGH,none,os-level,None,0,debian,"INVESTIGATE — already on latest version, CVE may be unpatched",medium
CVE-2022-47655,libde265-0,1.0.3-1+b1,unknown,7.8,HIGH,high,os-level,None,0,debian,"INVESTIGATE — already on latest version, CVE may be unpatched",medium
CVE-2016-2781,coreutils,8.30-3,unknown,4.6,MEDIUM,low,os-level,None,0,debian,"INVESTIGATE — already on latest version, CVE may be unpatched",medium
CVE-2018-12699,binutils,2.31.1-16,unknown,9.8,CRITICAL,none,os-level,None,0,debian,"INVESTIGATE — already on latest version, CVE may be unpatched",medium
CVE-2018-19931,binutils,2.31.1-16,unknown,7.8,HIGH,none,os-level,None,0,debian,"INVESTIGATE — already on latest version, CVE may be unpatched",medium
CVE-2012-0039,libglib2.0-0,2.58.3-2+deb10u2,unknown,7.5,HIGH,none,os-level,None,0,debian,"INVESTIGATE — already on latest version, CVE may be unpatched",medium
CVE-2017-15232,libjpeg-dev,1:1.5.2-2+deb10u1,unknown,6.5,MEDIUM,none,os-level,None,0,debian,"INVESTIGATE — already on latest version, CVE may be unpatched",medium
CVE-2023-25815,git,1:2.20.1-2+deb10u3,unknown,3.3,LOW,low,os-level,None,0,debian,"INVESTIGATE — already on latest version, CVE may be unpatched",medium
CVE-2026-21637,node,16.0.0,unknown,7.5,HIGH,high,unknown,None,0,unknown,"INVESTIGATE — already on latest version, CVE may be unpatched",medium
CVE-2016-9114,libopenjp2-7,2.3.0-2+deb10u2,unknown,7.5,HIGH,none,os-level,None,0,debian,"INVESTIGATE — already on latest version, CVE may be unpatched",medium
GHSA-65ch-62r8-g69g,node-forge,0.10.0,1.3.3,None,MEDIUM,medium,transitive,4,1,npm,"UPGRADE — update from 0.10.0 to 1.3.3",low
CVE-2022-31624,libmariadb-dev,1:10.3.27-0+deb10u1,unknown,5.5,MEDIUM,medium,os-level,None,0,debian,"INVESTIGATE — already on latest version, CVE may be unpatched",medium
CVE-2018-17794,binutils,2.31.1-16,unknown,6.5,MEDIUM,none,os-level,None,0,debian,"INVESTIGATE — already on latest version, CVE may be unpatched",medium
CVE-2018-20846,libopenjp2-7,2.3.0-2+deb10u2,unknown,6.5,MEDIUM,none,os-level,None,0,debian,"INVESTIGATE — already on latest version, CVE may be unpatched",medium
CVE-2022-25309,libfribidi0,1.0.5-3.1+deb10u1,unknown,5.5,MEDIUM,medium,os-level,None,0,debian,"INVESTIGATE — already on latest version, CVE may be unpatched",medium
CVE-2019-9070,binutils,2.31.1-16,unknown,7.8,HIGH,none,os-level,None,0,debian,"INVESTIGATE — already on latest version, CVE may be unpatched",medium
CVE-2016-9113,libopenjp2-7,2.3.0-2+deb10u2,unknown,7.5,HIGH,none,os-level,None,0,debian,"INVESTIGATE — already on latest version, CVE may be unpatched",medium
CVE-2018-17358,binutils,2.31.1-16,unknown,5.5,MEDIUM,none,os-level,None,0,debian,"INVESTIGATE — already on latest version, CVE may be unpatched",medium
CVE-2018-18701,binutils,2.31.1-16,unknown,5.5,MEDIUM,none,os-level,None,0,debian,"INVESTIGATE — already on latest version, CVE may be unpatched",medium
CVE-2021-46661,libmariadb-dev,1:10.3.27-0+deb10u1,unknown,5.5,MEDIUM,medium,os-level,None,0,debian,"INVESTIGATE — already on latest version, CVE may be unpatched",medium
CVE-2021-46663,libmariadb-dev,1:10.3.27-0+deb10u1,unknown,5.5,MEDIUM,medium,os-level,None,0,debian,"INVESTIGATE — already on latest version, CVE may be unpatched",medium
CVE-2021-46664,libmariadb-dev,1:10.3.27-0+deb10u1,unknown,5.5,MEDIUM,medium,os-level,None,0,debian,"INVESTIGATE — already on latest version, CVE may be unpatched",medium
CVE-2021-46665,libmariadb-dev,1:10.3.27-0+deb10u1,unknown,5.5,MEDIUM,medium,os-level,None,0,debian,"INVESTIGATE — already on latest version, CVE may be unpatched",medium
CVE-2019-13627,libgcrypt20,1.8.4-5,unknown,6.3,MEDIUM,medium,os-level,None,0,debian,"INVESTIGATE — already on latest version, CVE may be unpatched",medium
CVE-2018-17360,binutils,2.31.1-16,unknown,5.5,MEDIUM,none,os-level,None,0,debian,"INVESTIGATE — already on latest version, CVE may be unpatched",medium
CVE-2018-16375,libopenjp2-7,2.3.0-2+deb10u2,unknown,8.8,HIGH,none,os-level,None,0,debian,"INVESTIGATE — already on latest version, CVE may be unpatched",medium
CVE-2023-39804,tar,1.30+dfsg-6,7.5.9,6.2,MEDIUM,medium,transitive,3,1,npm,"UPGRADE — update from 1.30+dfsg-6 to 7.5.9",low
CVE-2019-14444,binutils,2.31.1-16,unknown,5.5,MEDIUM,none,os-level,None,0,debian,"INVESTIGATE — already on latest version, CVE may be unpatched",medium
CVE-2017-7245,libpcre16-3,2:8.39-12,unknown,7.8,HIGH,none,os-level,None,0,debian,"INVESTIGATE — already on latest version, CVE may be unpatched",medium
CVE-2022-0891,libtiff-dev,4.1.0+git191117-2~deb10u2,unknown,6.1,MEDIUM,high,os-level,None,0,debian,"INVESTIGATE — already on latest version, CVE may be unpatched",medium
CVE-2018-19932,binutils,2.31.1-16,unknown,5.5,MEDIUM,none,os-level,None,0,debian,"INVESTIGATE — already on latest version, CVE may be unpatched",medium
CVE-2018-18605,binutils,2.31.1-16,unknown,5.5,MEDIUM,none,os-level,None,0,debian,"INVESTIGATE — already on latest version, CVE may be unpatched",medium
CVE-2021-46659,libmariadb-dev,1:10.3.27-0+deb10u1,unknown,5.5,MEDIUM,medium,os-level,None,0,debian,"INVESTIGATE — already on latest version, CVE may be unpatched",medium
CVE-2020-27776,imagemagick,8:6.9.10.23+dfsg-2.1+deb10u1,unknown,3.3,LOW,low,os-level,None,0,debian,"INVESTIGATE — already on latest version, CVE may be unpatched",medium
GHSA-52f5-9888-hmc6,tmp,0.0.30,0.2.5,None,LOW,low,transitive,2,5,npm,"UPGRADE — update from 0.0.30 to 0.2.5",low
CVE-2017-7275,imagemagick,8:6.9.10.23+dfsg-2.1+deb10u1,unknown,5.5,MEDIUM,none,os-level,None,0,debian,"INVESTIGATE — already on latest version, CVE may be unpatched",medium
CVE-2020-27768,imagemagick,8:6.9.10.23+dfsg-2.1+deb10u1,unknown,3.3,LOW,low,os-level,None,0,debian,"INVESTIGATE — already on latest version, CVE may be unpatched",medium
CVE-2022-0865,libtiff-dev,4.1.0+git191117-2~deb10u2,unknown,5.5,MEDIUM,medium,os-level,None,0,debian,"INVESTIGATE — already on latest version, CVE may be unpatched",medium
CVE-2022-3626,libtiff-dev,4.1.0+git191117-2~deb10u2,unknown,5.5,MEDIUM,medium,os-level,None,0,debian,"INVESTIGATE — already on latest version, CVE may be unpatched",medium
CVE-2022-3599,libtiff-dev,4.1.0+git191117-2~deb10u2,unknown,5.5,MEDIUM,medium,os-level,None,0,debian,"INVESTIGATE — already on latest version, CVE may be unpatched",medium
CVE-2022-3598,libtiff-dev,4.1.0+git191117-2~deb10u2,unknown,5.5,MEDIUM,medium,os-level,None,0,debian,"INVESTIGATE — already on latest version, CVE may be unpatched",medium
CVE-2019-9923,tar,1.30+dfsg-6,7.5.9,7.5,HIGH,none,transitive,3,1,npm,"UPGRADE — update from 1.30+dfsg-6 to 7.5.9",low
CVE-2022-1354,libtiff-dev,4.1.0+git191117-2~deb10u2,unknown,5.5,MEDIUM,medium,os-level,None,0,debian,"INVESTIGATE — already on latest version, CVE may be unpatched",medium
CVE-2016-9580,libopenjp2-7,2.3.0-2+deb10u2,unknown,3.3,LOW,none,os-level,None,0,debian,"INVESTIGATE — already on latest version, CVE may be unpatched",medium
CVE-2021-36368,openssh-client,1:7.9p1-10+deb10u2,unknown,3.7,LOW,none,os-level,None,0,debian,"INVESTIGATE — already on latest version, CVE may be unpatched",medium
CVE-2010-4756,libc-bin,2.28-10,unknown,None,,none,os-level,None,0,debian,"INVESTIGATE — already on latest version, CVE may be unpatched",medium
CVE-2020-16591,binutils,2.31.1-16,unknown,5.5,MEDIUM,none,os-level,None,0,debian,"INVESTIGATE — already on latest version, CVE may be unpatched",medium
GHSA-9r2w-394v-53qc,tar,6.1.0,7.5.9,None,HIGH,high,transitive,3,1,npm,"UPGRADE — update from 6.1.0 to 7.5.9",low
GHSA-34x7-hfp2-rc4v,tar,4.4.19,7.5.9,None,HIGH,high,transitive,3,1,npm,"UPGRADE — update from 4.4.19 to 7.5.9",low
CVE-2023-32611,libglib2.0-0,2.58.3-2+deb10u2,unknown,5.5,MEDIUM,medium,os-level,None,0,debian,"INVESTIGATE — already on latest version, CVE may be unpatched",medium
CVE-2022-25310,libfribidi0,1.0.5-3.1+deb10u1,unknown,5.5,MEDIUM,medium,os-level,None,0,debian,"INVESTIGATE — already on latest version, CVE may be unpatched",medium
CVE-2018-9996,binutils,2.31.1-16,unknown,5.5,MEDIUM,none,os-level,None,0,debian,"INVESTIGATE — already on latest version, CVE may be unpatched",medium
GHSA-9jgg-88mc-972h,webpack-dev-server,3.3.1,5.2.3,None,MEDIUM,medium,transitive,2,1,npm,"UPGRADE — update from 3.3.1 to 5.2.3",low
CVE-2022-0908,libtiff-dev,4.1.0+git191117-2~deb10u2,unknown,7.7,HIGH,medium,os-level,None,0,debian,"INVESTIGATE — already on latest version, CVE may be unpatched",medium
CVE-2023-5341,imagemagick,8:6.9.10.23+dfsg-2.1+deb10u1,unknown,6.2,MEDIUM,medium,os-level,None,0,debian,"INVESTIGATE — already on latest version, CVE may be unpatched",medium
CVE-2021-46667,libmariadb-dev,1:10.3.27-0+deb10u1,unknown,5.5,MEDIUM,medium,os-level,None,0,debian,"INVESTIGATE — already on latest version, CVE may be unpatched",medium
CVE-2021-45346,libsqlite3-0,3.27.2-3+deb10u1,unknown,4.3,MEDIUM,none,os-level,None,0,debian,"INVESTIGATE — already on latest version, CVE may be unpatched",medium
CVE-2017-14988,libopenexr-dev,2.2.1-4.1+deb10u1,unknown,5.5,MEDIUM,none,os-level,None,0,debian,"INVESTIGATE — already on latest version, CVE may be unpatched",medium
CVE-2016-9115,libopenjp2-7,2.3.0-2+deb10u2,unknown,6.5,MEDIUM,none,os-level,None,0,debian,"INVESTIGATE — already on latest version, CVE may be unpatched",medium
CVE-2018-18607,binutils,2.31.1-16,unknown,5.5,MEDIUM,none,os-level,None,0,debian,"INVESTIGATE — already on latest version, CVE may be unpatched",medium
CVE-2018-1000021,git,1:2.20.1-2+deb10u3,unknown,5.0,MEDIUM,none,os-level,None,0,debian,"INVESTIGATE — already on latest version, CVE may be unpatched",medium
CVE-2022-38791,libmariadb-dev,1:10.3.27-0+deb10u1,unknown,5.5,MEDIUM,medium,os-level,None,0,debian,"INVESTIGATE — already on latest version, CVE may be unpatched",medium
CVE-2018-18443,libopenexr-dev,2.2.1-4.1+deb10u1,unknown,4.3,MEDIUM,none,os-level,None,0,debian,"INVESTIGATE — already on latest version, CVE may be unpatched",medium
CVE-2021-46668,libmariadb-dev,1:10.3.27-0+deb10u1,unknown,5.5,MEDIUM,medium,os-level,None,0,debian,"INVESTIGATE — already on latest version, CVE may be unpatched",medium
CVE-2022-31622,libmariadb-dev,1:10.3.27-0+deb10u1,unknown,5.5,MEDIUM,medium,os-level,None,0,debian,"INVESTIGATE — already on latest version, CVE may be unpatched",medium
CVE-2017-5563,libtiff-dev,4.1.0+git191117-2~deb10u2,unknown,8.8,HIGH,none,os-level,None,0,debian,"INVESTIGATE — already on latest version, CVE may be unpatched",medium
CVE-2016-9581,libopenjp2-7,2.3.0-2+deb10u2,unknown,3.3,LOW,none,os-level,None,0,debian,"INVESTIGATE — already on latest version, CVE may be unpatched",medium
CVE-2023-24752,libde265-0,1.0.3-1+b1,unknown,5.5,MEDIUM,medium,os-level,None,0,debian,"INVESTIGATE — already on latest version, CVE may be unpatched",medium
CVE-2023-24754,libde265-0,1.0.3-1+b1,unknown,5.5,MEDIUM,medium,os-level,None,0,debian,"INVESTIGATE — already on latest version, CVE may be unpatched",medium
CVE-2023-24755,libde265-0,1.0.3-1+b1,unknown,5.5,MEDIUM,medium,os-level,None,0,debian,"INVESTIGATE — already on latest version, CVE may be unpatched",medium
CVE-2023-24756,libde265-0,1.0.3-1+b1,unknown,5.5,MEDIUM,medium,os-level,None,0,debian,"INVESTIGATE — already on latest version, CVE may be unpatched",medium
CVE-2023-24758,libde265-0,1.0.3-1+b1,unknown,5.5,MEDIUM,medium,os-level,None,0,debian,"INVESTIGATE — already on latest version, CVE may be unpatched",medium
CVE-2021-20224,imagemagick,8:6.9.10.23+dfsg-2.1+deb10u1,unknown,5.5,MEDIUM,medium,os-level,None,0,debian,"INVESTIGATE — already on latest version, CVE may be unpatched",medium
CVE-2022-4415,libsystemd0,241-7~deb10u7,unknown,5.5,MEDIUM,medium,os-level,None,0,debian,"INVESTIGATE — already on latest version, CVE may be unpatched",medium
CVE-2022-31623,libmariadb-dev,1:10.3.27-0+deb10u1,unknown,5.5,MEDIUM,medium,os-level,None,0,debian,"INVESTIGATE — already on latest version, CVE may be unpatched",medium
CVE-2022-31621,libmariadb-dev,1:10.3.27-0+deb10u1,unknown,5.5,MEDIUM,medium,os-level,None,0,debian,"INVESTIGATE — already on latest version, CVE may be unpatched",medium
CVE-2023-25435,libtiff-dev,4.1.0+git191117-2~deb10u2,unknown,5.5,MEDIUM,medium,os-level,None,0,debian,"INVESTIGATE — already on latest version, CVE may be unpatched",medium
CVE-2020-16592,binutils,2.31.1-16,unknown,5.5,MEDIUM,none,os-level,None,0,debian,"INVESTIGATE — already on latest version, CVE may be unpatched",medium
CVE-2018-11813,libjpeg-dev,1:1.5.2-2+deb10u1,unknown,7.5,HIGH,none,os-level,None,0,debian,"INVESTIGATE — already on latest version, CVE may be unpatched",medium
GHSA-jrmj-c5cx-3cw6,@angular/compiler,8.2.14,21.1.4,None,HIGH,high,direct,1,2,npm,"UPGRADE — update from 8.2.14 to 21.1.4",low
CVE-2025-55131,node,16.0.0,unknown,7.1,HIGH,high,unknown,None,0,unknown,"INVESTIGATE — already on latest version, CVE may be unpatched",medium
CVE-2020-16590,binutils,2.31.1-16,unknown,5.5,MEDIUM,none,os-level,None,0,debian,"INVESTIGATE — already on latest version, CVE may be unpatched",medium
CVE-2020-16593,binutils,2.31.1-16,unknown,5.5,MEDIUM,none,os-level,None,0,debian,"INVESTIGATE — already on latest version, CVE may be unpatched",medium
GHSA-w7fw-mjwx-w883,qs,6.11.0,6.15.0,None,LOW,low,transitive,3,3,npm,"UPGRADE — update from 6.11.0 to 6.15.0",low
CVE-2018-20623,binutils,2.31.1-16,unknown,5.5,MEDIUM,none,os-level,None,0,debian,"INVESTIGATE — already on latest version, CVE may be unpatched",medium
CVE-2025-23167,node,16.0.0,unknown,6.5,MEDIUM,medium,unknown,None,0,unknown,"INVESTIGATE — already on latest version, CVE may be unpatched",medium
CVE-2020-16156,libperl5.28,5.28.1-6+deb10u1,unknown,7.8,HIGH,high,os-level,None,0,debian,"INVESTIGATE — already on latest version, CVE may be unpatched",medium
GHSA-73rr-hh4g-fpgx,diff,3.5.0,8.0.3,None,LOW,low,transitive,2,2,npm,"UPGRADE — update from 3.5.0 to 8.0.3",low
CVE-2019-6461,libcairo-gobject2,1.16.0-4+deb10u1,unknown,6.5,MEDIUM,low,os-level,None,0,debian,"INVESTIGATE — already on latest version, CVE may be unpatched",medium
CVE-2020-17541,libjpeg-dev,1:1.5.2-2+deb10u1,unknown,8.8,HIGH,none,os-level,None,0,debian,"INVESTIGATE — already on latest version, CVE may be unpatched",medium
CVE-2018-20002,binutils,2.31.1-16,unknown,5.5,MEDIUM,none,os-level,None,0,debian,"INVESTIGATE — already on latest version, CVE may be unpatched",medium
CVE-2018-17359,binutils,2.31.1-16,unknown,5.5,MEDIUM,none,os-level,None,0,debian,"INVESTIGATE — already on latest version, CVE may be unpatched",medium
CVE-2019-1010023,libc-bin,2.28-10,unknown,5.4,MEDIUM,none,os-level,None,0,debian,"INVESTIGATE — already on latest version, CVE may be unpatched",medium
CVE-2022-31782,libfreetype6,2.9.1-3+deb10u2,unknown,7.8,HIGH,none,os-level,None,0,debian,"INVESTIGATE — already on latest version, CVE may be unpatched",medium
CVE-2019-1010180,binutils,2.31.1-16,unknown,7.8,HIGH,none,os-level,None,0,debian,"INVESTIGATE — already on latest version, CVE may be unpatched",medium
CVE-2019-25033,libunbound8,1.9.0-2+deb10u2,unknown,9.8,CRITICAL,none,os-level,None,0,debian,"INVESTIGATE — already on latest version, CVE may be unpatched",medium
CVE-2024-32021,git,1:2.20.1-2+deb10u3,unknown,3.9,LOW,high,os-level,None,0,debian,"INVESTIGATE — already on latest version, CVE may be unpatched",medium
CVE-2019-6462,libcairo-gobject2,1.16.0-4+deb10u1,unknown,6.5,MEDIUM,low,os-level,None,0,debian,"INVESTIGATE — already on latest version, CVE may be unpatched",medium
CVE-2019-20838,libpcre16-3,2:8.39-12,unknown,7.5,HIGH,none,os-level,None,0,debian,"INVESTIGATE — already on latest version, CVE may be unpatched",medium
CVE-2018-9138,binutils,2.31.1-16,unknown,5.5,MEDIUM,none,os-level,None,0,debian,"INVESTIGATE — already on latest version, CVE may be unpatched",medium
CVE-2018-10126,libtiff-dev,4.1.0+git191117-2~deb10u2,unknown,6.5,MEDIUM,none,os-level,None,0,debian,"INVESTIGATE — already on latest version, CVE may be unpatched",medium
CVE-2022-3597,libtiff-dev,4.1.0+git191117-2~deb10u2,unknown,5.5,MEDIUM,medium,os-level,None,0,debian,"INVESTIGATE — already on latest version, CVE may be unpatched",medium
CVE-2022-3627,libtiff-dev,4.1.0+git191117-2~deb10u2,unknown,5.5,MEDIUM,medium,os-level,None,0,debian,"INVESTIGATE — already on latest version, CVE may be unpatched",medium
CVE-2025-59466,node,16.0.0,unknown,None,,high,unknown,None,0,unknown,"INVESTIGATE — already on latest version, CVE may be unpatched",medium
CVE-2019-19645,libsqlite3-0,3.27.2-3+deb10u1,unknown,None,,none,os-level,None,0,debian,"INVESTIGATE — already on latest version, CVE may be unpatched",medium
CVE-2019-9077,binutils,2.31.1-16,unknown,None,,none,os-level,None,0,debian,"INVESTIGATE — already on latest version, CVE may be unpatched",medium
CVE-2023-26966,libtiff-dev,4.1.0+git191117-2~deb10u2,unknown,None,,medium,os-level,None,0,debian,"INVESTIGATE — already on latest version, CVE may be unpatched",medium
CVE-2018-18309,binutils,2.31.1-16,unknown,None,,none,os-level,None,0,debian,"INVESTIGATE — already on latest version, CVE may be unpatched",medium
CVE-2023-30588,node,16.0.0,unknown,None,,medium,unknown,None,0,unknown,"INVESTIGATE — already on latest version, CVE may be unpatched",medium
CVE-2023-23918,node,16.0.0,unknown,None,,high,unknown,None,0,unknown,"INVESTIGATE — already on latest version, CVE may be unpatched",medium
CVE-2019-6129,libpng-dev,1.6.36-6,unknown,None,,none,os-level,None,0,debian,"INVESTIGATE — already on latest version, CVE may be unpatched",medium
CVE-2022-2867,libtiff-dev,4.1.0+git191117-2~deb10u2,unknown,None,,medium,os-level,None,0,debian,"INVESTIGATE — already on latest version, CVE may be unpatched",medium
CVE-2019-20795,iproute2,4.20.0-2+deb10u1,unknown,None,,medium,os-level,None,0,debian,"INVESTIGATE — already on latest version, CVE may be unpatched",medium
CVE-2019-9075,binutils,2.31.1-16,unknown,None,,none,os-level,None,0,debian,"INVESTIGATE — already on latest version, CVE may be unpatched",medium
CVE-2022-2868,libtiff-dev,4.1.0+git191117-2~deb10u2,unknown,5.5,MEDIUM,medium,os-level,None,0,debian,"INVESTIGATE — already on latest version, CVE may be unpatched",medium
CVE-2023-25433,libtiff-dev,4.1.0+git191117-2~deb10u2,unknown,None,,medium,os-level,None,0,debian,"INVESTIGATE — already on latest version, CVE may be unpatched",medium
CVE-2019-9073,binutils,2.31.1-16,unknown,5.5,MEDIUM,none,os-level,None,0,debian,"INVESTIGATE — already on latest version, CVE may be unpatched",medium
CVE-2021-45261,patch,2.7.6-3+deb10u1,unknown,None,,none,os-level,None,0,debian,"INVESTIGATE — already on latest version, CVE may be unpatched",medium
CVE-2007-2243,openssh-client,1:7.9p1-10+deb10u2,unknown,None,,none,os-level,None,0,debian,"INVESTIGATE — already on latest version, CVE may be unpatched",medium
CVE-2020-35538,libjpeg-dev,1:1.5.2-2+deb10u1,unknown,5.5,MEDIUM,medium,os-level,None,0,debian,"INVESTIGATE — already on latest version, CVE may be unpatched",medium
CVE-2022-2869,libtiff-dev,4.1.0+git191117-2~deb10u2,unknown,5.5,MEDIUM,medium,os-level,None,0,debian,"INVESTIGATE — already on latest version, CVE may be unpatched",medium
CVE-2021-46195,binutils,2.31.1-16,unknown,5.5,MEDIUM,none,os-level,None,0,debian,"INVESTIGATE — already on latest version, CVE may be unpatched",medium
CVE-2021-26945,libopenexr-dev,2.2.1-4.1+deb10u1,unknown,5.5,MEDIUM,none,os-level,None,0,debian,"INVESTIGATE — already on latest version, CVE may be unpatched",medium
CVE-2019-19244,libsqlite3-0,3.27.2-3+deb10u1,unknown,7.5,HIGH,none,os-level,None,0,debian,"INVESTIGATE — already on latest version, CVE may be unpatched",medium
CVE-2023-30581,node,16.0.0,unknown,7.5,HIGH,high,unknown,None,0,unknown,"INVESTIGATE — already on latest version, CVE may be unpatched",medium
CVE-2024-26462,krb5-multidev,1.17-3+deb10u1,unknown,5.5,MEDIUM,medium,os-level,None,0,debian,"INVESTIGATE — already on latest version, CVE may be unpatched",medium
CVE-2018-18483,binutils,2.31.1-16,unknown,None,,none,os-level,None,0,debian,"INVESTIGATE — already on latest version, CVE may be unpatched",medium
GHSA-qq89-hq3f-393p,tar,6.1.0,7.5.9,None,HIGH,high,transitive,3,1,npm,"UPGRADE — update from 6.1.0 to 7.5.9",low
GHSA-r6q2-hw4h-h46w,tar,4.4.19,7.5.9,None,HIGH,high,transitive,3,1,npm,"UPGRADE — update from 4.4.19 to 7.5.9",low
CVE-2012-2663,libxtables12,1.8.2-4,unknown,None,,none,os-level,None,0,debian,"INVESTIGATE — already on latest version, CVE may be unpatched",medium
CVE-2021-3997,libsystemd0,241-7~deb10u7,unknown,5.5,MEDIUM,medium,os-level,None,0,debian,"INVESTIGATE — already on latest version, CVE may be unpatched",medium
CVE-2023-24757,libde265-0,1.0.3-1+b1,unknown,5.5,MEDIUM,medium,os-level,None,0,debian,"INVESTIGATE — already on latest version, CVE may be unpatched",medium
CVE-2023-0800,libtiff-dev,4.1.0+git191117-2~deb10u2,unknown,6.8,MEDIUM,medium,os-level,None,0,debian,"INVESTIGATE — already on latest version, CVE may be unpatched",medium
CVE-2023-0801,libtiff-dev,4.1.0+git191117-2~deb10u2,unknown,6.8,MEDIUM,medium,os-level,None,0,debian,"INVESTIGATE — already on latest version, CVE may be unpatched",medium
CVE-2023-0802,libtiff-dev,4.1.0+git191117-2~deb10u2,unknown,6.8,MEDIUM,medium,os-level,None,0,debian,"INVESTIGATE — already on latest version, CVE may be unpatched",medium
CVE-2023-0803,libtiff-dev,4.1.0+git191117-2~deb10u2,unknown,6.8,MEDIUM,medium,os-level,None,0,debian,"INVESTIGATE — already on latest version, CVE may be unpatched",medium
CVE-2023-3316,libtiff-dev,4.1.0+git191117-2~deb10u2,unknown,5.9,MEDIUM,medium,os-level,None,0,debian,"INVESTIGATE — already on latest version, CVE may be unpatched",medium
CVE-2017-13716,binutils,2.31.1-16,unknown,5.5,MEDIUM,none,os-level,None,0,debian,"INVESTIGATE — already on latest version, CVE may be unpatched",medium
CVE-2023-30774,libtiff-dev,4.1.0+git191117-2~deb10u2,unknown,5.5,MEDIUM,medium,os-level,None,0,debian,"INVESTIGATE — already on latest version, CVE may be unpatched",medium
CVE-2020-35493,binutils,2.31.1-16,unknown,5.5,MEDIUM,none,os-level,None,0,debian,"INVESTIGATE — already on latest version, CVE may be unpatched",medium
CVE-2023-29383,login,1:4.5-1.1,unknown,3.3,LOW,low,os-level,None,0,debian,"INVESTIGATE — already on latest version, CVE may be unpatched",medium
CVE-2020-15719,libldap-2.4-2,2.4.47+dfsg-3+deb10u6,unknown,None,,none,os-level,None,0,debian,"INVESTIGATE — already on latest version, CVE may be unpatched",medium
CVE-2019-12972,binutils,2.31.1-16,unknown,5.5,MEDIUM,none,os-level,None,0,debian,"INVESTIGATE — already on latest version, CVE may be unpatched",medium
CVE-2016-8678,imagemagick,8:6.9.10.23+dfsg-2.1+deb10u1,unknown,5.5,MEDIUM,none,os-level,None,0,debian,"INVESTIGATE — already on latest version, CVE may be unpatched",medium
CVE-2022-3821,libsystemd0,241-7~deb10u7,unknown,5.5,MEDIUM,medium,os-level,None,0,debian,"INVESTIGATE — already on latest version, CVE may be unpatched",medium
CVE-2023-3576,libtiff-dev,4.1.0+git191117-2~deb10u2,unknown,5.5,MEDIUM,medium,os-level,None,0,debian,"INVESTIGATE — already on latest version, CVE may be unpatched",medium
CVE-2021-3574,imagemagick,8:6.9.10.23+dfsg-2.1+deb10u1,unknown,3.3,LOW,low,os-level,None,0,debian,"INVESTIGATE — already on latest version, CVE may be unpatched",medium
GHSA-mh29-5h37-fv8m,js-yaml,3.13.1,4.1.1,None,MEDIUM,medium,transitive,2,3,npm,"UPGRADE — update from 3.13.1 to 4.1.1",low
CVE-2020-35496,binutils,2.31.1-16,unknown,5.5,MEDIUM,none,os-level,None,0,debian,"INVESTIGATE — already on latest version, CVE may be unpatched",medium
CVE-2020-35507,binutils,2.31.1-16,unknown,5.5,MEDIUM,none,os-level,None,0,debian,"INVESTIGATE — already on latest version, CVE may be unpatched",medium
CVE-2024-2379,curl,7.64.0-4+deb10u2,unknown,6.3,MEDIUM,none,os-level,None,0,debian,"INVESTIGATE — already on latest version, CVE may be unpatched",medium
CVE-2021-27645,libc-bin,2.28-10,unknown,2.5,LOW,low,os-level,None,0,debian,"INVESTIGATE — already on latest version, CVE may be unpatched",medium
CVE-2019-16905,openssh-client,1:7.9p1-10+deb10u2,unknown,7.8,HIGH,none,os-level,None,0,debian,"INVESTIGATE — already on latest version, CVE may be unpatched",medium
CVE-2007-5686,login,1:4.5-1.1,unknown,None,,none,os-level,None,0,debian,"INVESTIGATE — already on latest version, CVE may be unpatched",medium
CVE-2021-4217,unzip,6.0-23+deb10u2,unknown,3.3,LOW,none,os-level,None,0,debian,"INVESTIGATE — already on latest version, CVE may be unpatched",medium
CVE-2021-22922,curl,7.64.0-4+deb10u2,unknown,6.5,MEDIUM,none,os-level,None,0,debian,"INVESTIGATE — already on latest version, CVE may be unpatched",medium
CVE-2021-3549,binutils,2.31.1-16,unknown,7.1,HIGH,none,os-level,None,0,debian,"INVESTIGATE — already on latest version, CVE may be unpatched",medium
CVE-2019-14250,binutils,2.31.1-16,unknown,5.5,MEDIUM,none,os-level,None,0,debian,"INVESTIGATE — already on latest version, CVE may be unpatched",medium
CVE-2020-35457,libglib2.0-0,2.58.3-2+deb10u2,unknown,7.8,HIGH,none,os-level,None,0,debian,"INVESTIGATE — already on latest version, CVE may be unpatched",medium
CVE-2019-16709,imagemagick,8:6.9.10.23+dfsg-2.1+deb10u1,unknown,6.5,MEDIUM,none,os-level,None,0,debian,"INVESTIGATE — already on latest version, CVE may be unpatched",medium
CVE-2011-4116,libperl5.28,5.28.1-6+deb10u1,unknown,3.3,LOW,none,os-level,None,0,debian,"INVESTIGATE — already on latest version, CVE may be unpatched",medium
CVE-2018-17985,binutils,2.31.1-16,unknown,5.5,MEDIUM,none,os-level,None,0,debian,"INVESTIGATE — already on latest version, CVE may be unpatched",medium
CVE-2023-0804,libtiff-dev,4.1.0+git191117-2~deb10u2,unknown,6.8,MEDIUM,medium,os-level,None,0,debian,"INVESTIGATE — already on latest version, CVE may be unpatched",medium
CVE-2021-45078,binutils,2.31.1-16,unknown,7.8,HIGH,none,os-level,None,0,debian,"INVESTIGATE — already on latest version, CVE may be unpatched",medium
CVE-2023-4641,login,1:4.5-1.1,unknown,4.7,MEDIUM,medium,os-level,None,0,debian,"INVESTIGATE — already on latest version, CVE may be unpatched",medium
CVE-2021-20304,libopenexr-dev,2.2.1-4.1+deb10u1,unknown,7.5,HIGH,none,os-level,None,0,debian,"INVESTIGATE — already on latest version, CVE may be unpatched",medium
CVE-2019-9071,binutils,2.31.1-16,unknown,5.5,MEDIUM,none,os-level,None,0,debian,"INVESTIGATE — already on latest version, CVE may be unpatched",medium
CVE-2019-20386,libsystemd0,241-7~deb10u7,unknown,2.4,LOW,none,os-level,None,0,debian,"INVESTIGATE — already on latest version, CVE may be unpatched",medium
CVE-2018-18484,binutils,2.31.1-16,unknown,5.5,MEDIUM,none,os-level,None,0,debian,"INVESTIGATE — already on latest version, CVE may be unpatched",medium
CVE-2019-1010204,binutils,2.31.1-16,unknown,5.5,MEDIUM,none,os-level,None,0,debian,"INVESTIGATE — already on latest version, CVE may be unpatched",medium
GHSA-8qq5-rm4j-mr97,tar,4.4.19,7.5.9,None,HIGH,high,transitive,3,1,npm,"UPGRADE — update from 4.4.19 to 7.5.9",low
CVE-2022-40090,libtiff-dev,4.1.0+git191117-2~deb10u2,unknown,6.5,MEDIUM,medium,os-level,None,0,debian,"INVESTIGATE — already on latest version, CVE may be unpatched",medium
CVE-2023-2908,libtiff-dev,4.1.0+git191117-2~deb10u2,unknown,5.5,MEDIUM,medium,os-level,None,0,debian,"INVESTIGATE — already on latest version, CVE may be unpatched",medium
CVE-2018-1000876,binutils,2.31.1-16,unknown,7.8,HIGH,none,os-level,None,0,debian,"INVESTIGATE — already on latest version, CVE may be unpatched",medium
CVE-2020-35448,binutils,2.31.1-16,unknown,3.3,LOW,none,os-level,None,0,debian,"INVESTIGATE — already on latest version, CVE may be unpatched",medium
CVE-2019-1010022,libc-bin,2.28-10,unknown,9.8,CRITICAL,none,os-level,None,0,debian,"INVESTIGATE — already on latest version, CVE may be unpatched",medium
CVE-2021-4214,libpng-dev,1.6.36-6,unknown,5.5,MEDIUM,none,os-level,None,0,debian,"INVESTIGATE — already on latest version, CVE may be unpatched",medium
CVE-2023-31437,libsystemd0,241-7~deb10u7,unknown,5.3,MEDIUM,none,os-level,None,0,debian,"INVESTIGATE — already on latest version, CVE may be unpatched",medium
CVE-2023-0799,libtiff-dev,4.1.0+git191117-2~deb10u2,unknown,6.8,MEDIUM,medium,os-level,None,0,debian,"INVESTIGATE — already on latest version, CVE may be unpatched",medium
CVE-2023-51792,libde265-0,1.0.3-1+b1,unknown,3.3,LOW,low,os-level,None,0,debian,"INVESTIGATE — already on latest version, CVE may be unpatched",medium
CVE-2021-20311,imagemagick,8:6.9.10.23+dfsg-2.1+deb10u1,unknown,7.5,HIGH,none,os-level,None,0,debian,"INVESTIGATE — already on latest version, CVE may be unpatched",medium
CVE-2018-1000654,libtasn1-6,4.13-3,unknown,5.5,MEDIUM,none,os-level,None,0,debian,"INVESTIGATE — already on latest version, CVE may be unpatched",medium
CVE-2005-0406,imagemagick,8:6.9.10.23+dfsg-2.1+deb10u1,unknown,5.5,MEDIUM,none,os-level,None,0,debian,"INVESTIGATE — already on latest version, CVE may be unpatched",medium
CVE-2021-22923,curl,7.64.0-4+deb10u2,unknown,5.3,MEDIUM,none,os-level,None,0,debian,"INVESTIGATE — already on latest version, CVE may be unpatched",medium
CVE-2018-20673,binutils,2.31.1-16,unknown,5.5,MEDIUM,none,os-level,None,0,debian,"INVESTIGATE — already on latest version, CVE may be unpatched",medium
CVE-2020-35495,binutils,2.31.1-16,unknown,5.5,MEDIUM,none,os-level,None,0,debian,"INVESTIGATE — already on latest version, CVE may be unpatched",medium
CVE-2007-2768,openssh-client,1:7.9p1-10+deb10u2,unknown,None,,none,os-level,None,0,debian,"INVESTIGATE — already on latest version, CVE may be unpatched",medium
CVE-2021-39212,imagemagick,8:6.9.10.23+dfsg-2.1+deb10u1,unknown,4.4,MEDIUM,low,os-level,None,0,debian,"INVESTIGATE — already on latest version, CVE may be unpatched",medium
CVE-2022-2519,libtiff-dev,4.1.0+git191117-2~deb10u2,unknown,6.5,MEDIUM,none,os-level,None,0,debian,"INVESTIGATE — already on latest version, CVE may be unpatched",medium
CVE-2022-2521,libtiff-dev,4.1.0+git191117-2~deb10u2,unknown,6.5,MEDIUM,none,os-level,None,0,debian,"INVESTIGATE — already on latest version, CVE may be unpatched",medium
CVE-2022-4645,libtiff-dev,4.1.0+git191117-2~deb10u2,unknown,6.8,MEDIUM,medium,os-level,None,0,debian,"INVESTIGATE — already on latest version, CVE may be unpatched",medium
CVE-2023-0795,libtiff-dev,4.1.0+git191117-2~deb10u2,unknown,6.8,MEDIUM,medium,os-level,None,0,debian,"INVESTIGATE — already on latest version, CVE may be unpatched",medium
CVE-2023-0796,libtiff-dev,4.1.0+git191117-2~deb10u2,unknown,6.8,MEDIUM,medium,os-level,None,0,debian,"INVESTIGATE — already on latest version, CVE may be unpatched",medium
CVE-2023-0797,libtiff-dev,4.1.0+git191117-2~deb10u2,unknown,6.8,MEDIUM,medium,os-level,None,0,debian,"INVESTIGATE — already on latest version, CVE may be unpatched",medium
CVE-2023-0798,libtiff-dev,4.1.0+git191117-2~deb10u2,unknown,6.8,MEDIUM,medium,os-level,None,0,debian,"INVESTIGATE — already on latest version, CVE may be unpatched",medium
CVE-2021-20197,binutils,2.31.1-16,unknown,6.3,MEDIUM,none,os-level,None,0,debian,"INVESTIGATE — already on latest version, CVE may be unpatched",medium
CVE-2020-35521,libtiff-dev,4.1.0+git191117-2~deb10u2,unknown,5.5,MEDIUM,none,os-level,None,0,debian,"INVESTIGATE — already on latest version, CVE may be unpatched",medium
CVE-2021-32256,binutils,2.31.1-16,unknown,6.5,MEDIUM,none,os-level,None,0,debian,"INVESTIGATE — already on latest version, CVE may be unpatched",medium
CVE-2020-35494,binutils,2.31.1-16,unknown,6.1,MEDIUM,none,os-level,None,0,debian,"INVESTIGATE — already on latest version, CVE may be unpatched",medium
CVE-2018-20671,binutils,2.31.1-16,unknown,5.5,MEDIUM,none,os-level,None,0,debian,"INVESTIGATE — already on latest version, CVE may be unpatched",medium
GHSA-v6h2-p8h4-qcjw,brace-expansion,1.1.11,5.0.2,None,LOW,low,transitive,3,4,npm,"UPGRADE — update from 1.1.11 to 5.0.2",low
CVE-2020-35342,binutils,2.31.1-16,unknown,7.5,HIGH,none,os-level,None,0,debian,"INVESTIGATE — already on latest version, CVE may be unpatched",medium
CVE-2019-13310,imagemagick,8:6.9.10.23+dfsg-2.1+deb10u1,unknown,6.5,MEDIUM,none,os-level,None,0,debian,"INVESTIGATE — already on latest version, CVE may be unpatched",medium
CVE-2021-36086,libsepol1,2.8-1,unknown,3.3,LOW,low,os-level,None,0,debian,"INVESTIGATE — already on latest version, CVE may be unpatched",medium
CVE-2017-11164,libpcre16-3,2:8.39-12,unknown,7.5,HIGH,none,os-level,None,0,debian,"INVESTIGATE — already on latest version, CVE may be unpatched",medium
CVE-2023-27538,curl,7.64.0-4+deb10u2,unknown,5.5,MEDIUM,medium,os-level,None,0,debian,"INVESTIGATE — already on latest version, CVE may be unpatched",medium
CVE-2022-48281,libtiff-dev,4.1.0+git191117-2~deb10u2,unknown,5.5,MEDIUM,medium,os-level,None,0,debian,"INVESTIGATE — already on latest version, CVE may be unpatched",medium
CVE-2019-19126,libc-bin,2.28-10,unknown,3.3,LOW,low,os-level,None,0,debian,"INVESTIGATE — already on latest version, CVE may be unpatched",medium
CVE-2024-31047,libopenexr-dev,2.2.1-4.1+deb10u1,unknown,3.3,LOW,low,os-level,None,0,debian,"INVESTIGATE — already on latest version, CVE may be unpatched",medium
CVE-2023-31438,libsystemd0,241-7~deb10u7,unknown,5.3,MEDIUM,none,os-level,None,0,debian,"INVESTIGATE — already on latest version, CVE may be unpatched",medium
CVE-2022-48564,libpython3.7-minimal,3.7.3-2+deb10u3,unknown,6.5,MEDIUM,none,os-level,None,0,debian,"INVESTIGATE — already on latest version, CVE may be unpatched",medium
CVE-2021-36085,libsepol1,2.8-1,unknown,3.3,LOW,low,os-level,None,0,debian,"INVESTIGATE — already on latest version, CVE may be unpatched",medium
CVE-2021-36087,libsepol1,2.8-1,unknown,3.3,LOW,low,os-level,None,0,debian,"INVESTIGATE — already on latest version, CVE may be unpatched",medium
CVE-2021-36084,libsepol1,2.8-1,unknown,3.3,LOW,low,os-level,None,0,debian,"INVESTIGATE — already on latest version, CVE may be unpatched",medium
CVE-2023-31439,libsystemd0,241-7~deb10u7,unknown,5.3,MEDIUM,none,os-level,None,0,debian,"INVESTIGATE — already on latest version, CVE may be unpatched",medium
CVE-2019-19882,login,1:4.5-1.1,unknown,7.8,HIGH,none,os-level,None,0,debian,"INVESTIGATE — already on latest version, CVE may be unpatched",medium
CVE-2017-14159,libldap-2.4-2,2.4.47+dfsg-3+deb10u6,unknown,4.7,MEDIUM,none,os-level,None,0,debian,"INVESTIGATE — already on latest version, CVE may be unpatched",medium
CVE-2021-30560,libxslt1-dev,1.1.32-2.2~deb10u1,unknown,8.8,HIGH,none,os-level,None,0,debian,"INVESTIGATE — already on latest version, CVE may be unpatched",medium
CVE-2017-16231,libpcre16-3,2:8.39-12,unknown,5.5,MEDIUM,none,os-level,None,0,debian,"INVESTIGATE — already on latest version, CVE may be unpatched",medium
CVE-2021-20284,binutils,2.31.1-16,unknown,5.5,MEDIUM,none,os-level,None,0,debian,"INVESTIGATE — already on latest version, CVE may be unpatched",medium
CVE-2019-9074,binutils,2.31.1-16,unknown,5.5,MEDIUM,none,os-level,None,0,debian,"INVESTIGATE — already on latest version, CVE may be unpatched",medium
CVE-2017-9117,libtiff-dev,4.1.0+git191117-2~deb10u2,unknown,4.0,MEDIUM,none,os-level,None,0,debian,"INVESTIGATE — already on latest version, CVE may be unpatched",medium
CVE-2020-13529,libsystemd0,241-7~deb10u7,unknown,6.1,MEDIUM,none,os-level,None,0,debian,"INVESTIGATE — already on latest version, CVE may be unpatched",medium
CVE-2023-26965,libtiff-dev,4.1.0+git191117-2~deb10u2,unknown,5.5,MEDIUM,medium,os-level,None,0,debian,"INVESTIGATE — already on latest version, CVE may be unpatched",medium
CVE-2020-19726,binutils,2.31.1-16,unknown,8.8,HIGH,none,os-level,None,0,debian,"INVESTIGATE — already on latest version, CVE may be unpatched",medium
CVE-2023-4016,libprocps7,2:3.3.15-2,unknown,2.5,LOW,low,os-level,None,0,debian,"INVESTIGATE — already on latest version, CVE may be unpatched",medium
CVE-2021-3426,libpython3.7-minimal,3.7.3-2+deb10u3,unknown,5.7,MEDIUM,none,os-level,None,0,debian,"INVESTIGATE — already on latest version, CVE may be unpatched",medium
GHSA-848j-6mx2-7j84,elliptic,6.5.4,6.6.1,None,LOW,low,transitive,6,2,npm,"UPGRADE — update from 6.5.4 to 6.6.1",low
CVE-2022-41409,libpcre2-8-0,10.32-5,unknown,7.5,HIGH,none,os-level,None,0,debian,"INVESTIGATE — already on latest version, CVE may be unpatched",medium
CVE-2020-27753,imagemagick,8:6.9.10.23+dfsg-2.1+deb10u1,unknown,5.5,MEDIUM,none,os-level,None,0,debian,"INVESTIGATE — already on latest version, CVE may be unpatched",medium
CVE-2023-27536,curl,7.64.0-4+deb10u2,unknown,5.9,MEDIUM,medium,os-level,None,0,debian,"INVESTIGATE — already on latest version, CVE may be unpatched",medium
CVE-2020-16599,binutils,2.31.1-16,unknown,5.5,MEDIUM,none,os-level,None,0,debian,"INVESTIGATE — already on latest version, CVE may be unpatched",medium
CVE-2022-3570,libtiff-dev,4.1.0+git191117-2~deb10u2,unknown,7.7,HIGH,medium,os-level,None,0,debian,"INVESTIGATE — already on latest version, CVE may be unpatched",medium
CVE-2023-6597,libpython3.7-minimal,3.7.3-2+deb10u3,unknown,7.8,HIGH,none,os-level,None,0,debian,"INVESTIGATE — already on latest version, CVE may be unpatched",medium
CVE-2021-3530,binutils,2.31.1-16,unknown,7.5,HIGH,none,os-level,None,0,debian,"INVESTIGATE — already on latest version, CVE may be unpatched",medium
CVE-2021-20193,tar,1.30+dfsg-6,7.5.9,3.3,LOW,none,transitive,3,1,npm,"UPGRADE — update from 1.30+dfsg-6 to 7.5.9",low
CVE-2013-0340,libexpat1,2.2.6-2+deb10u1,unknown,None,,none,os-level,None,0,debian,"INVESTIGATE — already on latest version, CVE may be unpatched",medium
CVE-2013-4235,login,1:4.5-1.1,unknown,4.7,MEDIUM,none,os-level,None,0,debian,"INVESTIGATE — already on latest version, CVE may be unpatched",medium
CVE-2023-1579,binutils,2.31.1-16,unknown,7.8,HIGH,none,os-level,None,0,debian,"INVESTIGATE — already on latest version, CVE may be unpatched",medium
CVE-2020-27755,imagemagick,8:6.9.10.23+dfsg-2.1+deb10u1,unknown,3.3,LOW,none,os-level,None,0,debian,"INVESTIGATE — already on latest version, CVE may be unpatched",medium
CVE-2022-48303,tar,1.30+dfsg-6,7.5.9,5.5,MEDIUM,none,transitive,3,1,npm,"UPGRADE — update from 1.30+dfsg-6 to 7.5.9",low
CVE-2017-18018,coreutils,8.30-3,unknown,7.1,HIGH,none,os-level,None,0,debian,"INVESTIGATE — already on latest version, CVE may be unpatched",medium
CVE-2022-2520,libtiff-dev,4.1.0+git191117-2~deb10u2,unknown,6.5,MEDIUM,none,os-level,None,0,debian,"INVESTIGATE — already on latest version, CVE may be unpatched",medium
CVE-2023-30775,libtiff-dev,4.1.0+git191117-2~deb10u2,unknown,5.5,MEDIUM,none,os-level,None,0,debian,"INVESTIGATE — already on latest version, CVE may be unpatched",medium
CVE-2020-13631,libsqlite3-0,3.27.2-3+deb10u1,unknown,5.5,MEDIUM,none,os-level,None,0,debian,"INVESTIGATE — already on latest version, CVE may be unpatched",medium
CVE-2020-21047,libelf1,0.176-1.1,unknown,5.5,MEDIUM,medium,os-level,None,0,debian,"INVESTIGATE — already on latest version, CVE may be unpatched",medium
CVE-2022-1210,libtiff-dev,4.1.0+git191117-2~deb10u2,unknown,4.3,MEDIUM,none,os-level,None,0,debian,"INVESTIGATE — already on latest version, CVE may be unpatched",medium
CVE-2022-1056,libtiff-dev,4.1.0+git191117-2~deb10u2,unknown,5.5,MEDIUM,none,os-level,None,0,debian,"INVESTIGATE — already on latest version, CVE may be unpatched",medium
CVE-2024-25269,libheif1,1.3.2-2~deb10u1,unknown,7.5,HIGH,none,os-level,None,0,debian,"INVESTIGATE — already on latest version, CVE may be unpatched",medium
CVE-2023-37769,libpixman-1-0,0.36.0-1,unknown,6.5,MEDIUM,none,os-level,None,0,debian,"INVESTIGATE — already on latest version, CVE may be unpatched",medium
CVE-2023-1972,binutils,2.31.1-16,unknown,6.5,MEDIUM,none,os-level,None,0,debian,"INVESTIGATE — already on latest version, CVE may be unpatched",medium
GHSA-76c9-3jph-rj3q,on-headers,1.0.2,1.1.0,None,LOW,low,transitive,4,1,npm,"UPGRADE — update from 1.0.2 to 1.1.0",low
CVE-2020-35522,libtiff-dev,4.1.0+git191117-2~deb10u2,unknown,5.5,MEDIUM,none,os-level,None,0,debian,"INVESTIGATE — already on latest version, CVE may be unpatched",medium
CVE-2013-4392,libsystemd0,241-7~deb10u7,unknown,5.0,MEDIUM,none,os-level,None,0,debian,"INVESTIGATE — already on latest version, CVE may be unpatched",medium
CVE-2021-46174,binutils,2.31.1-16,unknown,7.5,HIGH,none,os-level,None,0,debian,"INVESTIGATE — already on latest version, CVE may be unpatched",medium
CVE-2022-4285,binutils,2.31.1-16,unknown,5.5,MEDIUM,none,os-level,None,0,debian,"INVESTIGATE — already on latest version, CVE may be unpatched",medium
CVE-2008-4108,libpython-stdlib,2.7.16-1,unknown,None,,none,os-level,None,0,debian,"INVESTIGATE — already on latest version, CVE may be unpatched",medium
CVE-2023-25586,binutils,2.31.1-16,unknown,4.7,MEDIUM,none,os-level,None,0,debian,"INVESTIGATE — already on latest version, CVE may be unpatched",medium
CVE-2022-38533,binutils,2.31.1-16,unknown,5.5,MEDIUM,none,os-level,None,0,debian,"INVESTIGATE — already on latest version, CVE may be unpatched",medium
CVE-2022-2953,libtiff-dev,4.1.0+git191117-2~deb10u2,unknown,5.5,MEDIUM,none,os-level,None,0,debian,"INVESTIGATE — already on latest version, CVE may be unpatched",medium
CVE-2022-35205,binutils,2.31.1-16,unknown,5.5,MEDIUM,none,os-level,None,0,debian,"INVESTIGATE — already on latest version, CVE may be unpatched",medium
CVE-2020-21490,binutils,2.31.1-16,unknown,5.5,MEDIUM,none,os-level,None,0,debian,"INVESTIGATE — already on latest version, CVE may be unpatched",medium
CVE-2023-25585,binutils,2.31.1-16,unknown,4.7,MEDIUM,none,os-level,None,0,debian,"INVESTIGATE — already on latest version, CVE may be unpatched",medium
CVE-2022-44840,binutils,2.31.1-16,unknown,7.8,HIGH,none,os-level,None,0,debian,"INVESTIGATE — already on latest version, CVE may be unpatched",medium
CVE-2022-45703,binutils,2.31.1-16,unknown,7.8,HIGH,none,os-level,None,0,debian,"INVESTIGATE — already on latest version, CVE may be unpatched",medium
CVE-2023-25588,binutils,2.31.1-16,unknown,4.7,MEDIUM,none,os-level,None,0,debian,"INVESTIGATE — already on latest version, CVE may be unpatched",medium
CVE-2021-33294,libelf1,0.176-1.1,unknown,5.5,MEDIUM,none,os-level,None,0,debian,"INVESTIGATE — already on latest version, CVE may be unpatched",medium
CVE-2020-19724,binutils,2.31.1-16,unknown,5.5,MEDIUM,none,os-level,None,0,debian,"INVESTIGATE — already on latest version, CVE may be unpatched",medium
CVE-2022-0563,bsdutils,1:2.33.1-0.1,unknown,5.5,MEDIUM,none,os-level,None,0,debian,"INVESTIGATE — already on latest version, CVE may be unpatched",medium
CVE-2022-48065,binutils,2.31.1-16,unknown,5.5,MEDIUM,none,os-level,None,0,debian,"INVESTIGATE — already on latest version, CVE may be unpatched",medium
CVE-2022-47695,binutils,2.31.1-16,unknown,7.8,HIGH,none,os-level,None,0,debian,"INVESTIGATE — already on latest version, CVE may be unpatched",medium
CVE-2023-52426,libexpat1,2.2.6-2+deb10u1,unknown,5.5,MEDIUM,none,os-level,None,0,debian,"INVESTIGATE — already on latest version, CVE may be unpatched",medium
CVE-2023-1916,libtiff-dev,4.1.0+git191117-2~deb10u2,unknown,6.1,MEDIUM,none,os-level,None,0,debian,"INVESTIGATE — already on latest version, CVE may be unpatched",medium
CVE-2020-19909,curl,7.64.0-4+deb10u2,unknown,3.3,LOW,none,os-level,None,0,debian,"INVESTIGATE — already on latest version, CVE may be unpatched",medium
CVE-2022-35206,binutils,2.31.1-16,unknown,5.5,MEDIUM,none,os-level,None,0,debian,"INVESTIGATE — already on latest version, CVE may be unpatched",medium
CVE-2022-47673,binutils,2.31.1-16,unknown,7.8,HIGH,none,os-level,None,0,debian,"INVESTIGATE — already on latest version, CVE may be unpatched",medium
CVE-2022-47696,binutils,2.31.1-16,unknown,7.8,HIGH,none,os-level,None,0,debian,"INVESTIGATE — already on latest version, CVE may be unpatched",medium
CVE-2023-6228,libtiff-dev,4.1.0+git191117-2~deb10u2,unknown,3.3,LOW,none,os-level,None,0,debian,"INVESTIGATE — already on latest version, CVE may be unpatched",medium
CVE-2023-25584,binutils,2.31.1-16,unknown,6.3,MEDIUM,none,os-level,None,0,debian,"INVESTIGATE — already on latest version, CVE may be unpatched",medium
CVE-2022-47008,binutils,2.31.1-16,unknown,5.5,MEDIUM,none,os-level,None,0,debian,"INVESTIGATE — already on latest version, CVE may be unpatched",medium
CVE-2022-47010,binutils,2.31.1-16,unknown,5.5,MEDIUM,none,os-level,None,0,debian,"INVESTIGATE — already on latest version, CVE may be unpatched",medium
CVE-2022-47011,binutils,2.31.1-16,unknown,5.5,MEDIUM,none,os-level,None,0,debian,"INVESTIGATE — already on latest version, CVE may be unpatched",medium
CVE-2024-25260,libelf1,0.176-1.1,unknown,4.0,MEDIUM,none,os-level,None,0,debian,"INVESTIGATE — already on latest version, CVE may be unpatched",medium
CVE-2022-3219,dirmngr,2.2.12-1+deb10u1,unknown,3.3,LOW,none,os-level,None,0,debian,"INVESTIGATE — already on latest version, CVE may be unpatched",medium
CVE-2022-48064,binutils,2.31.1-16,unknown,5.5,MEDIUM,none,os-level,None,0,debian,"INVESTIGATE — already on latest version, CVE may be unpatched",medium
CVE-2023-3164,libtiff-dev,4.1.0+git191117-2~deb10u2,unknown,5.5,MEDIUM,none,os-level,None,0,debian,"INVESTIGATE — already on latest version, CVE may be unpatched",medium
CVE-2022-48063,binutils,2.31.1-16,unknown,5.5,MEDIUM,none,os-level,None,0,debian,"INVESTIGATE — already on latest version, CVE may be unpatched",medium
CVE-2022-47007,binutils,2.31.1-16,unknown,5.5,MEDIUM,none,os-level,None,0,debian,"INVESTIGATE — already on latest version, CVE may be unpatched",medium
CVE-2023-51767,openssh-client,1:7.9p1-10+deb10u2,unknown,7.0,HIGH,none,os-level,None,0,debian,"INVESTIGATE — already on latest version, CVE may be unpatched",medium
GHSA-vjh7-7g9h-fjfh,elliptic,6.5.4,6.6.1,None,CRITICAL,critical,transitive,6,2,npm,"UPGRADE — update from 6.5.4 to 6.6.1",low
GHSA-j2hj-f22c-chm4,example-typescript,1.0.0,0.0.1-security,None,CRITICAL,critical,unknown,None,0,npm,"UPGRADE — update from 1.0.0 to 0.0.1-security",low
GHSA-2jcg-qqmg-46q6,monorepo-symlink-test,0.0.0,0.0.1-security,None,CRITICAL,critical,unknown,None,0,npm,"UPGRADE — update from 0.0.0 to 0.0.1-security",low
GHSA-36jr-mh4h-2g58,d3-color,1.4.0,3.1.0,None,HIGH,high,transitive,2,4,npm,"UPGRADE — update from 1.4.0 to 3.1.0",low
GHSA-2cf5-4w76-r9qv,handlebars,4.4.0,4.7.8,None,HIGH,high,transitive,4,1,npm,"UPGRADE — update from 4.4.0 to 4.7.8",low
GHSA-g9r4-xpmj-mj65,handlebars,4.4.0,4.7.8,None,HIGH,high,transitive,4,1,npm,"UPGRADE — update from 4.4.0 to 4.7.8",low
GHSA-q2c6-c6pm-g3gh,handlebars,4.4.0,4.7.8,None,HIGH,high,transitive,4,1,npm,"UPGRADE — update from 4.4.0 to 4.7.8",low
GHSA-f52g-6jhx-586p,handlebars,4.4.0,4.7.8,None,MEDIUM,medium,transitive,4,1,npm,"UPGRADE — update from 4.4.0 to 4.7.8",low
GHSA-64g7-mvw6-v9qj,shelljs,0.8.3,0.10.0,None,MEDIUM,medium,transitive,2,1,npm,"UPGRADE — update from 0.8.3 to 0.10.0",low
GHSA-5rrq-pxf6-6jx5,node-forge,0.10.0,1.3.3,None,LOW,low,transitive,4,1,npm,"UPGRADE — update from 0.10.0 to 1.3.3",low
GHSA-gf8q-jrpm-jvxq,node-forge,0.10.0,1.3.3,None,LOW,low,transitive,4,1,npm,"UPGRADE — update from 0.10.0 to 1.3.3",low
CVE-2023-45918,libncurses-dev,6.1+20181013-2+deb10u2,unknown,None,,unknown,os-level,None,0,debian,"INVESTIGATE — already on latest version, CVE may be unpatched",medium
