pkg:npm/%40acpr/rate-limit-postgresql@1.4.1?package-id=6f20496d113db0d8	library	@acpr/rate-limit-postgresql	1.4.1	pkg:npm/%40acpr/rate-limit-postgresql@1.4.1
pkg:npm/%40coolaj86/urequest@1.3.7?package-id=2a18d3c3ceea27d4	library	@coolaj86/urequest	1.3.7	pkg:npm/%40coolaj86/urequest@1.3.7
pkg:npm/%40isaacs/cliui@8.0.2?package-id=a82d332383092fc4	library	@isaacs/cliui	8.0.2	pkg:npm/%40isaacs/cliui@8.0.2
pkg:npm/%40isaacs/fs-minipass@4.0.1?package-id=3085262f515fb17b	library	@isaacs/fs-minipass	4.0.1	pkg:npm/%40isaacs/fs-minipass@4.0.1
pkg:npm/%40isaacs/string-locale-compare@1.1.0?package-id=51cc50312457ec35	library	@isaacs/string-locale-compare	1.1.0	pkg:npm/%40isaacs/string-locale-compare@1.1.0
pkg:npm/%40npmcli/agent@3.0.0?package-id=48ac69f6bc23336c	library	@npmcli/agent	3.0.0	pkg:npm/%40npmcli/agent@3.0.0
pkg:npm/%40npmcli/arborist@8.0.1?package-id=173b50380213fc0f	library	@npmcli/arborist	8.0.1	pkg:npm/%40npmcli/arborist@8.0.1
pkg:npm/%40npmcli/config@9.0.0?package-id=cd655055ff16a245	library	@npmcli/config	9.0.0	pkg:npm/%40npmcli/config@9.0.0
pkg:npm/%40npmcli/fs@4.0.0?package-id=17d8e9353080bbfd	library	@npmcli/fs	4.0.0	pkg:npm/%40npmcli/fs@4.0.0
pkg:npm/%40npmcli/git@6.0.3?package-id=ab52d450f37f64bf	library	@npmcli/git	6.0.3	pkg:npm/%40npmcli/git@6.0.3
pkg:npm/%40npmcli/installed-package-contents@3.0.0?package-id=9bc137647a9e8aec	library	@npmcli/installed-package-contents	3.0.0	pkg:npm/%40npmcli/installed-package-contents@3.0.0
pkg:npm/%40npmcli/map-workspaces@4.0.2?package-id=57fd30ea6ab1f4c6	library	@npmcli/map-workspaces	4.0.2	pkg:npm/%40npmcli/map-workspaces@4.0.2
pkg:npm/%40npmcli/metavuln-calculator@8.0.1?package-id=a2ebe3a60703f214	library	@npmcli/metavuln-calculator	8.0.1	pkg:npm/%40npmcli/metavuln-calculator@8.0.1
pkg:npm/%40npmcli/name-from-folder@3.0.0?package-id=bcf2c51c5c12ec4c	library	@npmcli/name-from-folder	3.0.0	pkg:npm/%40npmcli/name-from-folder@3.0.0
pkg:npm/%40npmcli/node-gyp@4.0.0?package-id=6ff256e1d1284c52	library	@npmcli/node-gyp	4.0.0	pkg:npm/%40npmcli/node-gyp@4.0.0
pkg:npm/%40npmcli/package-json@6.2.0?package-id=88a0271a864306e0	library	@npmcli/package-json	6.2.0	pkg:npm/%40npmcli/package-json@6.2.0
pkg:npm/%40npmcli/promise-spawn@8.0.2?package-id=ce674d7121d83eb5	library	@npmcli/promise-spawn	8.0.2	pkg:npm/%40npmcli/promise-spawn@8.0.2
pkg:npm/%40npmcli/query@4.0.1?package-id=55739eb0f55ef91f	library	@npmcli/query	4.0.1	pkg:npm/%40npmcli/query@4.0.1
pkg:npm/%40npmcli/redact@3.2.2?package-id=2afdec2d42179fdd	library	@npmcli/redact	3.2.2	pkg:npm/%40npmcli/redact@3.2.2
pkg:npm/%40npmcli/run-script@9.1.0?package-id=cb79b36f1a73c210	library	@npmcli/run-script	9.1.0	pkg:npm/%40npmcli/run-script@9.1.0
pkg:npm/%40pkgjs/parseargs@0.11.0?package-id=0ae8be433ac6f608	library	@pkgjs/parseargs	0.11.0	pkg:npm/%40pkgjs/parseargs@0.11.0
pkg:npm/%40sigstore/bundle@3.1.0?package-id=267ad19816ed6db6	library	@sigstore/bundle	3.1.0	pkg:npm/%40sigstore/bundle@3.1.0
pkg:npm/%40sigstore/core@2.0.0?package-id=644ee1626e984d35	library	@sigstore/core	2.0.0	pkg:npm/%40sigstore/core@2.0.0
pkg:npm/%40sigstore/protobuf-specs@0.4.3?package-id=43d949b446c06295	library	@sigstore/protobuf-specs	0.4.3	pkg:npm/%40sigstore/protobuf-specs@0.4.3
pkg:npm/%40sigstore/sign@3.1.0?package-id=ec1196af6ae364ab	library	@sigstore/sign	3.1.0	pkg:npm/%40sigstore/sign@3.1.0
pkg:npm/%40sigstore/tuf@3.1.1?package-id=05c3c579b3a4a824	library	@sigstore/tuf	3.1.1	pkg:npm/%40sigstore/tuf@3.1.1
pkg:npm/%40sigstore/verify@2.1.1?package-id=d2471cdb03396f9c	library	@sigstore/verify	2.1.1	pkg:npm/%40sigstore/verify@2.1.1
pkg:npm/%40tufjs/canonical-json@2.0.0?package-id=495069d30becb599	library	@tufjs/canonical-json	2.0.0	pkg:npm/%40tufjs/canonical-json@2.0.0
pkg:npm/%40tufjs/models@3.0.1?package-id=98d79b7d12f9be40	library	@tufjs/models	3.0.1	pkg:npm/%40tufjs/models@3.0.1
pkg:npm/%40types/body-parser@1.19.6?package-id=d91170b00f84024f	library	@types/body-parser	1.19.6	pkg:npm/%40types/body-parser@1.19.6
pkg:npm/%40types/connect@3.4.38?package-id=f196624e7a31ecc9	library	@types/connect	3.4.38	pkg:npm/%40types/connect@3.4.38
pkg:npm/%40types/connect-timeout@1.9.0?package-id=98bfa27220baf8de	library	@types/connect-timeout	1.9.0	pkg:npm/%40types/connect-timeout@1.9.0
pkg:npm/%40types/express@4.17.25?package-id=4788eaaa1be90868	library	@types/express	4.17.25	pkg:npm/%40types/express@4.17.25
pkg:npm/%40types/express-serve-static-core@4.19.8?package-id=8cbc8f0e0a264ba2	library	@types/express-serve-static-core	4.19.8	pkg:npm/%40types/express-serve-static-core@4.19.8
pkg:npm/%40types/http-errors@2.0.5?package-id=ab90ab7691a07a36	library	@types/http-errors	2.0.5	pkg:npm/%40types/http-errors@2.0.5
pkg:npm/%40types/mime@1.3.5?package-id=5761574dc24af5f2	library	@types/mime	1.3.5	pkg:npm/%40types/mime@1.3.5
pkg:npm/%40types/node@20.19.31?package-id=30d157593e45c050	library	@types/node	20.19.31	pkg:npm/%40types/node@20.19.31
pkg:npm/%40types/pg@8.16.0?package-id=41734008398a6de3	library	@types/pg	8.16.0	pkg:npm/%40types/pg@8.16.0
pkg:npm/%40types/pg-cursor@2.7.2?package-id=6b57e3a9bdf9aae7	library	@types/pg-cursor	2.7.2	pkg:npm/%40types/pg-cursor@2.7.2
pkg:npm/%40types/pg-pool@2.0.3?package-id=38c55cbe0bd5db4b	library	@types/pg-pool	2.0.3	pkg:npm/%40types/pg-pool@2.0.3
pkg:npm/%40types/qs@6.14.0?package-id=6091441aeb5abfce	library	@types/qs	6.14.0	pkg:npm/%40types/qs@6.14.0
pkg:npm/%40types/range-parser@1.2.7?package-id=2c61f47d2812e40e	library	@types/range-parser	1.2.7	pkg:npm/%40types/range-parser@1.2.7
pkg:npm/%40types/send@0.17.6?package-id=fc58904f89f200e5	library	@types/send	0.17.6	pkg:npm/%40types/send@0.17.6
pkg:npm/%40types/send@1.2.1?package-id=2b683dd5468c5dbc	library	@types/send	1.2.1	pkg:npm/%40types/send@1.2.1
pkg:npm/%40types/serve-static@1.15.10?package-id=3dfea98feb5defb9	library	@types/serve-static	1.15.10	pkg:npm/%40types/serve-static@1.15.10
pkg:npm/abbrev@3.0.1?package-id=5ceff0a901303712	library	abbrev	3.0.1	pkg:npm/abbrev@3.0.1
pkg:npm/accepts@1.3.8?package-id=e5e5ebc492022227	library	accepts	1.3.8	pkg:npm/accepts@1.3.8
pkg:deb/debian/adduser@3.134?arch=all&distro=debian-12&package-id=c02171bf930643dd	library	adduser	3.134	pkg:deb/debian/adduser@3.134?arch=all&distro=debian-12
pkg:npm/agent-base@7.1.3?package-id=9251839c8749168d	library	agent-base	7.1.3	pkg:npm/agent-base@7.1.3
pkg:npm/ansi-regex@5.0.1?package-id=be4d73e435400d4c	library	ansi-regex	5.0.1	pkg:npm/ansi-regex@5.0.1
pkg:npm/ansi-regex@6.1.0?package-id=e1d9a4effe264797	library	ansi-regex	6.1.0	pkg:npm/ansi-regex@6.1.0
pkg:npm/ansi-regex@6.1.0?package-id=c19647ce6c021aa6	library	ansi-regex	6.1.0	pkg:npm/ansi-regex@6.1.0
pkg:npm/ansi-styles@4.3.0?package-id=52afb6f712dfbdec	library	ansi-styles	4.3.0	pkg:npm/ansi-styles@4.3.0
pkg:npm/ansi-styles@4.3.0?package-id=8fdc75f728f116cb	library	ansi-styles	4.3.0	pkg:npm/ansi-styles@4.3.0
pkg:npm/ansi-styles@6.2.1?package-id=9dbded355dce894e	library	ansi-styles	6.2.1	pkg:npm/ansi-styles@6.2.1
pkg:npm/aproba@2.0.0?package-id=6f483f4b2780d09d	library	aproba	2.0.0	pkg:npm/aproba@2.0.0
pkg:deb/debian/apt@2.6.1?arch=amd64&distro=debian-12&package-id=cd0a6d87e2b9c130	library	apt	2.6.1	pkg:deb/debian/apt@2.6.1?arch=amd64&distro=debian-12
pkg:npm/archy@1.0.0?package-id=bb676c74822bc312	library	archy	1.0.0	pkg:npm/archy@1.0.0
pkg:npm/array-flatten@1.1.1?package-id=46acb9a091e09dd0	library	array-flatten	1.1.1	pkg:npm/array-flatten@1.1.1
pkg:npm/assert-options@0.8.3?package-id=6ec49119da36a6a4	library	assert-options	0.8.3	pkg:npm/assert-options@0.8.3
pkg:npm/autodetect-decoder-stream@2.0.2?package-id=7a8b885321e6a07d	library	autodetect-decoder-stream	2.0.2	pkg:npm/autodetect-decoder-stream@2.0.2
pkg:npm/balanced-match@1.0.2?package-id=12b833f038f53020	library	balanced-match	1.0.2	pkg:npm/balanced-match@1.0.2
pkg:deb/debian/base-files@12.4%2Bdeb12u13?arch=amd64&distro=debian-12&package-id=e2ebec28be00b718	library	base-files	12.4+deb12u13	pkg:deb/debian/base-files@12.4%2Bdeb12u13?arch=amd64&distro=debian-12
pkg:deb/debian/base-passwd@3.6.1?arch=amd64&distro=debian-12&package-id=7cc4c7a70852c7fd	library	base-passwd	3.6.1	pkg:deb/debian/base-passwd@3.6.1?arch=amd64&distro=debian-12
pkg:deb/debian/bash@5.2.15-2%2Bb10?arch=amd64&distro=debian-12&package-id=f511ddd208e477c9&upstream=bash%405.2.15-2	library	bash	5.2.15-2+b10	pkg:deb/debian/bash@5.2.15-2%2Bb10?arch=amd64&distro=debian-12&upstream=bash%405.2.15-2
pkg:npm/bin-links@5.0.0?package-id=d1d5ddeaf3c56a4c	library	bin-links	5.0.0	pkg:npm/bin-links@5.0.0
pkg:npm/binary-extensions@2.3.0?package-id=1426b6e1e2f52c63	library	binary-extensions	2.3.0	pkg:npm/binary-extensions@2.3.0
pkg:deb/debian/binutils@2.40-2?arch=amd64&distro=debian-12&package-id=d842b59217648a95	library	binutils	2.40-2	pkg:deb/debian/binutils@2.40-2?arch=amd64&distro=debian-12
pkg:deb/debian/binutils-common@2.40-2?arch=amd64&distro=debian-12&package-id=5bcf7faea7019d8b&upstream=binutils	library	binutils-common	2.40-2	pkg:deb/debian/binutils-common@2.40-2?arch=amd64&distro=debian-12&upstream=binutils
pkg:deb/debian/binutils-x86-64-linux-gnu@2.40-2?arch=amd64&distro=debian-12&package-id=d0e449f35480c447&upstream=binutils	library	binutils-x86-64-linux-gnu	2.40-2	pkg:deb/debian/binutils-x86-64-linux-gnu@2.40-2?arch=amd64&distro=debian-12&upstream=binutils
pkg:npm/bl@2.2.1?package-id=a88aa1de2ba69848	library	bl	2.2.1	pkg:npm/bl@2.2.1
pkg:npm/body-parser@1.20.4?package-id=d441d502b90533ad	library	body-parser	1.20.4	pkg:npm/body-parser@1.20.4
pkg:npm/brace-expansion@2.0.2?package-id=3300180a58087e60	library	brace-expansion	2.0.2	pkg:npm/brace-expansion@2.0.2
pkg:deb/debian/bsdutils@1%3A2.38.1-5%2Bdeb12u3?arch=amd64&distro=debian-12&package-id=f131145b816a43ee&upstream=util-linux%402.38.1-5%2Bdeb12u3	library	bsdutils	1:2.38.1-5+deb12u3	pkg:deb/debian/bsdutils@1%3A2.38.1-5%2Bdeb12u3?arch=amd64&distro=debian-12&upstream=util-linux%402.38.1-5%2Bdeb12u3
pkg:npm/bson@1.1.6?package-id=6d5541aaf368ae7f	library	bson	1.1.6	pkg:npm/bson@1.1.6
pkg:npm/bson?package-id=7cbf978a16b21268	library	bson	UNKNOWN	pkg:npm/bson
pkg:npm/buffer-alloc@1.2.0?package-id=44e3bb1b67c78c7f	library	buffer-alloc	1.2.0	pkg:npm/buffer-alloc@1.2.0
pkg:npm/buffer-alloc-unsafe@1.1.0?package-id=784d9e6dd57386f0	library	buffer-alloc-unsafe	1.1.0	pkg:npm/buffer-alloc-unsafe@1.1.0
pkg:npm/buffer-fill@1.0.0?package-id=60bad2cb5c81142e	library	buffer-fill	1.0.0	pkg:npm/buffer-fill@1.0.0
pkg:npm/buffer-writer@2.0.0?package-id=c78c7ea0e8da0115	library	buffer-writer	2.0.0	pkg:npm/buffer-writer@2.0.0
pkg:npm/bytes@3.1.2?package-id=2859f5e28d5f4231	library	bytes	3.1.2	pkg:npm/bytes@3.1.2
pkg:deb/debian/ca-certificates@20230311%2Bdeb12u1?arch=all&distro=debian-12&package-id=2c9e8e936134012b	library	ca-certificates	20230311+deb12u1	pkg:deb/debian/ca-certificates@20230311%2Bdeb12u1?arch=all&distro=debian-12
pkg:npm/cacache@19.0.1?package-id=2e0cf5a236032d56	library	cacache	19.0.1	pkg:npm/cacache@19.0.1
pkg:npm/call-bind-apply-helpers@1.0.2?package-id=d1bb22c8db09428f	library	call-bind-apply-helpers	1.0.2	pkg:npm/call-bind-apply-helpers@1.0.2
pkg:npm/call-bound@1.0.4?package-id=3b432be2799e7008	library	call-bound	1.0.4	pkg:npm/call-bound@1.0.4
pkg:npm/chalk@4.1.2?package-id=ed5cafd43bd68498	library	chalk	4.1.2	pkg:npm/chalk@4.1.2
pkg:npm/chalk@5.4.1?package-id=5a7d69875c12639e	library	chalk	5.4.1	pkg:npm/chalk@5.4.1
pkg:npm/chownr@2.0.0?package-id=afa23edbe293a2e7	library	chownr	2.0.0	pkg:npm/chownr@2.0.0
pkg:npm/chownr@3.0.0?package-id=613a58dcff0079b2	library	chownr	3.0.0	pkg:npm/chownr@3.0.0
pkg:npm/chownr@3.0.0?package-id=26f9cbc2125974c2	library	chownr	3.0.0	pkg:npm/chownr@3.0.0
pkg:npm/ci-info@4.2.0?package-id=4721441c40f85f47	library	ci-info	4.2.0	pkg:npm/ci-info@4.2.0
pkg:npm/cidr-regex@4.1.3?package-id=826ecbef20de052d	library	cidr-regex	4.1.3	pkg:npm/cidr-regex@4.1.3
pkg:npm/cli-columns@4.0.0?package-id=6d54c95d89792908	library	cli-columns	4.0.0	pkg:npm/cli-columns@4.0.0
pkg:npm/cmd-shim@7.0.0?package-id=92d53093a2ce11d8	library	cmd-shim	7.0.0	pkg:npm/cmd-shim@7.0.0
pkg:npm/color-convert@2.0.1?package-id=452b884be654499c	library	color-convert	2.0.1	pkg:npm/color-convert@2.0.1
pkg:npm/color-convert@2.0.1?package-id=862c27e8e5d45025	library	color-convert	2.0.1	pkg:npm/color-convert@2.0.1
pkg:npm/color-name@1.1.4?package-id=810743c678f06ab4	library	color-name	1.1.4	pkg:npm/color-name@1.1.4
pkg:npm/color-name@1.1.4?package-id=bb1bf59f198c78dc	library	color-name	1.1.4	pkg:npm/color-name@1.1.4
pkg:npm/common-ancestor-path@1.0.1?package-id=b27c5282c62aaea6	library	common-ancestor-path	1.0.1	pkg:npm/common-ancestor-path@1.0.1
pkg:npm/compressible@2.0.18?package-id=982f8dfbc208245e	library	compressible	2.0.18	pkg:npm/compressible@2.0.18
pkg:npm/compression@1.8.1?package-id=f4f9b0554c68a693	library	compression	1.8.1	pkg:npm/compression@1.8.1
pkg:npm/connect-timeout@1.9.1?package-id=ffef6d1df5671d1d	library	connect-timeout	1.9.1	pkg:npm/connect-timeout@1.9.1
pkg:npm/console-stamp@3.1.2?package-id=eff1814c018b2ba4	library	console-stamp	3.1.2	pkg:npm/console-stamp@3.1.2
pkg:npm/content-disposition@0.5.4?package-id=4614dcdeb6fe8d6b	library	content-disposition	0.5.4	pkg:npm/content-disposition@0.5.4
pkg:npm/content-type@1.0.5?package-id=feda86430f127ce5	library	content-type	1.0.5	pkg:npm/content-type@1.0.5
pkg:npm/cookie@0.7.2?package-id=1f5b16943e2793cf	library	cookie	0.7.2	pkg:npm/cookie@0.7.2
pkg:npm/cookie-signature@1.0.7?package-id=c7db88211a734738	library	cookie-signature	1.0.7	pkg:npm/cookie-signature@1.0.7
pkg:npm/core-util-is@1.0.3?package-id=ff8301b912deb12e	library	core-util-is	1.0.3	pkg:npm/core-util-is@1.0.3
pkg:npm/corepack@0.34.0?package-id=f9dc577b6fb85c3e	library	corepack	0.34.0	pkg:npm/corepack@0.34.0
pkg:deb/debian/coreutils@9.1-1?arch=amd64&distro=debian-12&package-id=eca37691b87c0860	library	coreutils	9.1-1	pkg:deb/debian/coreutils@9.1-1?arch=amd64&distro=debian-12
pkg:npm/cors@2.8.6?package-id=18103f43131cacd7	library	cors	2.8.6	pkg:npm/cors@2.8.6
pkg:deb/debian/cpp@4%3A12.2.0-3?arch=amd64&distro=debian-12&package-id=90ff192e9665aff6&upstream=gcc-defaults%401.203	library	cpp	4:12.2.0-3	pkg:deb/debian/cpp@4%3A12.2.0-3?arch=amd64&distro=debian-12&upstream=gcc-defaults%401.203
pkg:deb/debian/cpp-12@12.2.0-14%2Bdeb12u1?arch=amd64&distro=debian-12&package-id=411b8392b99d579e&upstream=gcc-12	library	cpp-12	12.2.0-14+deb12u1	pkg:deb/debian/cpp-12@12.2.0-14%2Bdeb12u1?arch=amd64&distro=debian-12&upstream=gcc-12
pkg:npm/cross-spawn@7.0.6?package-id=d1879eb42e3e39d0	library	cross-spawn	7.0.6	pkg:npm/cross-spawn@7.0.6
pkg:npm/cssesc@3.0.0?package-id=e9ab726caf6c1bff	library	cssesc	3.0.0	pkg:npm/cssesc@3.0.0
pkg:npm/csv-parser@3.2.0?package-id=7e2f24fa63c6890b	library	csv-parser	3.2.0	pkg:npm/csv-parser@3.2.0
pkg:npm/csv-reader@1.0.12?package-id=d7956aabb9663f48	library	csv-reader	1.0.12	pkg:npm/csv-reader@1.0.12
pkg:npm/csv-stringify@6.6.0?package-id=ca9029648db2e62e	library	csv-stringify	6.6.0	pkg:npm/csv-stringify@6.6.0
pkg:deb/debian/curl@7.88.1-10%2Bdeb12u14?arch=amd64&distro=debian-12&package-id=61f95e16aafc9e56	library	curl	7.88.1-10+deb12u14	pkg:deb/debian/curl@7.88.1-10%2Bdeb12u14?arch=amd64&distro=debian-12
pkg:deb/debian/dash@0.5.12-2?arch=amd64&distro=debian-12&package-id=d99eda363265247f	library	dash	0.5.12-2	pkg:deb/debian/dash@0.5.12-2?arch=amd64&distro=debian-12
pkg:npm/dateformat@4.6.3?package-id=d3778277bba4821a	library	dateformat	4.6.3	pkg:npm/dateformat@4.6.3
pkg:deb/debian/debconf@1.5.82?arch=all&distro=debian-12&package-id=242708e27fd24140	library	debconf	1.5.82	pkg:deb/debian/debconf@1.5.82?arch=all&distro=debian-12
pkg:deb/debian/debian-archive-keyring@2023.3%2Bdeb12u2?arch=all&distro=debian-12&package-id=7fa8d8929a81f2c3	library	debian-archive-keyring	2023.3+deb12u2	pkg:deb/debian/debian-archive-keyring@2023.3%2Bdeb12u2?arch=all&distro=debian-12
pkg:deb/debian/debianutils@5.7-0.5~deb12u1?arch=amd64&distro=debian-12&package-id=2587c3c4d8d21d21	library	debianutils	5.7-0.5~deb12u1	pkg:deb/debian/debianutils@5.7-0.5~deb12u1?arch=amd64&distro=debian-12
pkg:npm/debug@2.6.9?package-id=1c339413b3f2d515	library	debug	2.6.9	pkg:npm/debug@2.6.9
pkg:npm/debug@4.4.1?package-id=c8454303ce8d4cf1	library	debug	4.4.1	pkg:npm/debug@4.4.1
pkg:npm/denque@1.5.1?package-id=65d6df97021841de	library	denque	1.5.1	pkg:npm/denque@1.5.1
pkg:npm/depd@1.1.2?package-id=6d1770349ae7eac6	library	depd	1.1.2	pkg:npm/depd@1.1.2
pkg:npm/depd@2.0.0?package-id=a7b7684569a285be	library	depd	2.0.0	pkg:npm/depd@2.0.0
pkg:npm/destroy@1.2.0?package-id=bbbed4ebcade07b7	library	destroy	1.2.0	pkg:npm/destroy@1.2.0
pkg:npm/diff@5.2.0?package-id=b06ad4daeb334cd8	library	diff	5.2.0	pkg:npm/diff@5.2.0
pkg:deb/debian/diffutils@1%3A3.8-4?arch=amd64&distro=debian-12&package-id=eae3581d3fe173ec	library	diffutils	1:3.8-4	pkg:deb/debian/diffutils@1%3A3.8-4?arch=amd64&distro=debian-12
pkg:deb/debian/dpkg@1.21.22?arch=amd64&distro=debian-12&package-id=2818345ae43ed06c	library	dpkg	1.21.22	pkg:deb/debian/dpkg@1.21.22?arch=amd64&distro=debian-12
pkg:npm/dunder-proto@1.0.1?package-id=fbfe6558aea4f8f4	library	dunder-proto	1.0.1	pkg:npm/dunder-proto@1.0.1
pkg:deb/debian/e2fsprogs@1.47.0-2%2Bb2?arch=amd64&distro=debian-12&package-id=4be417a9253d1325&upstream=e2fsprogs%401.47.0-2	library	e2fsprogs	1.47.0-2+b2	pkg:deb/debian/e2fsprogs@1.47.0-2%2Bb2?arch=amd64&distro=debian-12&upstream=e2fsprogs%401.47.0-2
pkg:npm/eastasianwidth@0.2.0?package-id=7f9f95408b5489ed	library	eastasianwidth	0.2.0	pkg:npm/eastasianwidth@0.2.0
pkg:npm/ee-first@1.1.1?package-id=ab9438e4586fd8fa	library	ee-first	1.1.1	pkg:npm/ee-first@1.1.1
pkg:npm/emoji-regex@8.0.0?package-id=28e0fb3f8e3ca7da	library	emoji-regex	8.0.0	pkg:npm/emoji-regex@8.0.0
pkg:npm/emoji-regex@9.2.2?package-id=4e9f196c37502914	library	emoji-regex	9.2.2	pkg:npm/emoji-regex@9.2.2
pkg:npm/emoji-regex@9.2.2?package-id=83d235a6dca5cf28	library	emoji-regex	9.2.2	pkg:npm/emoji-regex@9.2.2
pkg:npm/encodeurl@2.0.0?package-id=5d4080e014bb0f82	library	encodeurl	2.0.0	pkg:npm/encodeurl@2.0.0
pkg:npm/encoding@0.1.13?package-id=2e65e46db5de6d6d	library	encoding	0.1.13	pkg:npm/encoding@0.1.13
pkg:npm/env-paths@2.2.1?package-id=46baa25e00178533	library	env-paths	2.2.1	pkg:npm/env-paths@2.2.1
pkg:npm/err-code@2.0.3?package-id=5a50b6b4435c1415	library	err-code	2.0.3	pkg:npm/err-code@2.0.3
pkg:npm/es-define-property@1.0.1?package-id=01fc2d3e65bc79a4	library	es-define-property	1.0.1	pkg:npm/es-define-property@1.0.1
pkg:npm/es-errors@1.3.0?package-id=067e2ee94b3a58a5	library	es-errors	1.3.0	pkg:npm/es-errors@1.3.0
pkg:npm/es-object-atoms@1.1.1?package-id=8da709b976d64946	library	es-object-atoms	1.1.1	pkg:npm/es-object-atoms@1.1.1
pkg:npm/escape-html@1.0.3?package-id=56bda8632ef261f9	library	escape-html	1.0.3	pkg:npm/escape-html@1.0.3
pkg:npm/etag@1.8.1?package-id=dafc5e0c0bff7b40	library	etag	1.8.1	pkg:npm/etag@1.8.1
pkg:npm/exponential-backoff@3.1.2?package-id=ada82c8258f78569	library	exponential-backoff	3.1.2	pkg:npm/exponential-backoff@3.1.2
pkg:npm/express@4.22.1?package-id=2670d6c4fabab3c1	library	express	4.22.1	pkg:npm/express@4.22.1
pkg:npm/express-mongo-sanitize@2.2.0?package-id=bce7728047f3fda4	library	express-mongo-sanitize	2.2.0	pkg:npm/express-mongo-sanitize@2.2.0
pkg:npm/express-rate-limit@7.5.1?package-id=3c96ebd67e5a90c9	library	express-rate-limit	7.5.1	pkg:npm/express-rate-limit@7.5.1
pkg:npm/express-slow-down@2.1.0?package-id=10fcdd9b722a7323	library	express-slow-down	2.1.0	pkg:npm/express-slow-down@2.1.0
pkg:npm/fastest-levenshtein@1.0.16?package-id=c3eebc763e304138	library	fastest-levenshtein	1.0.16	pkg:npm/fastest-levenshtein@1.0.16
pkg:npm/fdir@6.4.6?package-id=a52247c1ae97951a	library	fdir	6.4.6	pkg:npm/fdir@6.4.6
pkg:npm/finalhandler@1.3.2?package-id=bd030942d86da0d1	library	finalhandler	1.3.2	pkg:npm/finalhandler@1.3.2
pkg:deb/debian/findutils@4.9.0-4?arch=amd64&distro=debian-12&package-id=1b6d210249e3ac45	library	findutils	4.9.0-4	pkg:deb/debian/findutils@4.9.0-4?arch=amd64&distro=debian-12
pkg:deb/debian/fontconfig-config@2.14.1-4?arch=amd64&distro=debian-12&package-id=516587f85a7db582&upstream=fontconfig	library	fontconfig-config	2.14.1-4	pkg:deb/debian/fontconfig-config@2.14.1-4?arch=amd64&distro=debian-12&upstream=fontconfig
pkg:deb/debian/fonts-dejavu-core@2.37-6?arch=all&distro=debian-12&package-id=9132035ca02d7c9f&upstream=fonts-dejavu	library	fonts-dejavu-core	2.37-6	pkg:deb/debian/fonts-dejavu-core@2.37-6?arch=all&distro=debian-12&upstream=fonts-dejavu
pkg:npm/foreground-child@3.3.1?package-id=1175579b76d01c46	library	foreground-child	3.3.1	pkg:npm/foreground-child@3.3.1
pkg:npm/forwarded@0.2.0?package-id=268b0578ff5139e2	library	forwarded	0.2.0	pkg:npm/forwarded@0.2.0
pkg:npm/fresh@0.5.2?package-id=4233d0355204dbd2	library	fresh	0.5.2	pkg:npm/fresh@0.5.2
pkg:npm/fs-minipass@2.1.0?package-id=951901a331cf78e7	library	fs-minipass	2.1.0	pkg:npm/fs-minipass@2.1.0
pkg:npm/fs-minipass@3.0.3?package-id=cd2084f8ec6e4746	library	fs-minipass	3.0.3	pkg:npm/fs-minipass@3.0.3
pkg:npm/function-bind@1.1.2?package-id=73ca9674453fd96a	library	function-bind	1.1.2	pkg:npm/function-bind@1.1.2
pkg:deb/debian/g%2B%2B@4%3A12.2.0-3?arch=amd64&distro=debian-12&package-id=72b5b66e55f88b3b&upstream=gcc-defaults%401.203	library	g++	4:12.2.0-3	pkg:deb/debian/g%2B%2B@4%3A12.2.0-3?arch=amd64&distro=debian-12&upstream=gcc-defaults%401.203
pkg:deb/debian/g%2B%2B-12@12.2.0-14%2Bdeb12u1?arch=amd64&distro=debian-12&package-id=d4746f84a0e9d007&upstream=gcc-12	library	g++-12	12.2.0-14+deb12u1	pkg:deb/debian/g%2B%2B-12@12.2.0-14%2Bdeb12u1?arch=amd64&distro=debian-12&upstream=gcc-12
pkg:deb/debian/gcc@4%3A12.2.0-3?arch=amd64&distro=debian-12&package-id=3e45783084031c65&upstream=gcc-defaults%401.203	library	gcc	4:12.2.0-3	pkg:deb/debian/gcc@4%3A12.2.0-3?arch=amd64&distro=debian-12&upstream=gcc-defaults%401.203
pkg:deb/debian/gcc-12@12.2.0-14%2Bdeb12u1?arch=amd64&distro=debian-12&package-id=b84cfde350fe897d	library	gcc-12	12.2.0-14+deb12u1	pkg:deb/debian/gcc-12@12.2.0-14%2Bdeb12u1?arch=amd64&distro=debian-12
pkg:deb/debian/gcc-12-base@12.2.0-14%2Bdeb12u1?arch=amd64&distro=debian-12&package-id=5dd3e15c0db94758&upstream=gcc-12	library	gcc-12-base	12.2.0-14+deb12u1	pkg:deb/debian/gcc-12-base@12.2.0-14%2Bdeb12u1?arch=amd64&distro=debian-12&upstream=gcc-12
pkg:npm/generic-pool@3.9.0?package-id=8648393591e90dfd	library	generic-pool	3.9.0	pkg:npm/generic-pool@3.9.0
pkg:npm/get-intrinsic@1.3.0?package-id=9e2d9dc4ead6f35f	library	get-intrinsic	1.3.0	pkg:npm/get-intrinsic@1.3.0
pkg:npm/get-proto@1.0.1?package-id=2cb4dc9f80ac6aa9	library	get-proto	1.0.1	pkg:npm/get-proto@1.0.1
pkg:npm/github-webhook-middleware@0.0.2?package-id=e2535f5ba3b58e2d	library	github-webhook-middleware	0.0.2	pkg:npm/github-webhook-middleware@0.0.2
pkg:npm/glob@10.4.5?package-id=5c81a34fef3634ef	library	glob	10.4.5	pkg:npm/glob@10.4.5
pkg:npm/gopd@1.2.0?package-id=88ca2b9b042f524b	library	gopd	1.2.0	pkg:npm/gopd@1.2.0
pkg:deb/debian/gpgv@2.2.40-1.1%2Bdeb12u2?arch=amd64&distro=debian-12&package-id=bab4532a87a829c8&upstream=gnupg2	library	gpgv	2.2.40-1.1+deb12u2	pkg:deb/debian/gpgv@2.2.40-1.1%2Bdeb12u2?arch=amd64&distro=debian-12&upstream=gnupg2
pkg:npm/graceful-fs@4.2.11?package-id=67161c93e791e030	library	graceful-fs	4.2.11	pkg:npm/graceful-fs@4.2.11
pkg:deb/debian/grep@3.8-5?arch=amd64&distro=debian-12&package-id=22c460e1da8ba8cd	library	grep	3.8-5	pkg:deb/debian/grep@3.8-5?arch=amd64&distro=debian-12
pkg:deb/debian/gzip@1.12-1?arch=amd64&distro=debian-12&package-id=aa527ab8cb576b14	library	gzip	1.12-1	pkg:deb/debian/gzip@1.12-1?arch=amd64&distro=debian-12
pkg:npm/has-flag@4.0.0?package-id=0175fdecaab3ea5c	library	has-flag	4.0.0	pkg:npm/has-flag@4.0.0
pkg:npm/has-symbols@1.1.0?package-id=434015b9015c0488	library	has-symbols	1.1.0	pkg:npm/has-symbols@1.1.0
pkg:npm/hasown@2.0.2?package-id=dd25fd1d03e6b524	library	hasown	2.0.2	pkg:npm/hasown@2.0.2
pkg:npm/hcdp_api@1.0.0?package-id=d5d9cebd56f9f0c3	library	hcdp_api	1.0.0	pkg:npm/hcdp_api@1.0.0
pkg:npm/hosted-git-info@8.1.0?package-id=45acb0baf32458c8	library	hosted-git-info	8.1.0	pkg:npm/hosted-git-info@8.1.0
pkg:deb/debian/hostname@3.23%2Bnmu1?arch=amd64&distro=debian-12&package-id=6953da8863232503	library	hostname	3.23+nmu1	pkg:deb/debian/hostname@3.23%2Bnmu1?arch=amd64&distro=debian-12
pkg:npm/http-cache-semantics@4.2.0?package-id=83d3e58bdcd90e29	library	http-cache-semantics	4.2.0	pkg:npm/http-cache-semantics@4.2.0
pkg:npm/http-errors@1.6.3?package-id=1b7b43d0fe925a14	library	http-errors	1.6.3	pkg:npm/http-errors@1.6.3
pkg:npm/http-errors@2.0.1?package-id=d6d3498d18a3e4be	library	http-errors	2.0.1	pkg:npm/http-errors@2.0.1
pkg:npm/http-proxy-agent@7.0.2?package-id=ddd7695feddb6378	library	http-proxy-agent	7.0.2	pkg:npm/http-proxy-agent@7.0.2
pkg:npm/https-proxy-agent@7.0.6?package-id=2105998da9ebbead	library	https-proxy-agent	7.0.6	pkg:npm/https-proxy-agent@7.0.6
pkg:npm/iconv-lite@0.4.24?package-id=c4b2368f4b8ab6f2	library	iconv-lite	0.4.24	pkg:npm/iconv-lite@0.4.24
pkg:npm/iconv-lite@0.4.24?package-id=36edbaf90c1fe404	library	iconv-lite	0.4.24	pkg:npm/iconv-lite@0.4.24
pkg:npm/iconv-lite@0.6.3?package-id=a60484aa8f84423c	library	iconv-lite	0.6.3	pkg:npm/iconv-lite@0.6.3
pkg:npm/iconv-lite@0.7.2?package-id=6f61ce3552718a5f	library	iconv-lite	0.7.2	pkg:npm/iconv-lite@0.7.2
pkg:npm/ignore-walk@7.0.0?package-id=e85ac97f11075b21	library	ignore-walk	7.0.0	pkg:npm/ignore-walk@7.0.0
pkg:npm/imurmurhash@0.1.4?package-id=fd492b2c3cfa6890	library	imurmurhash	0.1.4	pkg:npm/imurmurhash@0.1.4
pkg:npm/inherits@2.0.3?package-id=933b2c9245e6caf4	library	inherits	2.0.3	pkg:npm/inherits@2.0.3
pkg:npm/inherits@2.0.4?package-id=43e3c55f8289001d	library	inherits	2.0.4	pkg:npm/inherits@2.0.4
pkg:npm/ini@5.0.0?package-id=0b0fc969321b8e1e	library	ini	5.0.0	pkg:npm/ini@5.0.0
pkg:npm/init-package-json@7.0.2?package-id=849c3084ca749c2b	library	init-package-json	7.0.2	pkg:npm/init-package-json@7.0.2
pkg:deb/debian/init-system-helpers@1.65.2%2Bdeb12u1?arch=all&distro=debian-12&package-id=bc67df4e4ad2e833	library	init-system-helpers	1.65.2+deb12u1	pkg:deb/debian/init-system-helpers@1.65.2%2Bdeb12u1?arch=all&distro=debian-12
pkg:npm/ip-address@9.0.5?package-id=765d2b416cb2b485	library	ip-address	9.0.5	pkg:npm/ip-address@9.0.5
pkg:npm/ip-regex@5.0.0?package-id=eebcfb610af6f7df	library	ip-regex	5.0.0	pkg:npm/ip-regex@5.0.0
pkg:npm/ipaddr.js@1.9.1?package-id=2ae54c9b8016a0ed	library	ipaddr.js	1.9.1	pkg:npm/ipaddr.js@1.9.1
pkg:npm/is-cidr@5.1.1?package-id=47f53ee762c29906	library	is-cidr	5.1.1	pkg:npm/is-cidr@5.1.1
pkg:npm/is-fullwidth-code-point@3.0.0?package-id=4905562d3285cebc	library	is-fullwidth-code-point	3.0.0	pkg:npm/is-fullwidth-code-point@3.0.0
pkg:npm/isarray@1.0.0?package-id=fc65e7d178a700e7	library	isarray	1.0.0	pkg:npm/isarray@1.0.0
pkg:npm/isexe@2.0.0?package-id=01b14029c8eaf8e6	library	isexe	2.0.0	pkg:npm/isexe@2.0.0
pkg:npm/isexe@3.1.1?package-id=fe271c73ba99b76d	library	isexe	3.1.1	pkg:npm/isexe@3.1.1
pkg:npm/jackspeak@3.4.3?package-id=6975a29bffd3b97e	library	jackspeak	3.4.3	pkg:npm/jackspeak@3.4.3
pkg:npm/jsbn@1.1.0?package-id=0adf317e3dc34e88	library	jsbn	1.1.0	pkg:npm/jsbn@1.1.0
pkg:npm/jschardet@3.1.4?package-id=1746371dfb9e8705	library	jschardet	3.1.4	pkg:npm/jschardet@3.1.4
pkg:npm/json-parse-even-better-errors@4.0.0?package-id=d2ecbd85d53358bf	library	json-parse-even-better-errors	4.0.0	pkg:npm/json-parse-even-better-errors@4.0.0
pkg:npm/json-stringify-nice@1.1.4?package-id=50fdcb403b0a66a9	library	json-stringify-nice	1.1.4	pkg:npm/json-stringify-nice@1.1.4
pkg:npm/jsonparse@1.3.1?package-id=d8e77ac9aaf7b698	library	jsonparse	1.3.1	pkg:npm/jsonparse@1.3.1
pkg:npm/just-diff@6.0.2?package-id=f796cddf4bd7dca6	library	just-diff	6.0.2	pkg:npm/just-diff@6.0.2
pkg:npm/just-diff-apply@5.5.0?package-id=33df8b5c29d05ba0	library	just-diff-apply	5.5.0	pkg:npm/just-diff-apply@5.5.0
pkg:deb/debian/krb5-locales@1.20.1-2%2Bdeb12u4?arch=all&distro=debian-12&package-id=72fde445ac2455fc&upstream=krb5	library	krb5-locales	1.20.1-2+deb12u4	pkg:deb/debian/krb5-locales@1.20.1-2%2Bdeb12u4?arch=all&distro=debian-12&upstream=krb5
pkg:deb/debian/libabsl20220623@20220623.1-1%2Bdeb12u2?arch=amd64&distro=debian-12&package-id=c1d4f92714cdc605&upstream=abseil	library	libabsl20220623	20220623.1-1+deb12u2	pkg:deb/debian/libabsl20220623@20220623.1-1%2Bdeb12u2?arch=amd64&distro=debian-12&upstream=abseil
pkg:deb/debian/libacl1@2.3.1-3?arch=amd64&distro=debian-12&package-id=d047530090108251&upstream=acl	library	libacl1	2.3.1-3	pkg:deb/debian/libacl1@2.3.1-3?arch=amd64&distro=debian-12&upstream=acl
pkg:deb/debian/libaom3@3.6.0-1%2Bdeb12u2?arch=amd64&distro=debian-12&package-id=9e3b0cc1c76e74b4&upstream=aom	library	libaom3	3.6.0-1+deb12u2	pkg:deb/debian/libaom3@3.6.0-1%2Bdeb12u2?arch=amd64&distro=debian-12&upstream=aom
pkg:deb/debian/libapt-pkg6.0@2.6.1?arch=amd64&distro=debian-12&package-id=91b1396a4c2e715d&upstream=apt	library	libapt-pkg6.0	2.6.1	pkg:deb/debian/libapt-pkg6.0@2.6.1?arch=amd64&distro=debian-12&upstream=apt
pkg:deb/debian/libasan8@12.2.0-14%2Bdeb12u1?arch=amd64&distro=debian-12&package-id=588f1d72fd42e121&upstream=gcc-12	library	libasan8	12.2.0-14+deb12u1	pkg:deb/debian/libasan8@12.2.0-14%2Bdeb12u1?arch=amd64&distro=debian-12&upstream=gcc-12
pkg:deb/debian/libatomic1@12.2.0-14%2Bdeb12u1?arch=amd64&distro=debian-12&package-id=8ae9365ce7a26f63&upstream=gcc-12	library	libatomic1	12.2.0-14+deb12u1	pkg:deb/debian/libatomic1@12.2.0-14%2Bdeb12u1?arch=amd64&distro=debian-12&upstream=gcc-12
pkg:deb/debian/libattr1@1%3A2.5.1-4?arch=amd64&distro=debian-12&package-id=722285f8005c2384&upstream=attr	library	libattr1	1:2.5.1-4	pkg:deb/debian/libattr1@1%3A2.5.1-4?arch=amd64&distro=debian-12&upstream=attr
pkg:deb/debian/libaudit-common@1%3A3.0.9-1?arch=all&distro=debian-12&package-id=e35c37c43c21e3d0&upstream=audit	library	libaudit-common	1:3.0.9-1	pkg:deb/debian/libaudit-common@1%3A3.0.9-1?arch=all&distro=debian-12&upstream=audit
pkg:deb/debian/libaudit1@1%3A3.0.9-1?arch=amd64&distro=debian-12&package-id=366c21d0062ecd94&upstream=audit	library	libaudit1	1:3.0.9-1	pkg:deb/debian/libaudit1@1%3A3.0.9-1?arch=amd64&distro=debian-12&upstream=audit
pkg:deb/debian/libavif15@0.11.1-1%2Bdeb12u1?arch=amd64&distro=debian-12&package-id=918953c7409f123a&upstream=libavif	library	libavif15	0.11.1-1+deb12u1	pkg:deb/debian/libavif15@0.11.1-1%2Bdeb12u1?arch=amd64&distro=debian-12&upstream=libavif
pkg:deb/debian/libbinutils@2.40-2?arch=amd64&distro=debian-12&package-id=78054169459aae2f&upstream=binutils	library	libbinutils	2.40-2	pkg:deb/debian/libbinutils@2.40-2?arch=amd64&distro=debian-12&upstream=binutils
pkg:deb/debian/libblkid1@2.38.1-5%2Bdeb12u3?arch=amd64&distro=debian-12&package-id=af35543f081d70bf&upstream=util-linux	library	libblkid1	2.38.1-5+deb12u3	pkg:deb/debian/libblkid1@2.38.1-5%2Bdeb12u3?arch=amd64&distro=debian-12&upstream=util-linux
pkg:deb/debian/libbrotli1@1.0.9-2%2Bb6?arch=amd64&distro=debian-12&package-id=9b714a0ade39f145&upstream=brotli%401.0.9-2	library	libbrotli1	1.0.9-2+b6	pkg:deb/debian/libbrotli1@1.0.9-2%2Bb6?arch=amd64&distro=debian-12&upstream=brotli%401.0.9-2
pkg:deb/debian/libbsd0@0.11.7-2?arch=amd64&distro=debian-12&package-id=6e136a5b8871310d&upstream=libbsd	library	libbsd0	0.11.7-2	pkg:deb/debian/libbsd0@0.11.7-2?arch=amd64&distro=debian-12&upstream=libbsd
pkg:deb/debian/libbz2-1.0@1.0.8-5%2Bb1?arch=amd64&distro=debian-12&package-id=751ec9ae4280dd32&upstream=bzip2%401.0.8-5	library	libbz2-1.0	1.0.8-5+b1	pkg:deb/debian/libbz2-1.0@1.0.8-5%2Bb1?arch=amd64&distro=debian-12&upstream=bzip2%401.0.8-5
pkg:deb/debian/libc-bin@2.36-9%2Bdeb12u13?arch=amd64&distro=debian-12&package-id=e90934cdc31ca290&upstream=glibc	library	libc-bin	2.36-9+deb12u13	pkg:deb/debian/libc-bin@2.36-9%2Bdeb12u13?arch=amd64&distro=debian-12&upstream=glibc
pkg:deb/debian/libc-dev-bin@2.36-9%2Bdeb12u13?arch=amd64&distro=debian-12&package-id=a441f47cb7456001&upstream=glibc	library	libc-dev-bin	2.36-9+deb12u13	pkg:deb/debian/libc-dev-bin@2.36-9%2Bdeb12u13?arch=amd64&distro=debian-12&upstream=glibc
pkg:deb/debian/libc-devtools@2.36-9%2Bdeb12u13?arch=amd64&distro=debian-12&package-id=14dc64240f4a6401&upstream=glibc	library	libc-devtools	2.36-9+deb12u13	pkg:deb/debian/libc-devtools@2.36-9%2Bdeb12u13?arch=amd64&distro=debian-12&upstream=glibc
pkg:deb/debian/libc6@2.36-9%2Bdeb12u13?arch=amd64&distro=debian-12&package-id=0ab22287b6343f5c&upstream=glibc	library	libc6	2.36-9+deb12u13	pkg:deb/debian/libc6@2.36-9%2Bdeb12u13?arch=amd64&distro=debian-12&upstream=glibc
pkg:deb/debian/libc6-dev@2.36-9%2Bdeb12u13?arch=amd64&distro=debian-12&package-id=1f4a92bc30931514&upstream=glibc	library	libc6-dev	2.36-9+deb12u13	pkg:deb/debian/libc6-dev@2.36-9%2Bdeb12u13?arch=amd64&distro=debian-12&upstream=glibc
pkg:deb/debian/libcap-ng0@0.8.3-1%2Bb3?arch=amd64&distro=debian-12&package-id=9a34227939df7216&upstream=libcap-ng%400.8.3-1	library	libcap-ng0	0.8.3-1+b3	pkg:deb/debian/libcap-ng0@0.8.3-1%2Bb3?arch=amd64&distro=debian-12&upstream=libcap-ng%400.8.3-1
pkg:deb/debian/libcap2@1%3A2.66-4%2Bdeb12u2%2Bb2?arch=amd64&distro=debian-12&package-id=603f50dd77898547&upstream=libcap2%401%3A2.66-4%2Bdeb12u2	library	libcap2	1:2.66-4+deb12u2+b2	pkg:deb/debian/libcap2@1%3A2.66-4%2Bdeb12u2%2Bb2?arch=amd64&distro=debian-12&upstream=libcap2%401%3A2.66-4%2Bdeb12u2
pkg:deb/debian/libcc1-0@12.2.0-14%2Bdeb12u1?arch=amd64&distro=debian-12&package-id=e030001af4af8a54&upstream=gcc-12	library	libcc1-0	12.2.0-14+deb12u1	pkg:deb/debian/libcc1-0@12.2.0-14%2Bdeb12u1?arch=amd64&distro=debian-12&upstream=gcc-12
pkg:deb/debian/libcom-err2@1.47.0-2%2Bb2?arch=amd64&distro=debian-12&package-id=d35ef33fd323c933&upstream=e2fsprogs%401.47.0-2	library	libcom-err2	1.47.0-2+b2	pkg:deb/debian/libcom-err2@1.47.0-2%2Bb2?arch=amd64&distro=debian-12&upstream=e2fsprogs%401.47.0-2
pkg:deb/debian/libcrypt-dev@1%3A4.4.33-2?arch=amd64&distro=debian-12&package-id=70fd00a6d5b17a3e&upstream=libxcrypt	library	libcrypt-dev	1:4.4.33-2	pkg:deb/debian/libcrypt-dev@1%3A4.4.33-2?arch=amd64&distro=debian-12&upstream=libxcrypt
pkg:deb/debian/libcrypt1@1%3A4.4.33-2?arch=amd64&distro=debian-12&package-id=66f0c5120721190f&upstream=libxcrypt	library	libcrypt1	1:4.4.33-2	pkg:deb/debian/libcrypt1@1%3A4.4.33-2?arch=amd64&distro=debian-12&upstream=libxcrypt
pkg:deb/debian/libctf-nobfd0@2.40-2?arch=amd64&distro=debian-12&package-id=63bfd9a0d6ef6f63&upstream=binutils	library	libctf-nobfd0	2.40-2	pkg:deb/debian/libctf-nobfd0@2.40-2?arch=amd64&distro=debian-12&upstream=binutils
pkg:deb/debian/libctf0@2.40-2?arch=amd64&distro=debian-12&package-id=79f92809e5afae8d&upstream=binutils	library	libctf0	2.40-2	pkg:deb/debian/libctf0@2.40-2?arch=amd64&distro=debian-12&upstream=binutils
pkg:deb/debian/libcurl4@7.88.1-10%2Bdeb12u14?arch=amd64&distro=debian-12&package-id=09b36c5d81fca08e&upstream=curl	library	libcurl4	7.88.1-10+deb12u14	pkg:deb/debian/libcurl4@7.88.1-10%2Bdeb12u14?arch=amd64&distro=debian-12&upstream=curl
pkg:deb/debian/libdav1d6@1.0.0-2%2Bdeb12u1?arch=amd64&distro=debian-12&package-id=d96162e7206cebef&upstream=dav1d	library	libdav1d6	1.0.0-2+deb12u1	pkg:deb/debian/libdav1d6@1.0.0-2%2Bdeb12u1?arch=amd64&distro=debian-12&upstream=dav1d
pkg:deb/debian/libdb5.3@5.3.28%2Bdfsg2-1?arch=amd64&distro=debian-12&package-id=b0cb4641a25bfdd2&upstream=db5.3	library	libdb5.3	5.3.28+dfsg2-1	pkg:deb/debian/libdb5.3@5.3.28%2Bdfsg2-1?arch=amd64&distro=debian-12&upstream=db5.3
pkg:deb/debian/libde265-0@1.0.11-1%2Bdeb12u2?arch=amd64&distro=debian-12&package-id=e9e852b82b9bceda&upstream=libde265	library	libde265-0	1.0.11-1+deb12u2	pkg:deb/debian/libde265-0@1.0.11-1%2Bdeb12u2?arch=amd64&distro=debian-12&upstream=libde265
pkg:deb/debian/libdebconfclient0@0.270?arch=amd64&distro=debian-12&package-id=2690aae2bbaa51bf&upstream=cdebconf	library	libdebconfclient0	0.270	pkg:deb/debian/libdebconfclient0@0.270?arch=amd64&distro=debian-12&upstream=cdebconf
pkg:deb/debian/libdeflate0@1.14-1?arch=amd64&distro=debian-12&package-id=05eb2b8cad64f512&upstream=libdeflate	library	libdeflate0	1.14-1	pkg:deb/debian/libdeflate0@1.14-1?arch=amd64&distro=debian-12&upstream=libdeflate
pkg:deb/debian/libexpat1@2.5.0-1%2Bdeb12u2?arch=amd64&distro=debian-12&package-id=66ec0b239b3dc1ac&upstream=expat	library	libexpat1	2.5.0-1+deb12u2	pkg:deb/debian/libexpat1@2.5.0-1%2Bdeb12u2?arch=amd64&distro=debian-12&upstream=expat
pkg:deb/debian/libext2fs2@1.47.0-2%2Bb2?arch=amd64&distro=debian-12&package-id=e42f4960873727f9&upstream=e2fsprogs%401.47.0-2	library	libext2fs2	1.47.0-2+b2	pkg:deb/debian/libext2fs2@1.47.0-2%2Bb2?arch=amd64&distro=debian-12&upstream=e2fsprogs%401.47.0-2
pkg:deb/debian/libffi8@3.4.4-1?arch=amd64&distro=debian-12&package-id=3d64cbaa76084dc4&upstream=libffi	library	libffi8	3.4.4-1	pkg:deb/debian/libffi8@3.4.4-1?arch=amd64&distro=debian-12&upstream=libffi
pkg:deb/debian/libfontconfig1@2.14.1-4?arch=amd64&distro=debian-12&package-id=d9a5f51f87664282&upstream=fontconfig	library	libfontconfig1	2.14.1-4	pkg:deb/debian/libfontconfig1@2.14.1-4?arch=amd64&distro=debian-12&upstream=fontconfig
pkg:deb/debian/libfreetype6@2.12.1%2Bdfsg-5%2Bdeb12u4?arch=amd64&distro=debian-12&package-id=e740f70f98b8bdbe&upstream=freetype	library	libfreetype6	2.12.1+dfsg-5+deb12u4	pkg:deb/debian/libfreetype6@2.12.1%2Bdfsg-5%2Bdeb12u4?arch=amd64&distro=debian-12&upstream=freetype
pkg:deb/debian/libgav1-1@0.18.0-1%2Bb1?arch=amd64&distro=debian-12&package-id=b871dc9561d90cd9&upstream=libgav1%400.18.0-1	library	libgav1-1	0.18.0-1+b1	pkg:deb/debian/libgav1-1@0.18.0-1%2Bb1?arch=amd64&distro=debian-12&upstream=libgav1%400.18.0-1
pkg:deb/debian/libgcc-12-dev@12.2.0-14%2Bdeb12u1?arch=amd64&distro=debian-12&package-id=46c715b2383b94a6&upstream=gcc-12	library	libgcc-12-dev	12.2.0-14+deb12u1	pkg:deb/debian/libgcc-12-dev@12.2.0-14%2Bdeb12u1?arch=amd64&distro=debian-12&upstream=gcc-12
pkg:deb/debian/libgcc-s1@12.2.0-14%2Bdeb12u1?arch=amd64&distro=debian-12&package-id=f34a6c9eeba92c05&upstream=gcc-12	library	libgcc-s1	12.2.0-14+deb12u1	pkg:deb/debian/libgcc-s1@12.2.0-14%2Bdeb12u1?arch=amd64&distro=debian-12&upstream=gcc-12
pkg:deb/debian/libgcrypt20@1.10.1-3?arch=amd64&distro=debian-12&package-id=d386f651d9220c9e	library	libgcrypt20	1.10.1-3	pkg:deb/debian/libgcrypt20@1.10.1-3?arch=amd64&distro=debian-12
pkg:deb/debian/libgd3@2.3.3-9?arch=amd64&distro=debian-12&package-id=ace2b1cb382d5990&upstream=libgd2	library	libgd3	2.3.3-9	pkg:deb/debian/libgd3@2.3.3-9?arch=amd64&distro=debian-12&upstream=libgd2
pkg:deb/debian/libgmp10@2%3A6.2.1%2Bdfsg1-1.1?arch=amd64&distro=debian-12&package-id=4a42a38761bb84e0&upstream=gmp	library	libgmp10	2:6.2.1+dfsg1-1.1	pkg:deb/debian/libgmp10@2%3A6.2.1%2Bdfsg1-1.1?arch=amd64&distro=debian-12&upstream=gmp
pkg:deb/debian/libgnutls30@3.7.9-2%2Bdeb12u5?arch=amd64&distro=debian-12&package-id=a88e78b6d66aa563&upstream=gnutls28	library	libgnutls30	3.7.9-2+deb12u5	pkg:deb/debian/libgnutls30@3.7.9-2%2Bdeb12u5?arch=amd64&distro=debian-12&upstream=gnutls28
pkg:deb/debian/libgomp1@12.2.0-14%2Bdeb12u1?arch=amd64&distro=debian-12&package-id=04ffb91a594718a3&upstream=gcc-12	library	libgomp1	12.2.0-14+deb12u1	pkg:deb/debian/libgomp1@12.2.0-14%2Bdeb12u1?arch=amd64&distro=debian-12&upstream=gcc-12
pkg:deb/debian/libgpg-error0@1.46-1?arch=amd64&distro=debian-12&package-id=bbf12da6801244e7&upstream=libgpg-error	library	libgpg-error0	1.46-1	pkg:deb/debian/libgpg-error0@1.46-1?arch=amd64&distro=debian-12&upstream=libgpg-error
pkg:deb/debian/libgprofng0@2.40-2?arch=amd64&distro=debian-12&package-id=727693742e6e3639&upstream=binutils	library	libgprofng0	2.40-2	pkg:deb/debian/libgprofng0@2.40-2?arch=amd64&distro=debian-12&upstream=binutils
pkg:deb/debian/libgssapi-krb5-2@1.20.1-2%2Bdeb12u4?arch=amd64&distro=debian-12&package-id=27dfed9942e654b2&upstream=krb5	library	libgssapi-krb5-2	1.20.1-2+deb12u4	pkg:deb/debian/libgssapi-krb5-2@1.20.1-2%2Bdeb12u4?arch=amd64&distro=debian-12&upstream=krb5
pkg:deb/debian/libheif1@1.15.1-1%2Bdeb12u1?arch=amd64&distro=debian-12&package-id=6dec48f68a6dce02&upstream=libheif	library	libheif1	1.15.1-1+deb12u1	pkg:deb/debian/libheif1@1.15.1-1%2Bdeb12u1?arch=amd64&distro=debian-12&upstream=libheif
pkg:deb/debian/libhogweed6@3.8.1-2?arch=amd64&distro=debian-12&package-id=244c6a089f6b6308&upstream=nettle	library	libhogweed6	3.8.1-2	pkg:deb/debian/libhogweed6@3.8.1-2?arch=amd64&distro=debian-12&upstream=nettle
pkg:deb/debian/libidn2-0@2.3.3-1%2Bb1?arch=amd64&distro=debian-12&package-id=000ea285a5c77eab&upstream=libidn2%402.3.3-1	library	libidn2-0	2.3.3-1+b1	pkg:deb/debian/libidn2-0@2.3.3-1%2Bb1?arch=amd64&distro=debian-12&upstream=libidn2%402.3.3-1
pkg:deb/debian/libisl23@0.25-1.1?arch=amd64&distro=debian-12&package-id=25e6f397cb095228&upstream=isl	library	libisl23	0.25-1.1	pkg:deb/debian/libisl23@0.25-1.1?arch=amd64&distro=debian-12&upstream=isl
pkg:deb/debian/libitm1@12.2.0-14%2Bdeb12u1?arch=amd64&distro=debian-12&package-id=9579721d3073dea4&upstream=gcc-12	library	libitm1	12.2.0-14+deb12u1	pkg:deb/debian/libitm1@12.2.0-14%2Bdeb12u1?arch=amd64&distro=debian-12&upstream=gcc-12
pkg:deb/debian/libjansson4@2.14-2?arch=amd64&distro=debian-12&package-id=aa4f185635b66d91&upstream=jansson	library	libjansson4	2.14-2	pkg:deb/debian/libjansson4@2.14-2?arch=amd64&distro=debian-12&upstream=jansson
pkg:deb/debian/libjbig0@2.1-6.1?arch=amd64&distro=debian-12&package-id=63933a9eb4c88edb&upstream=jbigkit	library	libjbig0	2.1-6.1	pkg:deb/debian/libjbig0@2.1-6.1?arch=amd64&distro=debian-12&upstream=jbigkit
pkg:deb/debian/libjpeg62-turbo@1%3A2.1.5-2?arch=amd64&distro=debian-12&package-id=f77f569a5f74623c&upstream=libjpeg-turbo	library	libjpeg62-turbo	1:2.1.5-2	pkg:deb/debian/libjpeg62-turbo@1%3A2.1.5-2?arch=amd64&distro=debian-12&upstream=libjpeg-turbo
pkg:deb/debian/libk5crypto3@1.20.1-2%2Bdeb12u4?arch=amd64&distro=debian-12&package-id=28bcce6865c31c7b&upstream=krb5	library	libk5crypto3	1.20.1-2+deb12u4	pkg:deb/debian/libk5crypto3@1.20.1-2%2Bdeb12u4?arch=amd64&distro=debian-12&upstream=krb5
pkg:deb/debian/libkeyutils1@1.6.3-2?arch=amd64&distro=debian-12&package-id=fbac937687c498c7&upstream=keyutils	library	libkeyutils1	1.6.3-2	pkg:deb/debian/libkeyutils1@1.6.3-2?arch=amd64&distro=debian-12&upstream=keyutils
pkg:deb/debian/libkrb5-3@1.20.1-2%2Bdeb12u4?arch=amd64&distro=debian-12&package-id=be62ac862a4f20f3&upstream=krb5	library	libkrb5-3	1.20.1-2+deb12u4	pkg:deb/debian/libkrb5-3@1.20.1-2%2Bdeb12u4?arch=amd64&distro=debian-12&upstream=krb5
pkg:deb/debian/libkrb5support0@1.20.1-2%2Bdeb12u4?arch=amd64&distro=debian-12&package-id=45c439166729c218&upstream=krb5	library	libkrb5support0	1.20.1-2+deb12u4	pkg:deb/debian/libkrb5support0@1.20.1-2%2Bdeb12u4?arch=amd64&distro=debian-12&upstream=krb5
pkg:deb/debian/libldap-2.5-0@2.5.13%2Bdfsg-5?arch=amd64&distro=debian-12&package-id=692b9197d4b21a92&upstream=openldap	library	libldap-2.5-0	2.5.13+dfsg-5	pkg:deb/debian/libldap-2.5-0@2.5.13%2Bdfsg-5?arch=amd64&distro=debian-12&upstream=openldap
pkg:deb/debian/libldap-common@2.5.13%2Bdfsg-5?arch=all&distro=debian-12&package-id=dd3946a6b1d2298d&upstream=openldap	library	libldap-common	2.5.13+dfsg-5	pkg:deb/debian/libldap-common@2.5.13%2Bdfsg-5?arch=all&distro=debian-12&upstream=openldap
pkg:deb/debian/liblerc4@4.0.0%2Bds-2?arch=amd64&distro=debian-12&package-id=63f594cc52fa7de8&upstream=lerc	library	liblerc4	4.0.0+ds-2	pkg:deb/debian/liblerc4@4.0.0%2Bds-2?arch=amd64&distro=debian-12&upstream=lerc
pkg:deb/debian/liblsan0@12.2.0-14%2Bdeb12u1?arch=amd64&distro=debian-12&package-id=2717998825e5d420&upstream=gcc-12	library	liblsan0	12.2.0-14+deb12u1	pkg:deb/debian/liblsan0@12.2.0-14%2Bdeb12u1?arch=amd64&distro=debian-12&upstream=gcc-12
pkg:deb/debian/liblz4-1@1.9.4-1?arch=amd64&distro=debian-12&package-id=7b6901adcac17545&upstream=lz4	library	liblz4-1	1.9.4-1	pkg:deb/debian/liblz4-1@1.9.4-1?arch=amd64&distro=debian-12&upstream=lz4
pkg:deb/debian/liblzma5@5.4.1-1?arch=amd64&distro=debian-12&package-id=ff68b512d2726a47&upstream=xz-utils	library	liblzma5	5.4.1-1	pkg:deb/debian/liblzma5@5.4.1-1?arch=amd64&distro=debian-12&upstream=xz-utils
pkg:deb/debian/libmd0@1.0.4-2?arch=amd64&distro=debian-12&package-id=f7a02d5b69549304&upstream=libmd	library	libmd0	1.0.4-2	pkg:deb/debian/libmd0@1.0.4-2?arch=amd64&distro=debian-12&upstream=libmd
pkg:deb/debian/libmount1@2.38.1-5%2Bdeb12u3?arch=amd64&distro=debian-12&package-id=3578a81ebb651f3d&upstream=util-linux	library	libmount1	2.38.1-5+deb12u3	pkg:deb/debian/libmount1@2.38.1-5%2Bdeb12u3?arch=amd64&distro=debian-12&upstream=util-linux
pkg:deb/debian/libmpc3@1.3.1-1?arch=amd64&distro=debian-12&package-id=6f6789d78cd05664&upstream=mpclib3	library	libmpc3	1.3.1-1	pkg:deb/debian/libmpc3@1.3.1-1?arch=amd64&distro=debian-12&upstream=mpclib3
pkg:deb/debian/libmpfr6@4.2.0-1?arch=amd64&distro=debian-12&package-id=cfb6b762d0b75d4c&upstream=mpfr4	library	libmpfr6	4.2.0-1	pkg:deb/debian/libmpfr6@4.2.0-1?arch=amd64&distro=debian-12&upstream=mpfr4
pkg:deb/debian/libnettle8@3.8.1-2?arch=amd64&distro=debian-12&package-id=1ac1c6a69a1bbe8a&upstream=nettle	library	libnettle8	3.8.1-2	pkg:deb/debian/libnettle8@3.8.1-2?arch=amd64&distro=debian-12&upstream=nettle
pkg:deb/debian/libnghttp2-14@1.52.0-1%2Bdeb12u2?arch=amd64&distro=debian-12&package-id=f403c90fa24faf9b&upstream=nghttp2	library	libnghttp2-14	1.52.0-1+deb12u2	pkg:deb/debian/libnghttp2-14@1.52.0-1%2Bdeb12u2?arch=amd64&distro=debian-12&upstream=nghttp2
pkg:npm/libnpmaccess@9.0.0?package-id=fa12cf8926842c47	library	libnpmaccess	9.0.0	pkg:npm/libnpmaccess@9.0.0
pkg:npm/libnpmdiff@7.0.1?package-id=f955bb80dc8e5c8c	library	libnpmdiff	7.0.1	pkg:npm/libnpmdiff@7.0.1
pkg:npm/libnpmexec@9.0.1?package-id=9e105a3a6ce0366d	library	libnpmexec	9.0.1	pkg:npm/libnpmexec@9.0.1
pkg:npm/libnpmfund@6.0.1?package-id=deb79493ccca2694	library	libnpmfund	6.0.1	pkg:npm/libnpmfund@6.0.1
pkg:npm/libnpmhook@11.0.0?package-id=af980fdbd567b94f	library	libnpmhook	11.0.0	pkg:npm/libnpmhook@11.0.0
pkg:npm/libnpmorg@7.0.0?package-id=48298d9f1f4cbd8a	library	libnpmorg	7.0.0	pkg:npm/libnpmorg@7.0.0
pkg:npm/libnpmpack@8.0.1?package-id=f1c82a9a4cd95d29	library	libnpmpack	8.0.1	pkg:npm/libnpmpack@8.0.1
pkg:npm/libnpmpublish@10.0.1?package-id=6044aa92a138245b	library	libnpmpublish	10.0.1	pkg:npm/libnpmpublish@10.0.1
pkg:npm/libnpmsearch@8.0.0?package-id=15f9f1e5e6b57e1f	library	libnpmsearch	8.0.0	pkg:npm/libnpmsearch@8.0.0
pkg:npm/libnpmteam@7.0.0?package-id=cd41734843fcd83a	library	libnpmteam	7.0.0	pkg:npm/libnpmteam@7.0.0
pkg:npm/libnpmversion@7.0.0?package-id=9ce7fbc762306b5a	library	libnpmversion	7.0.0	pkg:npm/libnpmversion@7.0.0
pkg:deb/debian/libnsl-dev@1.3.0-2?arch=amd64&distro=debian-12&package-id=6ec8ddde6468d811&upstream=libnsl	library	libnsl-dev	1.3.0-2	pkg:deb/debian/libnsl-dev@1.3.0-2?arch=amd64&distro=debian-12&upstream=libnsl
pkg:deb/debian/libnsl2@1.3.0-2?arch=amd64&distro=debian-12&package-id=2c4166f70097c6d7&upstream=libnsl	library	libnsl2	1.3.0-2	pkg:deb/debian/libnsl2@1.3.0-2?arch=amd64&distro=debian-12&upstream=libnsl
pkg:deb/debian/libnuma1@2.0.16-1?arch=amd64&distro=debian-12&package-id=d0117094804ed2c1&upstream=numactl	library	libnuma1	2.0.16-1	pkg:deb/debian/libnuma1@2.0.16-1?arch=amd64&distro=debian-12&upstream=numactl
pkg:deb/debian/libp11-kit0@0.24.1-2?arch=amd64&distro=debian-12&package-id=0027543880aaec84&upstream=p11-kit	library	libp11-kit0	0.24.1-2	pkg:deb/debian/libp11-kit0@0.24.1-2?arch=amd64&distro=debian-12&upstream=p11-kit
pkg:deb/debian/libpam-modules@1.5.2-6%2Bdeb12u2?arch=amd64&distro=debian-12&package-id=4cab7ef7de016d31&upstream=pam	library	libpam-modules	1.5.2-6+deb12u2	pkg:deb/debian/libpam-modules@1.5.2-6%2Bdeb12u2?arch=amd64&distro=debian-12&upstream=pam
pkg:deb/debian/libpam-modules-bin@1.5.2-6%2Bdeb12u2?arch=amd64&distro=debian-12&package-id=372dffabd059479c&upstream=pam	library	libpam-modules-bin	1.5.2-6+deb12u2	pkg:deb/debian/libpam-modules-bin@1.5.2-6%2Bdeb12u2?arch=amd64&distro=debian-12&upstream=pam
pkg:deb/debian/libpam-runtime@1.5.2-6%2Bdeb12u2?arch=all&distro=debian-12&package-id=ca1034d5d24bcf54&upstream=pam	library	libpam-runtime	1.5.2-6+deb12u2	pkg:deb/debian/libpam-runtime@1.5.2-6%2Bdeb12u2?arch=all&distro=debian-12&upstream=pam
pkg:deb/debian/libpam0g@1.5.2-6%2Bdeb12u2?arch=amd64&distro=debian-12&package-id=87d8465053cf56c8&upstream=pam	library	libpam0g	1.5.2-6+deb12u2	pkg:deb/debian/libpam0g@1.5.2-6%2Bdeb12u2?arch=amd64&distro=debian-12&upstream=pam
pkg:deb/debian/libpcre2-8-0@10.42-1?arch=amd64&distro=debian-12&package-id=fdd1d61b217ae9fe&upstream=pcre2	library	libpcre2-8-0	10.42-1	pkg:deb/debian/libpcre2-8-0@10.42-1?arch=amd64&distro=debian-12&upstream=pcre2
pkg:deb/debian/libpng16-16@1.6.39-2%2Bdeb12u1?arch=amd64&distro=debian-12&package-id=d50b56e6adfee72a&upstream=libpng1.6	library	libpng16-16	1.6.39-2+deb12u1	pkg:deb/debian/libpng16-16@1.6.39-2%2Bdeb12u1?arch=amd64&distro=debian-12&upstream=libpng1.6
pkg:deb/debian/libpsl5@0.21.2-1?arch=amd64&distro=debian-12&package-id=d51afc405e13215d&upstream=libpsl	library	libpsl5	0.21.2-1	pkg:deb/debian/libpsl5@0.21.2-1?arch=amd64&distro=debian-12&upstream=libpsl
pkg:deb/debian/libquadmath0@12.2.0-14%2Bdeb12u1?arch=amd64&distro=debian-12&package-id=0386de411df4c929&upstream=gcc-12	library	libquadmath0	12.2.0-14+deb12u1	pkg:deb/debian/libquadmath0@12.2.0-14%2Bdeb12u1?arch=amd64&distro=debian-12&upstream=gcc-12
pkg:deb/debian/librav1e0@0.5.1-6?arch=amd64&distro=debian-12&package-id=73eac6f4e8e623fb&upstream=rust-rav1e	library	librav1e0	0.5.1-6	pkg:deb/debian/librav1e0@0.5.1-6?arch=amd64&distro=debian-12&upstream=rust-rav1e
pkg:deb/debian/librtmp1@2.4%2B20151223.gitfa8646d.1-2%2Bb2?arch=amd64&distro=debian-12&package-id=0ec1846cde4789c6&upstream=rtmpdump%402.4%2B20151223.gitfa8646d.1-2	library	librtmp1	2.4+20151223.gitfa8646d.1-2+b2	pkg:deb/debian/librtmp1@2.4%2B20151223.gitfa8646d.1-2%2Bb2?arch=amd64&distro=debian-12&upstream=rtmpdump%402.4%2B20151223.gitfa8646d.1-2
pkg:deb/debian/libsasl2-2@2.1.28%2Bdfsg-10?arch=amd64&distro=debian-12&package-id=25efd5aa65ab55cb&upstream=cyrus-sasl2	library	libsasl2-2	2.1.28+dfsg-10	pkg:deb/debian/libsasl2-2@2.1.28%2Bdfsg-10?arch=amd64&distro=debian-12&upstream=cyrus-sasl2
pkg:deb/debian/libsasl2-modules@2.1.28%2Bdfsg-10?arch=amd64&distro=debian-12&package-id=db067f1aa4046cd6&upstream=cyrus-sasl2	library	libsasl2-modules	2.1.28+dfsg-10	pkg:deb/debian/libsasl2-modules@2.1.28%2Bdfsg-10?arch=amd64&distro=debian-12&upstream=cyrus-sasl2
pkg:deb/debian/libsasl2-modules-db@2.1.28%2Bdfsg-10?arch=amd64&distro=debian-12&package-id=4f1c60756841024e&upstream=cyrus-sasl2	library	libsasl2-modules-db	2.1.28+dfsg-10	pkg:deb/debian/libsasl2-modules-db@2.1.28%2Bdfsg-10?arch=amd64&distro=debian-12&upstream=cyrus-sasl2
pkg:deb/debian/libseccomp2@2.5.4-1%2Bdeb12u1?arch=amd64&distro=debian-12&package-id=864deba87ee227ff&upstream=libseccomp	library	libseccomp2	2.5.4-1+deb12u1	pkg:deb/debian/libseccomp2@2.5.4-1%2Bdeb12u1?arch=amd64&distro=debian-12&upstream=libseccomp
pkg:deb/debian/libselinux1@3.4-1%2Bb6?arch=amd64&distro=debian-12&package-id=b07e9d426f477f60&upstream=libselinux%403.4-1	library	libselinux1	3.4-1+b6	pkg:deb/debian/libselinux1@3.4-1%2Bb6?arch=amd64&distro=debian-12&upstream=libselinux%403.4-1
pkg:deb/debian/libsemanage-common@3.4-1?arch=all&distro=debian-12&package-id=8118fc40b739539a&upstream=libsemanage	library	libsemanage-common	3.4-1	pkg:deb/debian/libsemanage-common@3.4-1?arch=all&distro=debian-12&upstream=libsemanage
pkg:deb/debian/libsemanage2@3.4-1%2Bb5?arch=amd64&distro=debian-12&package-id=a960a8aaee1ee769&upstream=libsemanage%403.4-1	library	libsemanage2	3.4-1+b5	pkg:deb/debian/libsemanage2@3.4-1%2Bb5?arch=amd64&distro=debian-12&upstream=libsemanage%403.4-1
pkg:deb/debian/libsepol2@3.4-2.1?arch=amd64&distro=debian-12&package-id=ef742c3346e74452&upstream=libsepol	library	libsepol2	3.4-2.1	pkg:deb/debian/libsepol2@3.4-2.1?arch=amd64&distro=debian-12&upstream=libsepol
pkg:deb/debian/libsmartcols1@2.38.1-5%2Bdeb12u3?arch=amd64&distro=debian-12&package-id=ecee94562f1ce06f&upstream=util-linux	library	libsmartcols1	2.38.1-5+deb12u3	pkg:deb/debian/libsmartcols1@2.38.1-5%2Bdeb12u3?arch=amd64&distro=debian-12&upstream=util-linux
pkg:deb/debian/libss2@1.47.0-2%2Bb2?arch=amd64&distro=debian-12&package-id=1604e864b4a343b7&upstream=e2fsprogs%401.47.0-2	library	libss2	1.47.0-2+b2	pkg:deb/debian/libss2@1.47.0-2%2Bb2?arch=amd64&distro=debian-12&upstream=e2fsprogs%401.47.0-2
pkg:deb/debian/libssh2-1@1.10.0-3%2Bb1?arch=amd64&distro=debian-12&package-id=865a7a71606e882c&upstream=libssh2%401.10.0-3	library	libssh2-1	1.10.0-3+b1	pkg:deb/debian/libssh2-1@1.10.0-3%2Bb1?arch=amd64&distro=debian-12&upstream=libssh2%401.10.0-3
pkg:deb/debian/libssl3@3.0.18-1~deb12u2?arch=amd64&distro=debian-12&package-id=35e262a0bed1c5f7&upstream=openssl	library	libssl3	3.0.18-1~deb12u2	pkg:deb/debian/libssl3@3.0.18-1~deb12u2?arch=amd64&distro=debian-12&upstream=openssl
pkg:deb/debian/libstdc%2B%2B-12-dev@12.2.0-14%2Bdeb12u1?arch=amd64&distro=debian-12&package-id=eefe5f807560527f&upstream=gcc-12	library	libstdc++-12-dev	12.2.0-14+deb12u1	pkg:deb/debian/libstdc%2B%2B-12-dev@12.2.0-14%2Bdeb12u1?arch=amd64&distro=debian-12&upstream=gcc-12
pkg:deb/debian/libstdc%2B%2B6@12.2.0-14%2Bdeb12u1?arch=amd64&distro=debian-12&package-id=6c755f621b3d6c49&upstream=gcc-12	library	libstdc++6	12.2.0-14+deb12u1	pkg:deb/debian/libstdc%2B%2B6@12.2.0-14%2Bdeb12u1?arch=amd64&distro=debian-12&upstream=gcc-12
pkg:deb/debian/libsvtav1enc1@1.4.1%2Bdfsg-1?arch=amd64&distro=debian-12&package-id=7f1a9982e04c8695&upstream=svt-av1	library	libsvtav1enc1	1.4.1+dfsg-1	pkg:deb/debian/libsvtav1enc1@1.4.1%2Bdfsg-1?arch=amd64&distro=debian-12&upstream=svt-av1
pkg:deb/debian/libsystemd0@252.39-1~deb12u1?arch=amd64&distro=debian-12&package-id=ffff5892914d165f&upstream=systemd	library	libsystemd0	252.39-1~deb12u1	pkg:deb/debian/libsystemd0@252.39-1~deb12u1?arch=amd64&distro=debian-12&upstream=systemd
pkg:deb/debian/libtasn1-6@4.19.0-2%2Bdeb12u1?arch=amd64&distro=debian-12&package-id=43e8c6e1dbd41a5d	library	libtasn1-6	4.19.0-2+deb12u1	pkg:deb/debian/libtasn1-6@4.19.0-2%2Bdeb12u1?arch=amd64&distro=debian-12
pkg:deb/debian/libtiff6@4.5.0-6%2Bdeb12u3?arch=amd64&distro=debian-12&package-id=017939ea1216b685&upstream=tiff	library	libtiff6	4.5.0-6+deb12u3	pkg:deb/debian/libtiff6@4.5.0-6%2Bdeb12u3?arch=amd64&distro=debian-12&upstream=tiff
pkg:deb/debian/libtinfo6@6.4-4?arch=amd64&distro=debian-12&package-id=a6231fb14cfeaaac&upstream=ncurses	library	libtinfo6	6.4-4	pkg:deb/debian/libtinfo6@6.4-4?arch=amd64&distro=debian-12&upstream=ncurses
pkg:deb/debian/libtirpc-common@1.3.3%2Bds-1?arch=all&distro=debian-12&package-id=39ba7f8dc7eaee8e&upstream=libtirpc	library	libtirpc-common	1.3.3+ds-1	pkg:deb/debian/libtirpc-common@1.3.3%2Bds-1?arch=all&distro=debian-12&upstream=libtirpc
pkg:deb/debian/libtirpc-dev@1.3.3%2Bds-1?arch=amd64&distro=debian-12&package-id=f54e603bf1627336&upstream=libtirpc	library	libtirpc-dev	1.3.3+ds-1	pkg:deb/debian/libtirpc-dev@1.3.3%2Bds-1?arch=amd64&distro=debian-12&upstream=libtirpc
pkg:deb/debian/libtirpc3@1.3.3%2Bds-1?arch=amd64&distro=debian-12&package-id=1fc9e3e8ec9c423d&upstream=libtirpc	library	libtirpc3	1.3.3+ds-1	pkg:deb/debian/libtirpc3@1.3.3%2Bds-1?arch=amd64&distro=debian-12&upstream=libtirpc
pkg:deb/debian/libtsan2@12.2.0-14%2Bdeb12u1?arch=amd64&distro=debian-12&package-id=b0763711c23026f8&upstream=gcc-12	library	libtsan2	12.2.0-14+deb12u1	pkg:deb/debian/libtsan2@12.2.0-14%2Bdeb12u1?arch=amd64&distro=debian-12&upstream=gcc-12
pkg:deb/debian/libubsan1@12.2.0-14%2Bdeb12u1?arch=amd64&distro=debian-12&package-id=c9bf42e78c16b99e&upstream=gcc-12	library	libubsan1	12.2.0-14+deb12u1	pkg:deb/debian/libubsan1@12.2.0-14%2Bdeb12u1?arch=amd64&distro=debian-12&upstream=gcc-12
pkg:deb/debian/libudev1@252.39-1~deb12u1?arch=amd64&distro=debian-12&package-id=884632838cded891&upstream=systemd	library	libudev1	252.39-1~deb12u1	pkg:deb/debian/libudev1@252.39-1~deb12u1?arch=amd64&distro=debian-12&upstream=systemd
pkg:deb/debian/libunistring2@1.0-2?arch=amd64&distro=debian-12&package-id=f167882223735de0&upstream=libunistring	library	libunistring2	1.0-2	pkg:deb/debian/libunistring2@1.0-2?arch=amd64&distro=debian-12&upstream=libunistring
pkg:deb/debian/libuuid1@2.38.1-5%2Bdeb12u3?arch=amd64&distro=debian-12&package-id=2049f4c13963925a&upstream=util-linux	library	libuuid1	2.38.1-5+deb12u3	pkg:deb/debian/libuuid1@2.38.1-5%2Bdeb12u3?arch=amd64&distro=debian-12&upstream=util-linux
pkg:deb/debian/libwebp7@1.2.4-0.2%2Bdeb12u1?arch=amd64&distro=debian-12&package-id=d4cc37e4db51f339&upstream=libwebp	library	libwebp7	1.2.4-0.2+deb12u1	pkg:deb/debian/libwebp7@1.2.4-0.2%2Bdeb12u1?arch=amd64&distro=debian-12&upstream=libwebp
pkg:deb/debian/libx11-6@2%3A1.8.4-2%2Bdeb12u2?arch=amd64&distro=debian-12&package-id=34a64022d390bd72&upstream=libx11	library	libx11-6	2:1.8.4-2+deb12u2	pkg:deb/debian/libx11-6@2%3A1.8.4-2%2Bdeb12u2?arch=amd64&distro=debian-12&upstream=libx11
pkg:deb/debian/libx11-data@2%3A1.8.4-2%2Bdeb12u2?arch=all&distro=debian-12&package-id=84c243396fc7f065&upstream=libx11	library	libx11-data	2:1.8.4-2+deb12u2	pkg:deb/debian/libx11-data@2%3A1.8.4-2%2Bdeb12u2?arch=all&distro=debian-12&upstream=libx11
pkg:deb/debian/libx265-199@3.5-2%2Bb1?arch=amd64&distro=debian-12&package-id=cb4c671429bbbc03&upstream=x265%403.5-2	library	libx265-199	3.5-2+b1	pkg:deb/debian/libx265-199@3.5-2%2Bb1?arch=amd64&distro=debian-12&upstream=x265%403.5-2
pkg:deb/debian/libxau6@1%3A1.0.9-1?arch=amd64&distro=debian-12&package-id=872ab899721fb21d&upstream=libxau	library	libxau6	1:1.0.9-1	pkg:deb/debian/libxau6@1%3A1.0.9-1?arch=amd64&distro=debian-12&upstream=libxau
pkg:deb/debian/libxcb1@1.15-1?arch=amd64&distro=debian-12&package-id=fcf65efa31b482cf&upstream=libxcb	library	libxcb1	1.15-1	pkg:deb/debian/libxcb1@1.15-1?arch=amd64&distro=debian-12&upstream=libxcb
pkg:deb/debian/libxdmcp6@1%3A1.1.2-3?arch=amd64&distro=debian-12&package-id=41ba9697e8228d4b&upstream=libxdmcp	library	libxdmcp6	1:1.1.2-3	pkg:deb/debian/libxdmcp6@1%3A1.1.2-3?arch=amd64&distro=debian-12&upstream=libxdmcp
pkg:deb/debian/libxpm4@1%3A3.5.12-1.1%2Bdeb12u1?arch=amd64&distro=debian-12&package-id=07bc70427a2415c9&upstream=libxpm	library	libxpm4	1:3.5.12-1.1+deb12u1	pkg:deb/debian/libxpm4@1%3A3.5.12-1.1%2Bdeb12u1?arch=amd64&distro=debian-12&upstream=libxpm
pkg:deb/debian/libxxhash0@0.8.1-1?arch=amd64&distro=debian-12&package-id=662454f7c4742a97&upstream=xxhash	library	libxxhash0	0.8.1-1	pkg:deb/debian/libxxhash0@0.8.1-1?arch=amd64&distro=debian-12&upstream=xxhash
pkg:deb/debian/libyuv0@0.0~git20230123.b2528b0-1?arch=amd64&distro=debian-12&package-id=8a9b682d6f1e5b6f&upstream=libyuv	library	libyuv0	0.0~git20230123.b2528b0-1	pkg:deb/debian/libyuv0@0.0~git20230123.b2528b0-1?arch=amd64&distro=debian-12&upstream=libyuv
pkg:deb/debian/libzstd1@1.5.4%2Bdfsg2-5?arch=amd64&distro=debian-12&package-id=7cc55da81007017d&upstream=libzstd	library	libzstd1	1.5.4+dfsg2-5	pkg:deb/debian/libzstd1@1.5.4%2Bdfsg2-5?arch=amd64&distro=debian-12&upstream=libzstd
pkg:deb/debian/linux-libc-dev@6.1.159-1?arch=amd64&distro=debian-12&package-id=6434781a144fb566&upstream=linux	library	linux-libc-dev	6.1.159-1	pkg:deb/debian/linux-libc-dev@6.1.159-1?arch=amd64&distro=debian-12&upstream=linux
pkg:deb/debian/login@1%3A4.13%2Bdfsg1-1%2Bdeb12u2?arch=amd64&distro=debian-12&package-id=d5e0daed57b0ef5c&upstream=shadow	library	login	1:4.13+dfsg1-1+deb12u2	pkg:deb/debian/login@1%3A4.13%2Bdfsg1-1%2Bdeb12u2?arch=amd64&distro=debian-12&upstream=shadow
pkg:deb/debian/logsave@1.47.0-2%2Bb2?arch=amd64&distro=debian-12&package-id=db69887a7e4088b2&upstream=e2fsprogs%401.47.0-2	library	logsave	1.47.0-2+b2	pkg:deb/debian/logsave@1.47.0-2%2Bb2?arch=amd64&distro=debian-12&upstream=e2fsprogs%401.47.0-2
pkg:npm/lru-cache@10.4.3?package-id=319b624f10737cbd	library	lru-cache	10.4.3	pkg:npm/lru-cache@10.4.3
pkg:npm/make-fetch-happen@14.0.3?package-id=1e6b4949c3cc6569	library	make-fetch-happen	14.0.3	pkg:npm/make-fetch-happen@14.0.3
pkg:deb/debian/manpages@6.03-2?arch=all&distro=debian-12&package-id=11c93107152af068	library	manpages	6.03-2	pkg:deb/debian/manpages@6.03-2?arch=all&distro=debian-12
pkg:deb/debian/manpages-dev@6.03-2?arch=all&distro=debian-12&package-id=995473fd53c0da36&upstream=manpages	library	manpages-dev	6.03-2	pkg:deb/debian/manpages-dev@6.03-2?arch=all&distro=debian-12&upstream=manpages
pkg:npm/math-intrinsics@1.1.0?package-id=2d895d34700988f0	library	math-intrinsics	1.1.0	pkg:npm/math-intrinsics@1.1.0
pkg:deb/debian/mawk@1.3.4.20200120-3.1?arch=amd64&distro=debian-12&package-id=81ae31ac445c7dbb	library	mawk	1.3.4.20200120-3.1	pkg:deb/debian/mawk@1.3.4.20200120-3.1?arch=amd64&distro=debian-12
pkg:npm/media-typer@0.3.0?package-id=81014f98447e5136	library	media-typer	0.3.0	pkg:npm/media-typer@0.3.0
pkg:npm/memory-pager@1.5.0?package-id=0662a9d31b3c861b	library	memory-pager	1.5.0	pkg:npm/memory-pager@1.5.0
pkg:npm/merge-descriptors@1.0.3?package-id=68963ff84bfb3979	library	merge-descriptors	1.0.3	pkg:npm/merge-descriptors@1.0.3
pkg:npm/methods@1.1.2?package-id=b6e32b096021d728	library	methods	1.1.2	pkg:npm/methods@1.1.2
pkg:npm/mime@1.6.0?package-id=eeed27e198e6c045	library	mime	1.6.0	pkg:npm/mime@1.6.0
pkg:npm/mime-db@1.52.0?package-id=35e1189e7121fb24	library	mime-db	1.52.0	pkg:npm/mime-db@1.52.0
pkg:npm/mime-db@1.54.0?package-id=0759026eabe8168a	library	mime-db	1.54.0	pkg:npm/mime-db@1.54.0
pkg:npm/mime-types@2.1.35?package-id=e87e83811460f52a	library	mime-types	2.1.35	pkg:npm/mime-types@2.1.35
pkg:npm/minimatch@9.0.5?package-id=2d45e4f2c6446db9	library	minimatch	9.0.5	pkg:npm/minimatch@9.0.5
pkg:npm/minipass@3.3.6?package-id=1d17dcdfc72b05c5	library	minipass	3.3.6	pkg:npm/minipass@3.3.6
pkg:npm/minipass@3.3.6?package-id=5e75a0fab7d11386	library	minipass	3.3.6	pkg:npm/minipass@3.3.6
pkg:npm/minipass@3.3.6?package-id=25e74d43692036b6	library	minipass	3.3.6	pkg:npm/minipass@3.3.6
pkg:npm/minipass@3.3.6?package-id=05210912bb1d4dea	library	minipass	3.3.6	pkg:npm/minipass@3.3.6
pkg:npm/minipass@3.3.6?package-id=ed356a9da8f8aa90	library	minipass	3.3.6	pkg:npm/minipass@3.3.6
pkg:npm/minipass@5.0.0?package-id=4a0995b381fb4657	library	minipass	5.0.0	pkg:npm/minipass@5.0.0
pkg:npm/minipass@7.1.2?package-id=3633fb36d9b8bd96	library	minipass	7.1.2	pkg:npm/minipass@7.1.2
pkg:npm/minipass-collect@2.0.1?package-id=888c35bbc6e8add0	library	minipass-collect	2.0.1	pkg:npm/minipass-collect@2.0.1
pkg:npm/minipass-fetch@4.0.1?package-id=1f66c849af2c061f	library	minipass-fetch	4.0.1	pkg:npm/minipass-fetch@4.0.1
pkg:npm/minipass-flush@1.0.5?package-id=333ab3dffdf7c97b	library	minipass-flush	1.0.5	pkg:npm/minipass-flush@1.0.5
pkg:npm/minipass-pipeline@1.2.4?package-id=6bcc913ba29941f6	library	minipass-pipeline	1.2.4	pkg:npm/minipass-pipeline@1.2.4
pkg:npm/minipass-sized@1.0.3?package-id=b57213893f03c1ff	library	minipass-sized	1.0.3	pkg:npm/minipass-sized@1.0.3
pkg:npm/minizlib@2.1.2?package-id=c09ce649611257cb	library	minizlib	2.1.2	pkg:npm/minizlib@2.1.2
pkg:npm/minizlib@3.0.2?package-id=ba2f6f02e35237b5	library	minizlib	3.0.2	pkg:npm/minizlib@3.0.2
pkg:npm/mkdirp@1.0.4?package-id=e45dfae863524d6f	library	mkdirp	1.0.4	pkg:npm/mkdirp@1.0.4
pkg:npm/mkdirp@3.0.1?package-id=ff83805de6ea9e3d	library	mkdirp	3.0.1	pkg:npm/mkdirp@3.0.1
pkg:npm/mkdirp@3.0.1?package-id=996da3d70601fd6c	library	mkdirp	3.0.1	pkg:npm/mkdirp@3.0.1
pkg:npm/mkdirp@3.0.1?package-id=cb4ef8f76f3e06ea	library	mkdirp	3.0.1	pkg:npm/mkdirp@3.0.1
pkg:npm/mkdirp@3.0.1?package-id=ec1679adad0e123b	library	mkdirp	3.0.1	pkg:npm/mkdirp@3.0.1
pkg:npm/moment@2.30.1?package-id=91ad1c63594a2d98	library	moment	2.30.1	pkg:npm/moment@2.30.1
pkg:npm/moment-timezone@0.5.48?package-id=63c1fe854dd79688	library	moment-timezone	0.5.48	pkg:npm/moment-timezone@0.5.48
pkg:npm/mongo-sanitize@1.1.0?package-id=7e0a13b52a37979f	library	mongo-sanitize	1.1.0	pkg:npm/mongo-sanitize@1.1.0
pkg:npm/mongodb@3.7.4?package-id=5886c46362e206ad	library	mongodb	3.7.4	pkg:npm/mongodb@3.7.4
pkg:deb/debian/mount@2.38.1-5%2Bdeb12u3?arch=amd64&distro=debian-12&package-id=e75e0a2b6968d414&upstream=util-linux	library	mount	2.38.1-5+deb12u3	pkg:deb/debian/mount@2.38.1-5%2Bdeb12u3?arch=amd64&distro=debian-12&upstream=util-linux
pkg:npm/ms@2.0.0?package-id=94e8ab2f78793887	library	ms	2.0.0	pkg:npm/ms@2.0.0
pkg:npm/ms@2.1.3?package-id=07148c49b5b46d25	library	ms	2.1.3	pkg:npm/ms@2.1.3
pkg:npm/ms@2.1.3?package-id=8caca04449f26d10	library	ms	2.1.3	pkg:npm/ms@2.1.3
pkg:npm/mute-stream@2.0.0?package-id=8dba0d557b7102a4	library	mute-stream	2.0.0	pkg:npm/mute-stream@2.0.0
pkg:deb/debian/ncurses-base@6.4-4?arch=all&distro=debian-12&package-id=ec73073218fd031a&upstream=ncurses	library	ncurses-base	6.4-4	pkg:deb/debian/ncurses-base@6.4-4?arch=all&distro=debian-12&upstream=ncurses
pkg:deb/debian/ncurses-bin@6.4-4?arch=amd64&distro=debian-12&package-id=c5b18ac268f2ccdf&upstream=ncurses	library	ncurses-bin	6.4-4	pkg:deb/debian/ncurses-bin@6.4-4?arch=amd64&distro=debian-12&upstream=ncurses
pkg:npm/negotiator@0.6.3?package-id=7df00b3e109b7d17	library	negotiator	0.6.3	pkg:npm/negotiator@0.6.3
pkg:npm/negotiator@0.6.4?package-id=aaacaeecde9381d5	library	negotiator	0.6.4	pkg:npm/negotiator@0.6.4
pkg:npm/negotiator@1.0.0?package-id=9547729be015ef0b	library	negotiator	1.0.0	pkg:npm/negotiator@1.0.0
pkg:generic/node@22.22.0?package-id=c164640a0028f86e	application	node	22.22.0	pkg:generic/node@22.22.0
pkg:npm/node-gyp@11.2.0?package-id=3a96e5e1ead5a71a	library	node-gyp	11.2.0	pkg:npm/node-gyp@11.2.0
pkg:npm/nodemailer@6.10.1?package-id=1a1ea255d5e5b964	library	nodemailer	6.10.1	pkg:npm/nodemailer@6.10.1
pkg:npm/nopt@8.1.0?package-id=05aeb562621e68b6	library	nopt	8.1.0	pkg:npm/nopt@8.1.0
pkg:npm/normalize-package-data@7.0.0?package-id=fff78d7ef8bb4ac9	library	normalize-package-data	7.0.0	pkg:npm/normalize-package-data@7.0.0
pkg:npm/npm@10.9.4?package-id=0a85c983d102907d	library	npm	10.9.4	pkg:npm/npm@10.9.4
pkg:npm/npm-audit-report@6.0.0?package-id=a7061ae2a63dd435	library	npm-audit-report	6.0.0	pkg:npm/npm-audit-report@6.0.0
pkg:npm/npm-bundled@4.0.0?package-id=fad75d4e438f45f1	library	npm-bundled	4.0.0	pkg:npm/npm-bundled@4.0.0
pkg:npm/npm-install-checks@7.1.1?package-id=a938ad8b3a9d5466	library	npm-install-checks	7.1.1	pkg:npm/npm-install-checks@7.1.1
pkg:npm/npm-normalize-package-bin@4.0.0?package-id=73ef53e0b544c3c6	library	npm-normalize-package-bin	4.0.0	pkg:npm/npm-normalize-package-bin@4.0.0
pkg:npm/npm-package-arg@12.0.2?package-id=785a1819d7a7f7f0	library	npm-package-arg	12.0.2	pkg:npm/npm-package-arg@12.0.2
pkg:npm/npm-packlist@9.0.0?package-id=23246576fb4a75ed	library	npm-packlist	9.0.0	pkg:npm/npm-packlist@9.0.0
pkg:npm/npm-pick-manifest@10.0.0?package-id=3ccc9636fd429e90	library	npm-pick-manifest	10.0.0	pkg:npm/npm-pick-manifest@10.0.0
pkg:npm/npm-profile@11.0.1?package-id=af5af53606a4d007	library	npm-profile	11.0.1	pkg:npm/npm-profile@11.0.1
pkg:npm/npm-registry-fetch@18.0.2?package-id=6f69202a9a5d1508	library	npm-registry-fetch	18.0.2	pkg:npm/npm-registry-fetch@18.0.2
pkg:npm/npm-user-validate@3.0.0?package-id=3fe0b503a65721fb	library	npm-user-validate	3.0.0	pkg:npm/npm-user-validate@3.0.0
pkg:npm/object-assign@4.1.1?package-id=2dbcb1672d5aaccf	library	object-assign	4.1.1	pkg:npm/object-assign@4.1.1
pkg:npm/object-inspect@1.13.4?package-id=405552e8877d5fb5	library	object-inspect	1.13.4	pkg:npm/object-inspect@1.13.4
pkg:npm/on-finished@2.3.0?package-id=3e7834042189d615	library	on-finished	2.3.0	pkg:npm/on-finished@2.3.0
pkg:npm/on-finished@2.4.1?package-id=7a6ef948033f68d6	library	on-finished	2.4.1	pkg:npm/on-finished@2.4.1
pkg:npm/on-headers@1.1.0?package-id=122739625648bf8f	library	on-headers	1.1.0	pkg:npm/on-headers@1.1.0
pkg:deb/debian/openssl@3.0.18-1~deb12u2?arch=amd64&distro=debian-12&package-id=040060437888b04a	library	openssl	3.0.18-1~deb12u2	pkg:deb/debian/openssl@3.0.18-1~deb12u2?arch=amd64&distro=debian-12
pkg:npm/optional-require@1.1.10?package-id=026014772f21b5d6	library	optional-require	1.1.10	pkg:npm/optional-require@1.1.10
pkg:npm/p-map@7.0.3?package-id=5280a8c531cc3850	library	p-map	7.0.3	pkg:npm/p-map@7.0.3
pkg:npm/package-json-from-dist@1.0.1?package-id=c41946eaecede2e6	library	package-json-from-dist	1.0.1	pkg:npm/package-json-from-dist@1.0.1
pkg:npm/packet-reader@1.0.0?package-id=2722ad39a09e949e	library	packet-reader	1.0.0	pkg:npm/packet-reader@1.0.0
pkg:npm/pacote@19.0.1?package-id=4fb1c208cd200962	library	pacote	19.0.1	pkg:npm/pacote@19.0.1
pkg:npm/pacote@20.0.0?package-id=8b6cb1faa84f0d13	library	pacote	20.0.0	pkg:npm/pacote@20.0.0
pkg:npm/parse-conflict-json@4.0.0?package-id=14e81d6fd0ab925d	library	parse-conflict-json	4.0.0	pkg:npm/parse-conflict-json@4.0.0
pkg:npm/parseurl@1.3.3?package-id=9d8c40576818fd6b	library	parseurl	1.3.3	pkg:npm/parseurl@1.3.3
pkg:deb/debian/passwd@1%3A4.13%2Bdfsg1-1%2Bdeb12u2?arch=amd64&distro=debian-12&package-id=1853000d374a22b0&upstream=shadow	library	passwd	1:4.13+dfsg1-1+deb12u2	pkg:deb/debian/passwd@1%3A4.13%2Bdfsg1-1%2Bdeb12u2?arch=amd64&distro=debian-12&upstream=shadow
pkg:npm/path-key@3.1.1?package-id=aa5405b6d91f69ad	library	path-key	3.1.1	pkg:npm/path-key@3.1.1
pkg:npm/path-scurry@1.11.1?package-id=5bb11def864bdf40	library	path-scurry	1.11.1	pkg:npm/path-scurry@1.11.1
pkg:npm/path-to-regexp@0.1.12?package-id=b194a88512f576f2	library	path-to-regexp	0.1.12	pkg:npm/path-to-regexp@0.1.12
pkg:deb/debian/perl-base@5.36.0-7%2Bdeb12u3?arch=amd64&distro=debian-12&package-id=e272b8e8d5eb9292&upstream=perl	library	perl-base	5.36.0-7+deb12u3	pkg:deb/debian/perl-base@5.36.0-7%2Bdeb12u3?arch=amd64&distro=debian-12&upstream=perl
pkg:npm/pg@8.11.3?package-id=a77826ab361d624f	library	pg	8.11.3	pkg:npm/pg@8.11.3
pkg:npm/pg@8.16.3?package-id=1de8d685ddf63743	library	pg	8.16.3	pkg:npm/pg@8.16.3
pkg:npm/pg@8.18.0?package-id=43c63c9d79fc8754	library	pg	8.18.0	pkg:npm/pg@8.18.0
pkg:npm/pg-cloudflare@1.3.0?package-id=da65bb7fe0be03a3	library	pg-cloudflare	1.3.0	pkg:npm/pg-cloudflare@1.3.0
pkg:npm/pg-connection-string@2.11.0?package-id=21d23d13d85e7f1d	library	pg-connection-string	2.11.0	pkg:npm/pg-connection-string@2.11.0
pkg:npm/pg-cursor@2.17.0?package-id=f3d0df2115d85fb9	library	pg-cursor	2.17.0	pkg:npm/pg-cursor@2.17.0
pkg:npm/pg-int8@1.0.1?package-id=200b9420677b4de0	library	pg-int8	1.0.1	pkg:npm/pg-int8@1.0.1
pkg:npm/pg-minify@1.8.0?package-id=7264e8256f5f6b63	library	pg-minify	1.8.0	pkg:npm/pg-minify@1.8.0
pkg:npm/pg-pool@3.11.0?package-id=ab155bd79ad93cc6	library	pg-pool	3.11.0	pkg:npm/pg-pool@3.11.0
pkg:npm/pg-pool@3.11.0?package-id=8d9a299d161981d0	library	pg-pool	3.11.0	pkg:npm/pg-pool@3.11.0
pkg:npm/pg-pool@3.6.1?package-id=bfd3f5d9ca669c1b	library	pg-pool	3.6.1	pkg:npm/pg-pool@3.6.1
pkg:npm/pg-promise@11.15.0?package-id=17a563d32fb5b614	library	pg-promise	11.15.0	pkg:npm/pg-promise@11.15.0
pkg:npm/pg-protocol@1.11.0?package-id=1fbd1ed446b3db31	library	pg-protocol	1.11.0	pkg:npm/pg-protocol@1.11.0
pkg:npm/pg-query-stream@4.10.3?package-id=81fef635dea92229	library	pg-query-stream	4.10.3	pkg:npm/pg-query-stream@4.10.3
pkg:npm/pg-types@2.2.0?package-id=59d8d864031b51b5	library	pg-types	2.2.0	pkg:npm/pg-types@2.2.0
pkg:npm/pgpass@1.0.5?package-id=8ca9739def61b074	library	pgpass	1.0.5	pkg:npm/pgpass@1.0.5
pkg:npm/picomatch@4.0.2?package-id=1f43668312306768	library	picomatch	4.0.2	pkg:npm/picomatch@4.0.2
pkg:npm/postcss-selector-parser@7.1.0?package-id=d0a45d08f2d85e22	library	postcss-selector-parser	7.1.0	pkg:npm/postcss-selector-parser@7.1.0
pkg:npm/postgres-array@2.0.0?package-id=d2a3ca08f82c9003	library	postgres-array	2.0.0	pkg:npm/postgres-array@2.0.0
pkg:npm/postgres-bytea@1.0.1?package-id=ad6cd16664fa2d56	library	postgres-bytea	1.0.1	pkg:npm/postgres-bytea@1.0.1
pkg:npm/postgres-date@1.0.7?package-id=bea5e9d750492eeb	library	postgres-date	1.0.7	pkg:npm/postgres-date@1.0.7
pkg:npm/postgres-interval@1.2.0?package-id=7ae21174d324ccbc	library	postgres-interval	1.2.0	pkg:npm/postgres-interval@1.2.0
pkg:npm/postgres-migrations@5.3.0?package-id=e48599729393f277	library	postgres-migrations	5.3.0	pkg:npm/postgres-migrations@5.3.0
pkg:npm/proc-log@5.0.0?package-id=15a3f77fd88e89f8	library	proc-log	5.0.0	pkg:npm/proc-log@5.0.0
pkg:npm/process-nextick-args@2.0.1?package-id=344ff83aa01048b6	library	process-nextick-args	2.0.1	pkg:npm/process-nextick-args@2.0.1
pkg:npm/proggy@3.0.0?package-id=1d7f93e1ddfaf9b4	library	proggy	3.0.0	pkg:npm/proggy@3.0.0
pkg:npm/promise-all-reject-late@1.0.1?package-id=1bf3a07bda5bb6c3	library	promise-all-reject-late	1.0.1	pkg:npm/promise-all-reject-late@1.0.1
pkg:npm/promise-call-limit@3.0.2?package-id=a3a0cd8000fbbd4a	library	promise-call-limit	3.0.2	pkg:npm/promise-call-limit@3.0.2
pkg:npm/promise-retry@2.0.1?package-id=38a6b0b4840bc5e3	library	promise-retry	2.0.1	pkg:npm/promise-retry@2.0.1
pkg:npm/promzard@2.0.0?package-id=ffbdf5684af335da	library	promzard	2.0.0	pkg:npm/promzard@2.0.0
pkg:npm/proxy-addr@2.0.7?package-id=8d862aa6756d1b30	library	proxy-addr	2.0.7	pkg:npm/proxy-addr@2.0.7
pkg:deb/debian/publicsuffix@20230209.2326-1?arch=all&distro=debian-12&package-id=604959868ff6a839	library	publicsuffix	20230209.2326-1	pkg:deb/debian/publicsuffix@20230209.2326-1?arch=all&distro=debian-12
pkg:npm/qrcode-terminal@0.12.0?package-id=70ddce9567b55fbd	library	qrcode-terminal	0.12.0	pkg:npm/qrcode-terminal@0.12.0
pkg:npm/qs@6.14.1?package-id=ff69aa535a4aa5ba	library	qs	6.14.1	pkg:npm/qs@6.14.1
pkg:npm/range-parser@1.2.1?package-id=1cf6d939f019c0b3	library	range-parser	1.2.1	pkg:npm/range-parser@1.2.1
pkg:npm/raw-body@2.5.3?package-id=e98b474e3d41eef0	library	raw-body	2.5.3	pkg:npm/raw-body@2.5.3
pkg:npm/read@4.1.0?package-id=5b3bfe55f704f670	library	read	4.1.0	pkg:npm/read@4.1.0
pkg:npm/read-cmd-shim@5.0.0?package-id=3b96eabdb7a352a8	library	read-cmd-shim	5.0.0	pkg:npm/read-cmd-shim@5.0.0
pkg:npm/read-package-json-fast@4.0.0?package-id=4154f67ac4aeaed6	library	read-package-json-fast	4.0.0	pkg:npm/read-package-json-fast@4.0.0
pkg:npm/readable-stream@2.3.8?package-id=5f416cb7f1ded37c	library	readable-stream	2.3.8	pkg:npm/readable-stream@2.3.8
pkg:npm/require-at@1.0.6?package-id=253c28a60ca15c7e	library	require-at	1.0.6	pkg:npm/require-at@1.0.6
pkg:npm/retry@0.12.0?package-id=2c24e911fcc81246	library	retry	0.12.0	pkg:npm/retry@0.12.0
pkg:deb/debian/rpcsvc-proto@1.4.3-1?arch=amd64&distro=debian-12&package-id=37c509db60e362bb	library	rpcsvc-proto	1.4.3-1	pkg:deb/debian/rpcsvc-proto@1.4.3-1?arch=amd64&distro=debian-12
pkg:npm/safe-buffer@5.1.2?package-id=d53cc2555496a59c	library	safe-buffer	5.1.2	pkg:npm/safe-buffer@5.1.2
pkg:npm/safe-buffer@5.1.2?package-id=064a48057f2e9b5c	library	safe-buffer	5.1.2	pkg:npm/safe-buffer@5.1.2
pkg:npm/safe-buffer@5.2.1?package-id=1793b7d0d4224cca	library	safe-buffer	5.2.1	pkg:npm/safe-buffer@5.2.1
pkg:npm/safe-compare@1.1.4?package-id=a60454b772674b70	library	safe-compare	1.1.4	pkg:npm/safe-compare@1.1.4
pkg:npm/safer-buffer@2.1.2?package-id=6a624b002f9ac250	library	safer-buffer	2.1.2	pkg:npm/safer-buffer@2.1.2
pkg:npm/safer-buffer@2.1.2?package-id=8cc44e9b47df8656	library	safer-buffer	2.1.2	pkg:npm/safer-buffer@2.1.2
pkg:npm/saslprep@1.0.3?package-id=451f5d834c12cece	library	saslprep	1.0.3	pkg:npm/saslprep@1.0.3
pkg:deb/debian/sed@4.9-1?arch=amd64&distro=debian-12&package-id=29a4796fb455ff5b	library	sed	4.9-1	pkg:deb/debian/sed@4.9-1?arch=amd64&distro=debian-12
pkg:npm/semver@7.7.2?package-id=0e84e42ec535e3a9	library	semver	7.7.2	pkg:npm/semver@7.7.2
pkg:npm/send@0.19.2?package-id=251cab826880e792	library	send	0.19.2	pkg:npm/send@0.19.2
pkg:npm/serve-static@1.16.3?package-id=0744bc71b72987c7	library	serve-static	1.16.3	pkg:npm/serve-static@1.16.3
pkg:npm/setprototypeof@1.1.0?package-id=9f516d37d7a3eeb7	library	setprototypeof	1.1.0	pkg:npm/setprototypeof@1.1.0
pkg:npm/setprototypeof@1.2.0?package-id=25814b5d0c35a584	library	setprototypeof	1.2.0	pkg:npm/setprototypeof@1.2.0
pkg:npm/shebang-command@2.0.0?package-id=db16b7c77751c2ef	library	shebang-command	2.0.0	pkg:npm/shebang-command@2.0.0
pkg:npm/shebang-regex@3.0.0?package-id=8bad1e135301bc45	library	shebang-regex	3.0.0	pkg:npm/shebang-regex@3.0.0
pkg:npm/side-channel@1.1.0?package-id=c6c00506fc666cc7	library	side-channel	1.1.0	pkg:npm/side-channel@1.1.0
pkg:npm/side-channel-list@1.0.0?package-id=86d23b21201ad5ae	library	side-channel-list	1.0.0	pkg:npm/side-channel-list@1.0.0
pkg:npm/side-channel-map@1.0.1?package-id=7b380a1f52f75ae2	library	side-channel-map	1.0.1	pkg:npm/side-channel-map@1.0.1
pkg:npm/side-channel-weakmap@1.0.2?package-id=9c92994d3528ff7d	library	side-channel-weakmap	1.0.2	pkg:npm/side-channel-weakmap@1.0.2
pkg:npm/signal-exit@4.1.0?package-id=a6026ad1b170946b	library	signal-exit	4.1.0	pkg:npm/signal-exit@4.1.0
pkg:npm/sigstore@3.1.0?package-id=83afb4c89ea40b7b	library	sigstore	3.1.0	pkg:npm/sigstore@3.1.0
pkg:npm/smart-buffer@4.2.0?package-id=b9cef0d0a41a6c67	library	smart-buffer	4.2.0	pkg:npm/smart-buffer@4.2.0
pkg:npm/socks@2.8.5?package-id=4f86261ba815c08d	library	socks	2.8.5	pkg:npm/socks@2.8.5
pkg:npm/socks-proxy-agent@8.0.5?package-id=70d90db663b64594	library	socks-proxy-agent	8.0.5	pkg:npm/socks-proxy-agent@8.0.5
pkg:npm/sparse-bitfield@3.0.3?package-id=2166a31d8f114314	library	sparse-bitfield	3.0.3	pkg:npm/sparse-bitfield@3.0.3
pkg:npm/spdx-correct@3.2.0?package-id=7ef2df5b28cabb73	library	spdx-correct	3.2.0	pkg:npm/spdx-correct@3.2.0
pkg:npm/spdx-exceptions@2.5.0?package-id=14080b01d7b4803f	library	spdx-exceptions	2.5.0	pkg:npm/spdx-exceptions@2.5.0
pkg:npm/spdx-expression-parse@3.0.1?package-id=3f6ed6a4b5905073	library	spdx-expression-parse	3.0.1	pkg:npm/spdx-expression-parse@3.0.1
pkg:npm/spdx-expression-parse@3.0.1?package-id=79497656967c0e92	library	spdx-expression-parse	3.0.1	pkg:npm/spdx-expression-parse@3.0.1
pkg:npm/spdx-expression-parse@4.0.0?package-id=9a0a9649306418ed	library	spdx-expression-parse	4.0.0	pkg:npm/spdx-expression-parse@4.0.0
pkg:npm/spdx-license-ids@3.0.21?package-id=7c6a18bdd8521323	library	spdx-license-ids	3.0.21	pkg:npm/spdx-license-ids@3.0.21
pkg:npm/spex@3.4.1?package-id=61bea33fa2c499db	library	spex	3.4.1	pkg:npm/spex@3.4.1
pkg:npm/split2@4.2.0?package-id=9e9d486fa92de7b4	library	split2	4.2.0	pkg:npm/split2@4.2.0
pkg:npm/sprintf-js@1.1.3?package-id=04824a1b161a7a35	library	sprintf-js	1.1.3	pkg:npm/sprintf-js@1.1.3
pkg:npm/sql-template-strings@2.2.2?package-id=ed4c8e0dd7862614	library	sql-template-strings	2.2.2	pkg:npm/sql-template-strings@2.2.2
pkg:npm/ssl-root-cas@1.3.1?package-id=3c5fb41456f7e182	library	ssl-root-cas	1.3.1	pkg:npm/ssl-root-cas@1.3.1
pkg:npm/ssri@12.0.0?package-id=b324534cbb5b10cf	library	ssri	12.0.0	pkg:npm/ssri@12.0.0
pkg:npm/statuses@1.5.0?package-id=d84c16a3ac7cad01	library	statuses	1.5.0	pkg:npm/statuses@1.5.0
pkg:npm/statuses@2.0.2?package-id=bf9043df1f2dbb9c	library	statuses	2.0.2	pkg:npm/statuses@2.0.2
pkg:npm/string-width@4.2.3?package-id=e2099290a066d99d	library	string-width	4.2.3	pkg:npm/string-width@4.2.3
pkg:npm/string-width@4.2.3?package-id=38a30aaeaeb0b909	library	string-width	4.2.3	pkg:npm/string-width@4.2.3
pkg:npm/string-width@5.1.2?package-id=9291e3d2f2f4d976	library	string-width	5.1.2	pkg:npm/string-width@5.1.2
pkg:npm/string-width@5.1.2?package-id=650efec40c60e144	library	string-width	5.1.2	pkg:npm/string-width@5.1.2
pkg:npm/string_decoder@1.1.1?package-id=037f91b29bb22ce1	library	string_decoder	1.1.1	pkg:npm/string_decoder@1.1.1
pkg:npm/strip-ansi@6.0.1?package-id=7716c2197b9069ed	library	strip-ansi	6.0.1	pkg:npm/strip-ansi@6.0.1
pkg:npm/strip-ansi@6.0.1?package-id=69c28715aba5a85c	library	strip-ansi	6.0.1	pkg:npm/strip-ansi@6.0.1
pkg:npm/strip-ansi@7.1.0?package-id=662771a79756e016	library	strip-ansi	7.1.0	pkg:npm/strip-ansi@7.1.0
pkg:npm/strip-ansi@7.1.0?package-id=397493ead4648090	library	strip-ansi	7.1.0	pkg:npm/strip-ansi@7.1.0
pkg:npm/supports-color@7.2.0?package-id=44640317d2a84a10	library	supports-color	7.2.0	pkg:npm/supports-color@7.2.0
pkg:npm/supports-color@9.4.0?package-id=54a7a19a496b2875	library	supports-color	9.4.0	pkg:npm/supports-color@9.4.0
pkg:deb/debian/sysvinit-utils@3.06-4?arch=amd64&distro=debian-12&package-id=ad6415822991d492&upstream=sysvinit	library	sysvinit-utils	3.06-4	pkg:deb/debian/sysvinit-utils@3.06-4?arch=amd64&distro=debian-12&upstream=sysvinit
pkg:deb/debian/tar@1.34%2Bdfsg-1.2%2Bdeb12u1?arch=amd64&distro=debian-12&package-id=f8ad3f5238dbcf6a	library	tar	1.34+dfsg-1.2+deb12u1	pkg:deb/debian/tar@1.34%2Bdfsg-1.2%2Bdeb12u1?arch=amd64&distro=debian-12
pkg:npm/tar@6.2.1?package-id=2c1eb304066e694a	library	tar	6.2.1	pkg:npm/tar@6.2.1
pkg:npm/tar@7.4.3?package-id=f3286c35c5198a7d	library	tar	7.4.3	pkg:npm/tar@7.4.3
pkg:npm/tar@7.4.3?package-id=f1798e2aef0c5788	library	tar	7.4.3	pkg:npm/tar@7.4.3
pkg:npm/text-table@0.2.0?package-id=1f03104867bb7226	library	text-table	0.2.0	pkg:npm/text-table@0.2.0
pkg:npm/tiny-relative-date@1.3.0?package-id=bb64d30c83be7c41	library	tiny-relative-date	1.3.0	pkg:npm/tiny-relative-date@1.3.0
pkg:npm/tinyglobby@0.2.14?package-id=026a86825faa973d	library	tinyglobby	0.2.14	pkg:npm/tinyglobby@0.2.14
pkg:npm/toidentifier@1.0.1?package-id=c35b1aea98ee44e3	library	toidentifier	1.0.1	pkg:npm/toidentifier@1.0.1
pkg:npm/treeverse@3.0.0?package-id=fdbc373e47fb6d77	library	treeverse	3.0.0	pkg:npm/treeverse@3.0.0
pkg:npm/tuf-js@3.0.1?package-id=45f5d632c377b5f3	library	tuf-js	3.0.1	pkg:npm/tuf-js@3.0.1
pkg:npm/type-is@1.6.18?package-id=32e8bdb69683617c	library	type-is	1.6.18	pkg:npm/type-is@1.6.18
pkg:npm/typescript@5.9.3?package-id=ca4acaac884ebeba	library	typescript	5.9.3	pkg:npm/typescript@5.9.3
pkg:deb/debian/tzdata@2025b-0%2Bdeb12u2?arch=all&distro=debian-12&package-id=30a2ec79a0be6035	library	tzdata	2025b-0+deb12u2	pkg:deb/debian/tzdata@2025b-0%2Bdeb12u2?arch=all&distro=debian-12
pkg:npm/undici-types@6.21.0?package-id=c4bc6ad6bb46fcc7	library	undici-types	6.21.0	pkg:npm/undici-types@6.21.0
pkg:npm/unique-filename@4.0.0?package-id=4dbb275edde9893e	library	unique-filename	4.0.0	pkg:npm/unique-filename@4.0.0
pkg:npm/unique-slug@5.0.0?package-id=1ca2d62a97c43c19	library	unique-slug	5.0.0	pkg:npm/unique-slug@5.0.0
pkg:npm/unpipe@1.0.0?package-id=cb3861fed5b6833d	library	unpipe	1.0.0	pkg:npm/unpipe@1.0.0
pkg:deb/debian/unzip@6.0-28?arch=amd64&distro=debian-12&package-id=d86d104b2d6876f3	library	unzip	6.0-28	pkg:deb/debian/unzip@6.0-28?arch=amd64&distro=debian-12
pkg:deb/debian/usr-is-merged@37~deb12u1?arch=all&distro=debian-12&package-id=5d5368e5a339ea05&upstream=usrmerge	library	usr-is-merged	37~deb12u1	pkg:deb/debian/usr-is-merged@37~deb12u1?arch=all&distro=debian-12&upstream=usrmerge
pkg:npm/util-deprecate@1.0.2?package-id=4a1bff8334770673	library	util-deprecate	1.0.2	pkg:npm/util-deprecate@1.0.2
pkg:npm/util-deprecate@1.0.2?package-id=335b4279a8891fd2	library	util-deprecate	1.0.2	pkg:npm/util-deprecate@1.0.2
pkg:deb/debian/util-linux@2.38.1-5%2Bdeb12u3?arch=amd64&distro=debian-12&package-id=b11f4a313957922c	library	util-linux	2.38.1-5+deb12u3	pkg:deb/debian/util-linux@2.38.1-5%2Bdeb12u3?arch=amd64&distro=debian-12
pkg:deb/debian/util-linux-extra@2.38.1-5%2Bdeb12u3?arch=amd64&distro=debian-12&package-id=fc9180bcad1f4d49&upstream=util-linux	library	util-linux-extra	2.38.1-5+deb12u3	pkg:deb/debian/util-linux-extra@2.38.1-5%2Bdeb12u3?arch=amd64&distro=debian-12&upstream=util-linux
pkg:npm/utils-merge@1.0.1?package-id=b71feb2433956b3a	library	utils-merge	1.0.1	pkg:npm/utils-merge@1.0.1
pkg:npm/uuid@9.0.1?package-id=5e2d18119ff3abf7	library	uuid	9.0.1	pkg:npm/uuid@9.0.1
pkg:deb/debian/uuid-runtime@2.38.1-5%2Bdeb12u3?arch=amd64&distro=debian-12&package-id=9cb935fafd01439f&upstream=util-linux	library	uuid-runtime	2.38.1-5+deb12u3	pkg:deb/debian/uuid-runtime@2.38.1-5%2Bdeb12u3?arch=amd64&distro=debian-12&upstream=util-linux
pkg:npm/validate-npm-package-license@3.0.4?package-id=2465e053544714c0	library	validate-npm-package-license	3.0.4	pkg:npm/validate-npm-package-license@3.0.4
pkg:npm/validate-npm-package-name@6.0.1?package-id=7df7ad8400f712af	library	validate-npm-package-name	6.0.1	pkg:npm/validate-npm-package-name@6.0.1
pkg:npm/vary@1.1.2?package-id=42789075c96140cb	library	vary	1.1.2	pkg:npm/vary@1.1.2
pkg:npm/walk-up-path@3.0.1?package-id=10e7b7b62d4a4644	library	walk-up-path	3.0.1	pkg:npm/walk-up-path@3.0.1
pkg:npm/which@2.0.2?package-id=687f8a8a6370c67d	library	which	2.0.2	pkg:npm/which@2.0.2
pkg:npm/which@5.0.0?package-id=fc9f6da695033ef3	library	which	5.0.0	pkg:npm/which@5.0.0
pkg:npm/wrap-ansi@7.0.0?package-id=ed2e6b510db6889c	library	wrap-ansi	7.0.0	pkg:npm/wrap-ansi@7.0.0
pkg:npm/wrap-ansi@8.1.0?package-id=98f9d66d8b599c4f	library	wrap-ansi	8.1.0	pkg:npm/wrap-ansi@8.1.0
pkg:npm/write-file-atomic@6.0.0?package-id=42a7bd80110acd5d	library	write-file-atomic	6.0.0	pkg:npm/write-file-atomic@6.0.0
pkg:npm/xtend@4.0.2?package-id=682d232964b5a999	library	xtend	4.0.2	pkg:npm/xtend@4.0.2
pkg:npm/yallist@4.0.0?package-id=c1370211f53a9bbd	library	yallist	4.0.0	pkg:npm/yallist@4.0.0
pkg:npm/yallist@5.0.0?package-id=26823bc6f47761c2	library	yallist	5.0.0	pkg:npm/yallist@5.0.0
pkg:npm/yallist@5.0.0?package-id=4220e421a19c8aef	library	yallist	5.0.0	pkg:npm/yallist@5.0.0
pkg:npm/yarn@1.22.22?package-id=d1708e025db7b0c0	library	yarn	1.22.22	pkg:npm/yarn@1.22.22
pkg:deb/debian/zip@3.0-13?arch=amd64&distro=debian-12&package-id=03f30eea77f8b016	library	zip	3.0-13	pkg:deb/debian/zip@3.0-13?arch=amd64&distro=debian-12
pkg:deb/debian/zlib1g@1%3A1.2.13.dfsg-1?arch=amd64&distro=debian-12&package-id=077923f667034501&upstream=zlib	library	zlib1g	1:1.2.13.dfsg-1	pkg:deb/debian/zlib1g@1%3A1.2.13.dfsg-1?arch=amd64&distro=debian-12&upstream=zlib
os:debian@12	operating-system	debian	12	
af074f791982c893	file	/etc/adduser.conf		
90bbaf8d1377ace0	file	/etc/alternatives/README		
fd7c3ed73e1217b1	file	/etc/apt/apt.conf.d/01autoremove		
b8f29b9924a6f495	file	/etc/apt/apt.conf.d/70debconf		
fc3298b931b9183c	file	/etc/apt/trusted.gpg.d/debian-archive-bookworm-automatic.asc		
949ce43349153b89	file	/etc/apt/trusted.gpg.d/debian-archive-bookworm-security-automatic.asc		
8cb417bd529af7bc	file	/etc/apt/trusted.gpg.d/debian-archive-bookworm-stable.asc		
8a895e2439795f7b	file	/etc/apt/trusted.gpg.d/debian-archive-bullseye-automatic.asc		
d55ce3b34ab7daaf	file	/etc/apt/trusted.gpg.d/debian-archive-bullseye-security-automatic.asc		
d5cca5902108a096	file	/etc/apt/trusted.gpg.d/debian-archive-bullseye-stable.asc		
4cebfdbedd70d01e	file	/etc/apt/trusted.gpg.d/debian-archive-trixie-automatic.asc		
7f4f6883e252cc72	file	/etc/apt/trusted.gpg.d/debian-archive-trixie-security-automatic.asc		
dea79daada369074	file	/etc/apt/trusted.gpg.d/debian-archive-trixie-stable.asc		
020aaae27d7e6706	file	/etc/bash.bashrc		
b164adb4649d8a2e	file	/etc/bindresvport.blacklist		
e706cdd08a04eb6c	file	/etc/cron.d/e2scrub_all		
f5930c092679094f	file	/etc/cron.daily/apt-compat		
7eac14074e73397d	file	/etc/cron.daily/dpkg		
8c3d89c05d53d454	file	/etc/debconf.conf		
a8e570794991d5a7	file	/etc/debian_version		
aaa8374be848117e	file	/etc/default/hwclock		
ad969d3911e52faf	file	/etc/default/nss		
a3eab42b1e9ad56b	file	/etc/default/useradd		
a78ed8232f3e8f9c	file	/etc/deluser.conf		
2b28e94f6db2bba9	file	/etc/dpkg/dpkg.cfg		
6b6cdb1a457d9651	file	/etc/dpkg/origins/debian		
9e82eb77a2507c97	file	/etc/e2scrub.conf		
4a5ed4f1a4312649	file	/etc/gai.conf		
db3d61b7590d49e5	file	/etc/host.conf		
0ff478aed1b0ff5d	file	/etc/init.d/hwclock.sh		
f5e8cea17e65fb69	file	/etc/issue		
5494e14c74d8e042	file	/etc/issue.net		
13db20552de7d9e2	file	/etc/ld.so.conf		
954a834d4d1ec8c1	file	/etc/ld.so.conf.d/libc.conf		
3c2dff808d5ec065	file	/etc/ld.so.conf.d/x86_64-linux-gnu.conf		
0f1946a42c31fe7e	file	/etc/libaudit.conf		
4c0886bfdcc7883c	file	/etc/login.defs		
a9b373dda626ead9	file	/etc/logrotate.d/alternatives		
0884a73fcc23e24c	file	/etc/logrotate.d/apt		
29c56d623a1a15e3	file	/etc/logrotate.d/dpkg		
93d6c5671d0ff33a	file	/etc/mke2fs.conf		
4772e7b19b813e55	file	/etc/pam.conf		
c7070a7ba6c03428	file	/etc/pam.d/chfn		
651ad4466237a646	file	/etc/pam.d/chpasswd		
104dd7ae8bbab484	file	/etc/pam.d/chsh		
fc2128f9b42dad1c	file	/etc/pam.d/login		
14f5a29dd9702ebd	file	/etc/pam.d/newusers		
a6d1f2724e5ec771	file	/etc/pam.d/other		
781990d347d3d5ed	file	/etc/pam.d/passwd		
66ea0bdd21f997e3	file	/etc/pam.d/runuser		
7c93dfca0e0d1759	file	/etc/pam.d/runuser-l		
abbc038a499cb3ca	file	/etc/pam.d/su		
d14e48c68d052e28	file	/etc/pam.d/su-l		
d0196335e95c77f1	file	/etc/security/access.conf		
e4f90752ca586585	file	/etc/security/faillock.conf		
03d6163c49d6b65c	file	/etc/security/group.conf		
2944a0b3016aa4b4	file	/etc/security/limits.conf		
f0b1af870b83bbcb	file	/etc/security/namespace.conf		
89ffa1865ee16e53	file	/etc/security/namespace.init		
c4cc305a9cea2953	file	/etc/security/pam_env.conf		
e63ff8914cb58f19	file	/etc/security/sepermit.conf		
32d16bb505c2368b	file	/etc/security/time.conf		
dc26a75d7ba794a6	file	/etc/selinux/semanage.conf		
2f294dd2716b0de2	file	/etc/skel/.bash_logout		
b734b6a019ac4708	file	/etc/skel/.bashrc		
72e6236c696055e4	file	/etc/skel/.profile		
0f2924f90b722457	file	/etc/terminfo/README		
1b9da2c66862d9c6	file	/etc/update-motd.d/10-uname		
83b078475de96a6b	file	/etc/xattr.conf		
31e906030d6a1b8d	file	/usr/bin/[		
26862780727f9639	file	/usr/bin/addpart		
43d83a93802be210	file	/usr/bin/apt		
59db9b47bb87a7ff	file	/usr/bin/apt-cache		
8782049076bd4d07	file	/usr/bin/apt-cdrom		
d3a2a3afee74fcc7	file	/usr/bin/apt-config		
6f24b5784a23c475	file	/usr/bin/apt-get		
c606a4e326af30a4	file	/usr/bin/apt-key		
3c3a44d0bd603d97	file	/usr/bin/apt-mark		
68ee9add7c0ace82	file	/usr/bin/arch		
d9436f6f7f48f589	file	/usr/bin/b2sum		
358f21878f282cc5	file	/usr/bin/base32		
9aa5d6ed10a710c6	file	/usr/bin/base64		
05c78015bc17a6ea	file	/usr/bin/basename		
02fbc9c881e76992	file	/usr/bin/basenc		
c57e73f6f9491d0a	file	/usr/bin/bash		
abd3ffd246344062	file	/usr/bin/bashbug		
5717f2fad66463b5	file	/usr/bin/cat		
aa1d095be6b073b8	file	/usr/bin/chage		
c5061d58db8adb56	file	/usr/bin/chattr		
0053c91835501ce0	file	/usr/bin/chcon		
1d6ee6badf4b06c3	file	/usr/bin/chfn		
3d017a9e8d406f49	file	/usr/bin/chgrp		
8096dfea9b4d0ee3	file	/usr/bin/chmod		
316ea6486dbde325	file	/usr/bin/choom		
019bd99dfcb07dad	file	/usr/bin/chown		
d78eaf3a4d96dc37	file	/usr/bin/chrt		
94d75d722ba0c0c0	file	/usr/bin/chsh		
347dc43a2cd5441e	file	/usr/bin/cksum		
0d1ced0392901344	file	/usr/bin/clear		
2625981982d84ff2	file	/usr/bin/clear_console		
0e541a73ac4d05b6	file	/usr/bin/cmp		
6d2abca557d28223	file	/usr/bin/comm		
2f0a6e6ca1df190b	file	/usr/bin/cp		
7f92274751dca9a2	file	/usr/bin/csplit		
15a21962cee813c4	file	/usr/bin/cut		
905b933da36a9d9f	file	/usr/bin/dash		
8df2add070123f5b	file	/usr/bin/date		
8eac42e047cf5d46	file	/usr/bin/dd		
931c61f0599db5b7	file	/usr/bin/deb-systemd-helper		
06f0127499a42a55	file	/usr/bin/deb-systemd-invoke		
931c6d31b73dd413	file	/usr/bin/debconf		
38b09cb162bda940	file	/usr/bin/debconf-apt-progress		
872a260fea8edb84	file	/usr/bin/debconf-communicate		
5161ab9cddcfe981	file	/usr/bin/debconf-copydb		
e9e79ba8cdeff96e	file	/usr/bin/debconf-escape		
af0fe3c415476128	file	/usr/bin/debconf-set-selections		
62c3e704f34c0985	file	/usr/bin/debconf-show		
9bd2ddb07c1e1c80	file	/usr/bin/delpart		
144e97e437ddcf14	file	/usr/bin/df		
fa370166a0b93fa4	file	/usr/bin/diff		
1968ae7932614e9d	file	/usr/bin/diff3		
8519282325eebd96	file	/usr/bin/dir		
32958ced05e2b625	file	/usr/bin/dircolors		
c24992b7866381e8	file	/usr/bin/dirname		
eed87e43e2574951	file	/usr/bin/dmesg		
7e169bcc5282a122	file	/usr/bin/dpkg		
1e02496d944d73f7	file	/usr/bin/dpkg-deb		
eef25e403e1e91e4	file	/usr/bin/dpkg-divert		
22e46bec3d636571	file	/usr/bin/dpkg-maintscript-helper		
bfc76ddc834a9463	file	/usr/bin/dpkg-query		
5ce75c55af992644	file	/usr/bin/dpkg-realpath		
8a0fbd46faf39b90	file	/usr/bin/dpkg-split		
ca5cb5284e173712	file	/usr/bin/dpkg-statoverride		
46a3091e6cf88138	file	/usr/bin/dpkg-trigger		
f372700596baeeb4	file	/usr/bin/du		
cec7e63712f0c6ae	file	/usr/bin/echo		
13615b18afd46956	file	/usr/bin/egrep		
2e9270b49ab172bb	file	/usr/bin/env		
994ee257881883d4	file	/usr/bin/expand		
e8120df05e10bc5e	file	/usr/bin/expiry		
76e520c3e0ec373c	file	/usr/bin/expr		
d2044ab101b689db	file	/usr/bin/factor		
04022d87ac34ec93	file	/usr/bin/faillog		
1cbbabd9c1bed543	file	/usr/bin/fallocate		
4ee60e46d7024971	file	/usr/bin/false		
66b9f5a0975d1789	file	/usr/bin/fgrep		
7e8a2feea898efb1	file	/usr/bin/fincore		
bddfb38772bbd6b1	file	/usr/bin/find		
f68eb79b8ae2fa26	file	/usr/bin/findmnt		
ecdfd3ccb5d51469	file	/usr/bin/flock		
a1aea409019cb466	file	/usr/bin/fmt		
1db9c60bf3318b09	file	/usr/bin/fold		
fc5f5ae1f4fe8c77	file	/usr/bin/getconf		
def5f723dbdfa1dc	file	/usr/bin/getent		
e43ec20e2cd79d65	file	/usr/bin/getopt		
0e99b7369bfe9d7e	file	/usr/bin/gpasswd		
1054bcdc67071929	file	/usr/bin/gpgv		
790b3690d8975a64	file	/usr/bin/grep		
70e1a611a087c6da	file	/usr/bin/groups		
40f7f2c535fc83cb	file	/usr/bin/gunzip		
f67e76449de6f6bd	file	/usr/bin/gzexe		
d37f34f25bd46624	file	/usr/bin/gzip		
ccde7d81f9b2f823	file	/usr/bin/hardlink		
4844282930c6fb92	file	/usr/bin/head		
9a3c927df22bd884	file	/usr/bin/hostid		
c58b309a8235d4f5	file	/usr/bin/hostname		
336e563206d70c6f	file	/usr/bin/iconv		
ff51508090a11f90	file	/usr/bin/id		
11e35a8235ce2726	file	/usr/bin/infocmp		
925a9739088a9dc9	file	/usr/bin/install		
2bbbfa7a7fb6c6f0	file	/usr/bin/ionice		
ecbb58d5d91d610e	file	/usr/bin/ipcmk		
aae7fcc955f10c7f	file	/usr/bin/ipcrm		
8d59deb529d39aa8	file	/usr/bin/ipcs		
c761a371cac62347	file	/usr/bin/ischroot		
95e66d863f0b7392	file	/usr/bin/join		
ed918b43bc8461ab	file	/usr/bin/last		
515c9c5701673cf9	file	/usr/bin/lastlog		
08c12554a79603ef	file	/usr/bin/ldd		
07ad9cedfd9c9e6e	file	/usr/bin/link		
9ca6ca08ee495322	file	/usr/bin/ln		
1fb557469d841baa	file	/usr/bin/locale		
0f2d6bb39710ab14	file	/usr/bin/localedef		
b26a9dfe78798a1c	file	/usr/bin/logger		
7089c4d13ba94d2b	file	/usr/bin/login		
9859d8553c8323ad	file	/usr/bin/logname		
213634c466a29cc4	file	/usr/bin/ls		
8306d2d857d01743	file	/usr/bin/lsattr		
6fab6ff8dfec6ac7	file	/usr/bin/lsblk		
e62fea9d0946c4c9	file	/usr/bin/lscpu		
6793b02cfba6c72a	file	/usr/bin/lsfd		
7d2dc5aca5b12ffa	file	/usr/bin/lsipc		
a11cf3aa6f717aac	file	/usr/bin/lsirq		
cfc5e1b4d158c0dc	file	/usr/bin/lslocks		
f80cdad8094f376a	file	/usr/bin/lslogins		
cfaf744a0e8ff638	file	/usr/bin/lsmem		
1b2df13c9471da18	file	/usr/bin/lsns		
e5331d13fcfb8680	file	/usr/bin/mawk		
9bc0cd6f601afd7f	file	/usr/bin/mcookie		
5923ea99ec2b90b5	file	/usr/bin/md5sum		
97d4d463da5b673e	file	/usr/bin/mesg		
2c3cd00d4aaf7634	file	/usr/bin/mkdir		
34d818dd08ee5ed2	file	/usr/bin/mkfifo		
b3c3d92b62193bf0	file	/usr/bin/mknod		
5b6375e085b16ced	file	/usr/bin/mktemp		
bbb513355c194a4c	file	/usr/bin/more		
aee1a31925a62c24	file	/usr/bin/mount		
80cbda925c672528	file	/usr/bin/mountpoint		
666a5573ea5344de	file	/usr/bin/mv		
99ca73477572232d	file	/usr/bin/namei		
6c13b6b05045b8ef	file	/usr/bin/newgrp		
acd6427b91926326	file	/usr/bin/nice		
6c2950be428cce55	file	/usr/bin/nl		
97dd9c351745cc0f	file	/usr/bin/nohup		
cf39d9da92491093	file	/usr/bin/nproc		
be720af54f50fb29	file	/usr/bin/nsenter		
6ae6ef60856c309d	file	/usr/bin/numfmt		
d5c3643dae3c0619	file	/usr/bin/od		
675e6e57637df6dc	file	/usr/bin/partx		
e939675f3af3b274	file	/usr/bin/passwd		
ff53ee408ab8fc34	file	/usr/bin/paste		
64adea744c3d4d4b	file	/usr/bin/pathchk		
bc70e343ca190341	file	/usr/bin/perl		
b3ac8776767e6993	file	/usr/bin/pinky		
5cb914c643073295	file	/usr/bin/pldd		
761cb091607f2709	file	/usr/bin/pr		
70b852d7faba9095	file	/usr/bin/printenv		
04ca7f944e7fa4ba	file	/usr/bin/printf		
8efae3ef785900d5	file	/usr/bin/prlimit		
000b073d4fe61550	file	/usr/bin/ptx		
709bef3cb8fd953b	file	/usr/bin/pwd		
657459eff7549cfe	file	/usr/bin/readlink		
c0cb6b80879400ea	file	/usr/bin/realpath		
7fde60bae18b1735	file	/usr/bin/rename.ul		
284a5d1a97eff367	file	/usr/bin/renice		
04bb5cc4ed86ab17	file	/usr/bin/resizepart		
6e4d53712613f4fd	file	/usr/bin/rev		
2a3d1f6998c5346a	file	/usr/bin/rgrep		
5f6b5fef26d5786d	file	/usr/bin/rm		
f8a4bd2f75858e92	file	/usr/bin/rmdir		
910d2243c8bd52ab	file	/usr/bin/run-parts		
9beb0431972b19f5	file	/usr/bin/runcon		
7144591708518cf1	file	/usr/bin/savelog		
47630e3de82d0420	file	/usr/bin/script		
a7199ae409bd862e	file	/usr/bin/scriptlive		
fad28b93629051be	file	/usr/bin/scriptreplay		
7daf51bc22cee8b4	file	/usr/bin/sdiff		
d0bdede43cd91abd	file	/usr/bin/sed		
bffddcfd4d0a5c4f	file	/usr/bin/seq		
2cb0789369bd8830	file	/usr/bin/setarch		
50f95c3e78438bb8	file	/usr/bin/setpriv		
20ae94b6db9cb9f0	file	/usr/bin/setsid		
4e4c275823c567bc	file	/usr/bin/setterm		
4029c322c93ee1d8	file	/usr/bin/sha1sum		
7312255d8a50ecd6	file	/usr/bin/sha224sum		
366a5865eba6ec6e	file	/usr/bin/sha256sum		
1e701160bd503ab0	file	/usr/bin/sha384sum		
b870fee1df3d96f9	file	/usr/bin/sha512sum		
127201519ced06f4	file	/usr/bin/shred		
9c26f0a6a3ade540	file	/usr/bin/shuf		
bdf028d43e8b7a38	file	/usr/bin/sleep		
df1bf30e39393114	file	/usr/bin/sort		
e3e6bc885cd6b27f	file	/usr/bin/split		
172ee881fc0154e7	file	/usr/bin/stat		
672ce8abaabf0fa3	file	/usr/bin/stdbuf		
df22509440624efa	file	/usr/bin/stty		
53abbc277b9f50dd	file	/usr/bin/su		
165f5d7768cee722	file	/usr/bin/sum		
5e81848704371a16	file	/usr/bin/sync		
88876f0d43ca740e	file	/usr/bin/tabs		
690e85dc5450e00a	file	/usr/bin/tac		
7d65b4aba06ded7f	file	/usr/bin/tail		
ebe89576dda59706	file	/usr/bin/tar		
803b6981a7dcb11e	file	/usr/bin/taskset		
b4cc430e296da294	file	/usr/bin/tee		
f9c42b6ba347d1a0	file	/usr/bin/tempfile		
7f07697cf324a9a0	file	/usr/bin/test		
4ce31d5950458ffd	file	/usr/bin/tic		
9aab680679df1460	file	/usr/bin/timeout		
01a6f5f6972ea677	file	/usr/bin/toe		
6991a56c857757b1	file	/usr/bin/touch		
37a07cbabc35a312	file	/usr/bin/tput		
c85cd90a1654b00d	file	/usr/bin/tr		
629ff1b647db740b	file	/usr/bin/true		
250b46a06a4b1bfd	file	/usr/bin/truncate		
5fe64af233e30ae5	file	/usr/bin/tset		
8bc01913e1aa161a	file	/usr/bin/tsort		
01270aeb95c9c3e9	file	/usr/bin/tty		
ec82bb23ea58c80a	file	/usr/bin/tzselect		
d43bc42458cc9242	file	/usr/bin/uclampset		
723ac57982fd7426	file	/usr/bin/umount		
45a029b6d25f896b	file	/usr/bin/uname		
c7665eb41f38514d	file	/usr/bin/unexpand		
8ebb9ee0f33bda07	file	/usr/bin/uniq		
f963d77ea28f13e1	file	/usr/bin/unlink		
6795b5abcddd5e0d	file	/usr/bin/unshare		
e20978dbb24ab0e9	file	/usr/bin/update-alternatives		
c4e9d0af331ca069	file	/usr/bin/users		
66ba2956aea81740	file	/usr/bin/utmpdump		
ac53b375b1eb6378	file	/usr/bin/vdir		
e65040ad207fefc3	file	/usr/bin/wall		
86622e5119047418	file	/usr/bin/wc		
a5cc0daaeb3bfe77	file	/usr/bin/wdctl		
b007546559176a4d	file	/usr/bin/whereis		
04b43e3083b7af03	file	/usr/bin/which.debianutils		
974f68126dc40623	file	/usr/bin/who		
dbb18ec6cbe70108	file	/usr/bin/whoami		
0dfe2c17ce5fbafc	file	/usr/bin/xargs		
e260b6d5a386f174	file	/usr/bin/yes		
443b8bd3c87cfcf1	file	/usr/bin/zcat		
ae93a8e26fc65040	file	/usr/bin/zcmp		
a269e8018b4513c7	file	/usr/bin/zdiff		
90a0d525249ab020	file	/usr/bin/zdump		
1713f755ec6320bf	file	/usr/bin/zegrep		
e0289305c68a1019	file	/usr/bin/zfgrep		
89ffd3d17a30790a	file	/usr/bin/zforce		
0ee1ee169c3f1b67	file	/usr/bin/zgrep		
b006a5a45c6a3cce	file	/usr/bin/zless		
24e2ccc0d4729ccd	file	/usr/bin/zmore		
7e7236b66ffdd53e	file	/usr/bin/znew		
637b8880ddb2453c	file	/usr/lib/apt/apt-helper		
195cd73b3d8a9dee	file	/usr/lib/apt/apt.systemd.daily		
329df352edc9c20a	file	/usr/lib/apt/methods/cdrom		
2b7938db9ccf659e	file	/usr/lib/apt/methods/copy		
c339f9ee7f3055a2	file	/usr/lib/apt/methods/file		
59c9c2765b5e48e3	file	/usr/lib/apt/methods/ftp		
a718732ea2903b94	file	/usr/lib/apt/methods/gpgv		
533a390367b3f4f4	file	/usr/lib/apt/methods/http		
95e3ce4dad46f6ac	file	/usr/lib/apt/methods/mirror		
c0a6d842f71b5bc3	file	/usr/lib/apt/methods/rred		
c328e71cd1e7931b	file	/usr/lib/apt/methods/rsh		
f1a5679db4ce6486	file	/usr/lib/apt/methods/store		
af4016ea4eb74c67	file	/usr/lib/apt/solvers/dump		
f2a616d9ffece037	file	/usr/lib/dpkg/methods/apt/desc.apt		
a696483ee7eaa7ba	file	/usr/lib/dpkg/methods/apt/install		
024955afbc111e12	file	/usr/lib/dpkg/methods/apt/names		
9871ebb29bc4f183	file	/usr/lib/dpkg/methods/apt/setup		
76db1747b87144d4	file	/usr/lib/dpkg/methods/apt/update		
481e38d8a5efc0f8	file	/usr/lib/init/init-d-script		
ef6b2e0fd774c780	file	/usr/lib/init/vars.sh		
53a9a32fc87f0c03	file	/usr/lib/locale/C.utf8/LC_ADDRESS		
37b981b91ef85b5a	file	/usr/lib/locale/C.utf8/LC_COLLATE		
9f126b2d40338b50	file	/usr/lib/locale/C.utf8/LC_CTYPE		
45f1fa9b1aea314f	file	/usr/lib/locale/C.utf8/LC_IDENTIFICATION		
37d0f86df84563cd	file	/usr/lib/locale/C.utf8/LC_MEASUREMENT		
921c54a813485b36	file	/usr/lib/locale/C.utf8/LC_MESSAGES/SYS_LC_MESSAGES		
d7d6f2b4449ed518	file	/usr/lib/locale/C.utf8/LC_MONETARY		
6dffd9463464469f	file	/usr/lib/locale/C.utf8/LC_NAME		
4ab7b68ccbf10544	file	/usr/lib/locale/C.utf8/LC_NUMERIC		
0e2f8ea0e581e948	file	/usr/lib/locale/C.utf8/LC_PAPER		
7ec7c6f36e39ffb5	file	/usr/lib/locale/C.utf8/LC_TELEPHONE		
9a83c43a174526b7	file	/usr/lib/locale/C.utf8/LC_TIME		
9b8e2da32fe0376e	file	/usr/lib/lsb/init-functions		
4082998cc60a2d62	file	/usr/lib/lsb/init-functions.d/00-verbose		
a9581624462b0d4a	file	/usr/lib/mime/packages/tar		
65fe0d928b5a58db	file	/usr/lib/mime/packages/util-linux		
dd70fd341523230b	file	/usr/lib/os-release		
7bc023786b27d1f8	file	/usr/lib/systemd/system/apt-daily-upgrade.service		
33c28ff2a2668297	file	/usr/lib/systemd/system/apt-daily-upgrade.timer		
cc12ab26d1c108bb	file	/usr/lib/systemd/system/apt-daily.service		
dbb1f2d64c1fb732	file	/usr/lib/systemd/system/apt-daily.timer		
21a659a8fe90de26	file	/usr/lib/systemd/system/dpkg-db-backup.service		
bc0bed8f85f9be03	file	/usr/lib/systemd/system/dpkg-db-backup.timer		
be066231312c796a	file	/usr/lib/systemd/system/e2scrub@.service		
bb8dbf42e6f9d223	file	/usr/lib/systemd/system/e2scrub_all.service		
1af13896ac1c2abe	file	/usr/lib/systemd/system/e2scrub_all.timer		
6952a1e03fb6f313	file	/usr/lib/systemd/system/e2scrub_fail@.service		
3063b26d705385ca	file	/usr/lib/systemd/system/e2scrub_reap.service		
c00a2a789ee00453	file	/usr/lib/systemd/system/fstrim.service		
2c97df8393e53d2d	file	/usr/lib/systemd/system/fstrim.timer		
5eb3e156fe17e405	file	/usr/lib/systemd/system/pam_namespace.service		
464b6252e7fc3fb5	file	/usr/lib/terminfo/E/Eterm		
3ef4eb5bcca1297d	file	/usr/lib/terminfo/a/ansi		
2b79a86c9fdb1c8d	file	/usr/lib/terminfo/c/cons25		
5efc7c7970032631	file	/usr/lib/terminfo/c/cons25-debian		
aeab5510c8a53cbc	file	/usr/lib/terminfo/c/cygwin		
a9bf8097439511b0	file	/usr/lib/terminfo/d/dumb		
64de23f0308948c4	file	/usr/lib/terminfo/h/hurd		
908b94197f2cf0d4	file	/usr/lib/terminfo/l/linux		
de83b49f8f482c84	file	/usr/lib/terminfo/m/mach		
c605259b7d04588b	file	/usr/lib/terminfo/m/mach-bold		
0c3351ba15834fbf	file	/usr/lib/terminfo/m/mach-color		
72ab9a8d0fdf3043	file	/usr/lib/terminfo/m/mach-gnu		
c04782f50c6b6e96	file	/usr/lib/terminfo/m/mach-gnu-color		
d3f281837806cb83	file	/usr/lib/terminfo/p/pcansi		
7eb975867a8d1de6	file	/usr/lib/terminfo/r/rxvt		
08c4aa88124308d8	file	/usr/lib/terminfo/r/rxvt-basic		
9d48f843d7c8413c	file	/usr/lib/terminfo/r/rxvt-unicode		
45a135605f40ddde	file	/usr/lib/terminfo/r/rxvt-unicode-256color		
aa6123acc04e6c06	file	/usr/lib/terminfo/s/screen		
9e815d4728ff0671	file	/usr/lib/terminfo/s/screen-256color		
c716d7aa0249745a	file	/usr/lib/terminfo/s/screen-256color-bce		
128b5c3a3b571343	file	/usr/lib/terminfo/s/screen-bce		
2fbe9abfc27904d2	file	/usr/lib/terminfo/s/screen-s		
c5256f621c07126e	file	/usr/lib/terminfo/s/screen-w		
d4db8bc584100c8b	file	/usr/lib/terminfo/s/screen.xterm-256color		
936033f277f45aff	file	/usr/lib/terminfo/s/sun		
7032c005af4521db	file	/usr/lib/terminfo/t/tmux		
1eb0de1797502f6d	file	/usr/lib/terminfo/t/tmux-256color		
50a306ec96101437	file	/usr/lib/terminfo/v/vt100		
34571cf1c658fb0f	file	/usr/lib/terminfo/v/vt102		
9e293b3f8f07453a	file	/usr/lib/terminfo/v/vt220		
bcc1f9307da7fe4d	file	/usr/lib/terminfo/v/vt52		
0d29522f462b4d2e	file	/usr/lib/terminfo/w/wsvt25		
03f5b32b6eb20b5d	file	/usr/lib/terminfo/w/wsvt25m		
db0217c2fa15d316	file	/usr/lib/terminfo/x/xterm		
6cf9317ac32445ae	file	/usr/lib/terminfo/x/xterm-256color		
d62b6f815bdcff5d	file	/usr/lib/terminfo/x/xterm-color		
fcefccd62e34d708	file	/usr/lib/terminfo/x/xterm-mono		
a59eaee835b47881	file	/usr/lib/terminfo/x/xterm-r5		
7b36c3f27d646186	file	/usr/lib/terminfo/x/xterm-r6		
6c8359bc82b7b753	file	/usr/lib/terminfo/x/xterm-vt220		
b740d09bab5e5921	file	/usr/lib/terminfo/x/xterm-xfree86		
d116425564ce8679	file	/usr/lib/tmpfiles.d/passwd.conf		
3ee5aef83e164e9c	file	/usr/lib/udev/hwclock-set		
1656587ac9063b65	file	/usr/lib/udev/rules.d/85-hwclock.rules		
dbdcb21329991e12	file	/usr/lib/udev/rules.d/96-e2scrub.rules		
0a33455d2cc4d79c	file	/usr/lib/x86_64-linux-gnu/e2fsprogs/e2scrub_all_cron		
639ad9eda10a2170	file	/usr/lib/x86_64-linux-gnu/e2fsprogs/e2scrub_fail		
6c8ce72818f5ee77	file	/usr/lib/x86_64-linux-gnu/gconv/ANSI_X3.110.so		
4868e78c4dd81b5a	file	/usr/lib/x86_64-linux-gnu/gconv/ARMSCII-8.so		
a0ad6f1a5aa56b16	file	/usr/lib/x86_64-linux-gnu/gconv/ASMO_449.so		
a52f4e1cdcf84bbe	file	/usr/lib/x86_64-linux-gnu/gconv/BIG5.so		
33e6ce2d767120d2	file	/usr/lib/x86_64-linux-gnu/gconv/BIG5HKSCS.so		
4d9a19f7ef47daa7	file	/usr/lib/x86_64-linux-gnu/gconv/BRF.so		
03f45feff98e168f	file	/usr/lib/x86_64-linux-gnu/gconv/CP10007.so		
fed91caee55e61cf	file	/usr/lib/x86_64-linux-gnu/gconv/CP1125.so		
117b0675cb23c78b	file	/usr/lib/x86_64-linux-gnu/gconv/CP1250.so		
821d7425ebd25335	file	/usr/lib/x86_64-linux-gnu/gconv/CP1251.so		
ed48d6ef32a8bdc0	file	/usr/lib/x86_64-linux-gnu/gconv/CP1252.so		
a9479d245b95ed4e	file	/usr/lib/x86_64-linux-gnu/gconv/CP1253.so		
8787b8be921ea3a3	file	/usr/lib/x86_64-linux-gnu/gconv/CP1254.so		
aca4f873e00ca475	file	/usr/lib/x86_64-linux-gnu/gconv/CP1255.so		
b9263b8f5826af39	file	/usr/lib/x86_64-linux-gnu/gconv/CP1256.so		
2d43b739ceabd522	file	/usr/lib/x86_64-linux-gnu/gconv/CP1257.so		
d58969f7b49a183b	file	/usr/lib/x86_64-linux-gnu/gconv/CP1258.so		
7339a05f74406c4a	file	/usr/lib/x86_64-linux-gnu/gconv/CP737.so		
3f90efe8c0b448aa	file	/usr/lib/x86_64-linux-gnu/gconv/CP770.so		
c87a315f3788d058	file	/usr/lib/x86_64-linux-gnu/gconv/CP771.so		
ef3b6be923885778	file	/usr/lib/x86_64-linux-gnu/gconv/CP772.so		
3e9073b1b52a88dd	file	/usr/lib/x86_64-linux-gnu/gconv/CP773.so		
b79455fc695089ef	file	/usr/lib/x86_64-linux-gnu/gconv/CP774.so		
ae0d677479a08d22	file	/usr/lib/x86_64-linux-gnu/gconv/CP775.so		
8d8c1187b25d06c6	file	/usr/lib/x86_64-linux-gnu/gconv/CP932.so		
a321419123505746	file	/usr/lib/x86_64-linux-gnu/gconv/CSN_369103.so		
c38f50c234f48687	file	/usr/lib/x86_64-linux-gnu/gconv/CWI.so		
b73da15a2f01356f	file	/usr/lib/x86_64-linux-gnu/gconv/DEC-MCS.so		
12e2ebaaf40fac8d	file	/usr/lib/x86_64-linux-gnu/gconv/EBCDIC-AT-DE-A.so		
38a572c652555d2f	file	/usr/lib/x86_64-linux-gnu/gconv/EBCDIC-AT-DE.so		
da1ba193414e86a4	file	/usr/lib/x86_64-linux-gnu/gconv/EBCDIC-CA-FR.so		
2b54a7e7a4b21566	file	/usr/lib/x86_64-linux-gnu/gconv/EBCDIC-DK-NO-A.so		
71136fbb9aeb5449	file	/usr/lib/x86_64-linux-gnu/gconv/EBCDIC-DK-NO.so		
e22c73a1949aa38f	file	/usr/lib/x86_64-linux-gnu/gconv/EBCDIC-ES-A.so		
dd5e84e0ca362b21	file	/usr/lib/x86_64-linux-gnu/gconv/EBCDIC-ES-S.so		
1493144d90cc4e13	file	/usr/lib/x86_64-linux-gnu/gconv/EBCDIC-ES.so		
f8663395249867f1	file	/usr/lib/x86_64-linux-gnu/gconv/EBCDIC-FI-SE-A.so		
f2ed2a0caac6ef19	file	/usr/lib/x86_64-linux-gnu/gconv/EBCDIC-FI-SE.so		
beb05c8e661ea6a5	file	/usr/lib/x86_64-linux-gnu/gconv/EBCDIC-FR.so		
d5a3fc7ab0df2d4c	file	/usr/lib/x86_64-linux-gnu/gconv/EBCDIC-IS-FRISS.so		
8b51db0f5996a613	file	/usr/lib/x86_64-linux-gnu/gconv/EBCDIC-IT.so		
2d9a94fa36709ccb	file	/usr/lib/x86_64-linux-gnu/gconv/EBCDIC-PT.so		
50a3192bb9cc2530	file	/usr/lib/x86_64-linux-gnu/gconv/EBCDIC-UK.so		
5afd7dacc587134f	file	/usr/lib/x86_64-linux-gnu/gconv/EBCDIC-US.so		
8a8ccd95d6eb000f	file	/usr/lib/x86_64-linux-gnu/gconv/ECMA-CYRILLIC.so		
ea8b6a1f7c9a57f0	file	/usr/lib/x86_64-linux-gnu/gconv/EUC-CN.so		
d2694001d671b204	file	/usr/lib/x86_64-linux-gnu/gconv/EUC-JISX0213.so		
9283862d1278a2b3	file	/usr/lib/x86_64-linux-gnu/gconv/EUC-JP-MS.so		
4fe3e32fbef908a2	file	/usr/lib/x86_64-linux-gnu/gconv/EUC-JP.so		
b74b41746db921b9	file	/usr/lib/x86_64-linux-gnu/gconv/EUC-KR.so		
c9e8be15b6876a25	file	/usr/lib/x86_64-linux-gnu/gconv/EUC-TW.so		
72b54e14361566f5	file	/usr/lib/x86_64-linux-gnu/gconv/GB18030.so		
689070e42fbae68d	file	/usr/lib/x86_64-linux-gnu/gconv/GBBIG5.so		
54f2387523ed1f47	file	/usr/lib/x86_64-linux-gnu/gconv/GBGBK.so		
7e24c1bceea070a1	file	/usr/lib/x86_64-linux-gnu/gconv/GBK.so		
4add7e1bc54fc992	file	/usr/lib/x86_64-linux-gnu/gconv/GEORGIAN-ACADEMY.so		
f155a935e700cf40	file	/usr/lib/x86_64-linux-gnu/gconv/GEORGIAN-PS.so		
6681307e2aeb2ef8	file	/usr/lib/x86_64-linux-gnu/gconv/GOST_19768-74.so		
9b02d96dcadf4e8b	file	/usr/lib/x86_64-linux-gnu/gconv/GREEK-CCITT.so		
06dfd98feedd2cf0	file	/usr/lib/x86_64-linux-gnu/gconv/GREEK7-OLD.so		
1f8869c4581fcd5f	file	/usr/lib/x86_64-linux-gnu/gconv/GREEK7.so		
7e4199baf54e95c6	file	/usr/lib/x86_64-linux-gnu/gconv/HP-GREEK8.so		
66b0075750f1aac0	file	/usr/lib/x86_64-linux-gnu/gconv/HP-ROMAN8.so		
859d9d7189cf0ea3	file	/usr/lib/x86_64-linux-gnu/gconv/HP-ROMAN9.so		
c6bdbb3ab3c7b69f	file	/usr/lib/x86_64-linux-gnu/gconv/HP-THAI8.so		
55bda0e5a5058041	file	/usr/lib/x86_64-linux-gnu/gconv/HP-TURKISH8.so		
ea44de795f2456d6	file	/usr/lib/x86_64-linux-gnu/gconv/IBM037.so		
fc154c005e6ac329	file	/usr/lib/x86_64-linux-gnu/gconv/IBM038.so		
b3b5d08e8f099d6e	file	/usr/lib/x86_64-linux-gnu/gconv/IBM1004.so		
0b70fec392bd09e2	file	/usr/lib/x86_64-linux-gnu/gconv/IBM1008.so		
6cad5238388816ab	file	/usr/lib/x86_64-linux-gnu/gconv/IBM1008_420.so		
6f7a8c87af77f97d	file	/usr/lib/x86_64-linux-gnu/gconv/IBM1025.so		
d50ed456b04b57c6	file	/usr/lib/x86_64-linux-gnu/gconv/IBM1026.so		
625628b8ac7da1aa	file	/usr/lib/x86_64-linux-gnu/gconv/IBM1046.so		
bc3723a11c83da57	file	/usr/lib/x86_64-linux-gnu/gconv/IBM1047.so		
3e11fb3f52136249	file	/usr/lib/x86_64-linux-gnu/gconv/IBM1097.so		
c921ff0a5f033dfd	file	/usr/lib/x86_64-linux-gnu/gconv/IBM1112.so		
677b53a2c3b71f82	file	/usr/lib/x86_64-linux-gnu/gconv/IBM1122.so		
84676687164a8b1b	file	/usr/lib/x86_64-linux-gnu/gconv/IBM1123.so		
6a55accc86db8b18	file	/usr/lib/x86_64-linux-gnu/gconv/IBM1124.so		
1ead4a0c0f88e618	file	/usr/lib/x86_64-linux-gnu/gconv/IBM1129.so		
33db1e59347c7b98	file	/usr/lib/x86_64-linux-gnu/gconv/IBM1130.so		
66ec8f56ce8aa12c	file	/usr/lib/x86_64-linux-gnu/gconv/IBM1132.so		
ba91e19f5b46f324	file	/usr/lib/x86_64-linux-gnu/gconv/IBM1133.so		
ce0e1167d922ec67	file	/usr/lib/x86_64-linux-gnu/gconv/IBM1137.so		
b5e79b9d693c5d08	file	/usr/lib/x86_64-linux-gnu/gconv/IBM1140.so		
dc97d8d208f76c9b	file	/usr/lib/x86_64-linux-gnu/gconv/IBM1141.so		
facb307ee0c9224c	file	/usr/lib/x86_64-linux-gnu/gconv/IBM1142.so		
1e7bc8c2db2d84bb	file	/usr/lib/x86_64-linux-gnu/gconv/IBM1143.so		
c63d2805b4ab1ea8	file	/usr/lib/x86_64-linux-gnu/gconv/IBM1144.so		
a9a94e70ad266ff6	file	/usr/lib/x86_64-linux-gnu/gconv/IBM1145.so		
288af4335dec2b8d	file	/usr/lib/x86_64-linux-gnu/gconv/IBM1146.so		
ce3facba156914ab	file	/usr/lib/x86_64-linux-gnu/gconv/IBM1147.so		
bbe8bbd2e7bb2f9e	file	/usr/lib/x86_64-linux-gnu/gconv/IBM1148.so		
1bdcb5892c651fe2	file	/usr/lib/x86_64-linux-gnu/gconv/IBM1149.so		
ba4d5f46154e9dc8	file	/usr/lib/x86_64-linux-gnu/gconv/IBM1153.so		
44b4d66cfa415f4a	file	/usr/lib/x86_64-linux-gnu/gconv/IBM1154.so		
bca4c8fd05f53439	file	/usr/lib/x86_64-linux-gnu/gconv/IBM1155.so		
53940f65c937f63b	file	/usr/lib/x86_64-linux-gnu/gconv/IBM1156.so		
a7978a548b057633	file	/usr/lib/x86_64-linux-gnu/gconv/IBM1157.so		
8d049abb39be819c	file	/usr/lib/x86_64-linux-gnu/gconv/IBM1158.so		
bebd85d34008204c	file	/usr/lib/x86_64-linux-gnu/gconv/IBM1160.so		
8940592ad2597b76	file	/usr/lib/x86_64-linux-gnu/gconv/IBM1161.so		
c77f8eb5086d9d5b	file	/usr/lib/x86_64-linux-gnu/gconv/IBM1162.so		
2dc74d22a03146ad	file	/usr/lib/x86_64-linux-gnu/gconv/IBM1163.so		
39e1eea35e2b198f	file	/usr/lib/x86_64-linux-gnu/gconv/IBM1164.so		
585076c12169597e	file	/usr/lib/x86_64-linux-gnu/gconv/IBM1166.so		
0a1801748fc2b233	file	/usr/lib/x86_64-linux-gnu/gconv/IBM1167.so		
a0149c99944f0d96	file	/usr/lib/x86_64-linux-gnu/gconv/IBM12712.so		
47286d386bbcb4c4	file	/usr/lib/x86_64-linux-gnu/gconv/IBM1364.so		
9543048a72185316	file	/usr/lib/x86_64-linux-gnu/gconv/IBM1371.so		
b8dd1d0fed89ce0e	file	/usr/lib/x86_64-linux-gnu/gconv/IBM1388.so		
efcbec421ed2de2b	file	/usr/lib/x86_64-linux-gnu/gconv/IBM1390.so		
0fa3c67d0d767a57	file	/usr/lib/x86_64-linux-gnu/gconv/IBM1399.so		
f3162d849c7a92dd	file	/usr/lib/x86_64-linux-gnu/gconv/IBM16804.so		
54930ba15f702512	file	/usr/lib/x86_64-linux-gnu/gconv/IBM256.so		
d179edccee7f39b9	file	/usr/lib/x86_64-linux-gnu/gconv/IBM273.so		
b97e028bce20968d	file	/usr/lib/x86_64-linux-gnu/gconv/IBM274.so		
d1a1e84f253dc168	file	/usr/lib/x86_64-linux-gnu/gconv/IBM275.so		
a6e55eb641794bc5	file	/usr/lib/x86_64-linux-gnu/gconv/IBM277.so		
5de0e50dbbd9d64e	file	/usr/lib/x86_64-linux-gnu/gconv/IBM278.so		
de0d8137a979c4da	file	/usr/lib/x86_64-linux-gnu/gconv/IBM280.so		
9f64e5ca7d284e3a	file	/usr/lib/x86_64-linux-gnu/gconv/IBM281.so		
36b58e80011eaffb	file	/usr/lib/x86_64-linux-gnu/gconv/IBM284.so		
73f29f7af40caeed	file	/usr/lib/x86_64-linux-gnu/gconv/IBM285.so		
8950d49552fd8ca8	file	/usr/lib/x86_64-linux-gnu/gconv/IBM290.so		
aa1cb2935d5724af	file	/usr/lib/x86_64-linux-gnu/gconv/IBM297.so		
6c15027b48f9d997	file	/usr/lib/x86_64-linux-gnu/gconv/IBM420.so		
6f93ed028bae85ec	file	/usr/lib/x86_64-linux-gnu/gconv/IBM423.so		
977b561eb6bb846e	file	/usr/lib/x86_64-linux-gnu/gconv/IBM424.so		
9b817eb13e279172	file	/usr/lib/x86_64-linux-gnu/gconv/IBM437.so		
eb97a47c3121ce18	file	/usr/lib/x86_64-linux-gnu/gconv/IBM4517.so		
1f6ffa2ca06f7b18	file	/usr/lib/x86_64-linux-gnu/gconv/IBM4899.so		
7a7a8a1800f1c10d	file	/usr/lib/x86_64-linux-gnu/gconv/IBM4909.so		
bab13f0e30472436	file	/usr/lib/x86_64-linux-gnu/gconv/IBM4971.so		
d9b25850c722a7e3	file	/usr/lib/x86_64-linux-gnu/gconv/IBM500.so		
b26a81b42aabcadb	file	/usr/lib/x86_64-linux-gnu/gconv/IBM5347.so		
0d56ec7cd7960520	file	/usr/lib/x86_64-linux-gnu/gconv/IBM803.so		
a12427599e99d9de	file	/usr/lib/x86_64-linux-gnu/gconv/IBM850.so		
b08c96cb5c3bba91	file	/usr/lib/x86_64-linux-gnu/gconv/IBM851.so		
ecc4f861151d9086	file	/usr/lib/x86_64-linux-gnu/gconv/IBM852.so		
d52ba6ecfdf0f7b9	file	/usr/lib/x86_64-linux-gnu/gconv/IBM855.so		
bcd100364b48aa95	file	/usr/lib/x86_64-linux-gnu/gconv/IBM856.so		
ff1b4df7cb0cdb9b	file	/usr/lib/x86_64-linux-gnu/gconv/IBM857.so		
514d381abdb30a00	file	/usr/lib/x86_64-linux-gnu/gconv/IBM858.so		
0b71250faefd9d3c	file	/usr/lib/x86_64-linux-gnu/gconv/IBM860.so		
bde7a2775a434147	file	/usr/lib/x86_64-linux-gnu/gconv/IBM861.so		
66603f1d3504c66e	file	/usr/lib/x86_64-linux-gnu/gconv/IBM862.so		
9b8b274b5e802163	file	/usr/lib/x86_64-linux-gnu/gconv/IBM863.so		
a0fa8d0cc3b1da91	file	/usr/lib/x86_64-linux-gnu/gconv/IBM864.so		
569bad35b9b3f1e6	file	/usr/lib/x86_64-linux-gnu/gconv/IBM865.so		
0d77575ad70c3dd8	file	/usr/lib/x86_64-linux-gnu/gconv/IBM866.so		
47e37083caba21ad	file	/usr/lib/x86_64-linux-gnu/gconv/IBM866NAV.so		
c9a497e4a68b110d	file	/usr/lib/x86_64-linux-gnu/gconv/IBM868.so		
6b6a3246c30fff0b	file	/usr/lib/x86_64-linux-gnu/gconv/IBM869.so		
424f80fe3153281e	file	/usr/lib/x86_64-linux-gnu/gconv/IBM870.so		
a89abd61c97b0501	file	/usr/lib/x86_64-linux-gnu/gconv/IBM871.so		
8dd57f97ddcca086	file	/usr/lib/x86_64-linux-gnu/gconv/IBM874.so		
ebf803917d85a50d	file	/usr/lib/x86_64-linux-gnu/gconv/IBM875.so		
049729183183f358	file	/usr/lib/x86_64-linux-gnu/gconv/IBM880.so		
42b620f591b9d8c7	file	/usr/lib/x86_64-linux-gnu/gconv/IBM891.so		
0d96926e2db98059	file	/usr/lib/x86_64-linux-gnu/gconv/IBM901.so		
ed307c1345fa2194	file	/usr/lib/x86_64-linux-gnu/gconv/IBM902.so		
7c17f496f705921b	file	/usr/lib/x86_64-linux-gnu/gconv/IBM903.so		
c5961bdc19dc8a6a	file	/usr/lib/x86_64-linux-gnu/gconv/IBM9030.so		
452fec706fc04153	file	/usr/lib/x86_64-linux-gnu/gconv/IBM904.so		
ce4183bf590dab26	file	/usr/lib/x86_64-linux-gnu/gconv/IBM905.so		
a4c300389863395e	file	/usr/lib/x86_64-linux-gnu/gconv/IBM9066.so		
be2fd33b90b4e2be	file	/usr/lib/x86_64-linux-gnu/gconv/IBM918.so		
0c44072ea6c3b453	file	/usr/lib/x86_64-linux-gnu/gconv/IBM921.so		
593ac89abd6ebdb9	file	/usr/lib/x86_64-linux-gnu/gconv/IBM922.so		
7f68e3a7724f2d72	file	/usr/lib/x86_64-linux-gnu/gconv/IBM930.so		
8c8eaf2867820399	file	/usr/lib/x86_64-linux-gnu/gconv/IBM932.so		
c5089a1b8977d570	file	/usr/lib/x86_64-linux-gnu/gconv/IBM933.so		
8afd8bc2e2413272	file	/usr/lib/x86_64-linux-gnu/gconv/IBM935.so		
ef827072431c3e6f	file	/usr/lib/x86_64-linux-gnu/gconv/IBM937.so		
ac924681fffec2a8	file	/usr/lib/x86_64-linux-gnu/gconv/IBM939.so		
c2e8773e6479b1f6	file	/usr/lib/x86_64-linux-gnu/gconv/IBM943.so		
bae27163144315ec	file	/usr/lib/x86_64-linux-gnu/gconv/IBM9448.so		
adaa89d91e9d746f	file	/usr/lib/x86_64-linux-gnu/gconv/IEC_P27-1.so		
a46f12e114697853	file	/usr/lib/x86_64-linux-gnu/gconv/INIS-8.so		
1712ce84f6b20813	file	/usr/lib/x86_64-linux-gnu/gconv/INIS-CYRILLIC.so		
4cae8dc3b3c95053	file	/usr/lib/x86_64-linux-gnu/gconv/INIS.so		
27bb9010abf14f4f	file	/usr/lib/x86_64-linux-gnu/gconv/ISIRI-3342.so		
e8db904ce6e3163c	file	/usr/lib/x86_64-linux-gnu/gconv/ISO-2022-CN-EXT.so		
e6c6a7a4f78fde64	file	/usr/lib/x86_64-linux-gnu/gconv/ISO-2022-CN.so		
511e459ca9dc3aa4	file	/usr/lib/x86_64-linux-gnu/gconv/ISO-2022-JP-3.so		
4b8b4d4bfcbc1368	file	/usr/lib/x86_64-linux-gnu/gconv/ISO-2022-JP.so		
a0584b884f87a509	file	/usr/lib/x86_64-linux-gnu/gconv/ISO-2022-KR.so		
4ac0094b41f94dcb	file	/usr/lib/x86_64-linux-gnu/gconv/ISO-IR-197.so		
dc4cb8ad229b42e9	file	/usr/lib/x86_64-linux-gnu/gconv/ISO-IR-209.so		
a29e7b5f1080faf9	file	/usr/lib/x86_64-linux-gnu/gconv/ISO646.so		
7696566a08c69380	file	/usr/lib/x86_64-linux-gnu/gconv/ISO8859-1.so		
9e611c7a7cb10030	file	/usr/lib/x86_64-linux-gnu/gconv/ISO8859-10.so		
f0ebbf21539b398c	file	/usr/lib/x86_64-linux-gnu/gconv/ISO8859-11.so		
99f0b2033e9c1d2b	file	/usr/lib/x86_64-linux-gnu/gconv/ISO8859-13.so		
03ea54accdbceadc	file	/usr/lib/x86_64-linux-gnu/gconv/ISO8859-14.so		
2cc1ff960f2e2af0	file	/usr/lib/x86_64-linux-gnu/gconv/ISO8859-15.so		
23f2d69ac8955f8f	file	/usr/lib/x86_64-linux-gnu/gconv/ISO8859-16.so		
583e3e99c0d05580	file	/usr/lib/x86_64-linux-gnu/gconv/ISO8859-2.so		
52d40550f0c690e2	file	/usr/lib/x86_64-linux-gnu/gconv/ISO8859-3.so		
040077c0f69a8949	file	/usr/lib/x86_64-linux-gnu/gconv/ISO8859-4.so		
b900ef074da11e6c	file	/usr/lib/x86_64-linux-gnu/gconv/ISO8859-5.so		
32cfbd1fafe1f122	file	/usr/lib/x86_64-linux-gnu/gconv/ISO8859-6.so		
d9fb12308208593e	file	/usr/lib/x86_64-linux-gnu/gconv/ISO8859-7.so		
5158ebda7f83b668	file	/usr/lib/x86_64-linux-gnu/gconv/ISO8859-8.so		
27ae14ebe2cae2e7	file	/usr/lib/x86_64-linux-gnu/gconv/ISO8859-9.so		
5ce102bbe462d8c2	file	/usr/lib/x86_64-linux-gnu/gconv/ISO8859-9E.so		
945d36c15e3c576e	file	/usr/lib/x86_64-linux-gnu/gconv/ISO_10367-BOX.so		
ff44264e8d07179e	file	/usr/lib/x86_64-linux-gnu/gconv/ISO_11548-1.so		
1a274debb333ce01	file	/usr/lib/x86_64-linux-gnu/gconv/ISO_2033.so		
42463389a4b9d0b2	file	/usr/lib/x86_64-linux-gnu/gconv/ISO_5427-EXT.so		
ae79f4f8bcb4af07	file	/usr/lib/x86_64-linux-gnu/gconv/ISO_5427.so		
aca42a24b5aa0968	file	/usr/lib/x86_64-linux-gnu/gconv/ISO_5428.so		
ca311bc9dc9d6d4d	file	/usr/lib/x86_64-linux-gnu/gconv/ISO_6937-2.so		
7076206ee24add77	file	/usr/lib/x86_64-linux-gnu/gconv/ISO_6937.so		
f185ae1a1fcb3541	file	/usr/lib/x86_64-linux-gnu/gconv/JOHAB.so		
5a0c82050b75d4b7	file	/usr/lib/x86_64-linux-gnu/gconv/KOI-8.so		
4888cfa0313c2376	file	/usr/lib/x86_64-linux-gnu/gconv/KOI8-R.so		
97717ff64b3a87ca	file	/usr/lib/x86_64-linux-gnu/gconv/KOI8-RU.so		
283c0b5eaebe119e	file	/usr/lib/x86_64-linux-gnu/gconv/KOI8-T.so		
5dcc6a7764104440	file	/usr/lib/x86_64-linux-gnu/gconv/KOI8-U.so		
a6962657037fd745	file	/usr/lib/x86_64-linux-gnu/gconv/LATIN-GREEK-1.so		
624353a338ab9962	file	/usr/lib/x86_64-linux-gnu/gconv/LATIN-GREEK.so		
cf7c88b95dfc5bb0	file	/usr/lib/x86_64-linux-gnu/gconv/MAC-CENTRALEUROPE.so		
36f24880be849a01	file	/usr/lib/x86_64-linux-gnu/gconv/MAC-IS.so		
51f8e0a85e49cf0e	file	/usr/lib/x86_64-linux-gnu/gconv/MAC-SAMI.so		
34343b58e6b01bd5	file	/usr/lib/x86_64-linux-gnu/gconv/MAC-UK.so		
033a848c9c7b40d0	file	/usr/lib/x86_64-linux-gnu/gconv/MACINTOSH.so		
071ced7eac7f3ca1	file	/usr/lib/x86_64-linux-gnu/gconv/MIK.so		
a223eeefccabcecf	file	/usr/lib/x86_64-linux-gnu/gconv/NATS-DANO.so		
318241fc6efcf1f7	file	/usr/lib/x86_64-linux-gnu/gconv/NATS-SEFI.so		
0720a037e026aac1	file	/usr/lib/x86_64-linux-gnu/gconv/PT154.so		
44bcd2b4f443877e	file	/usr/lib/x86_64-linux-gnu/gconv/RK1048.so		
4e86a1a69def87b1	file	/usr/lib/x86_64-linux-gnu/gconv/SAMI-WS2.so		
9888b0659d000dd6	file	/usr/lib/x86_64-linux-gnu/gconv/SHIFT_JISX0213.so		
0e36596bb4e21be0	file	/usr/lib/x86_64-linux-gnu/gconv/SJIS.so		
2a9abb70e35d7802	file	/usr/lib/x86_64-linux-gnu/gconv/T.61.so		
0e13f0028745a669	file	/usr/lib/x86_64-linux-gnu/gconv/TCVN5712-1.so		
cc77a8e550c9ef22	file	/usr/lib/x86_64-linux-gnu/gconv/TIS-620.so		
b6209fbc72cf6b28	file	/usr/lib/x86_64-linux-gnu/gconv/TSCII.so		
fe9f2ead545f2b6b	file	/usr/lib/x86_64-linux-gnu/gconv/UHC.so		
3084fb17b62e707f	file	/usr/lib/x86_64-linux-gnu/gconv/UNICODE.so		
a881de5760c42cfa	file	/usr/lib/x86_64-linux-gnu/gconv/UTF-16.so		
5f73166f1b9b6021	file	/usr/lib/x86_64-linux-gnu/gconv/UTF-32.so		
290cf0ca954079a2	file	/usr/lib/x86_64-linux-gnu/gconv/UTF-7.so		
4f3eaccb835f89cd	file	/usr/lib/x86_64-linux-gnu/gconv/VISCII.so		
0b5a4f4dc5be5005	file	/usr/lib/x86_64-linux-gnu/gconv/gconv-modules		
c44f0321009de412	file	/usr/lib/x86_64-linux-gnu/gconv/gconv-modules.cache		
6194eca7d52a09db	file	/usr/lib/x86_64-linux-gnu/gconv/gconv-modules.d/gconv-modules-extra.conf		
24c7790190ed4643	file	/usr/lib/x86_64-linux-gnu/gconv/libCNS.so		
c3226dc3873148f5	file	/usr/lib/x86_64-linux-gnu/gconv/libGB.so		
a63fc2ea8d5029b2	file	/usr/lib/x86_64-linux-gnu/gconv/libISOIR165.so		
a0ee3b685437ce3b	file	/usr/lib/x86_64-linux-gnu/gconv/libJIS.so		
5031131d626191c8	file	/usr/lib/x86_64-linux-gnu/gconv/libJISX0213.so		
84c6d8b24738b9da	file	/usr/lib/x86_64-linux-gnu/gconv/libKSC.so		
3ecce5c60f607940	file	/usr/lib/x86_64-linux-gnu/ld-linux-x86-64.so.2		
34fd968c5d4ade44	file	/usr/lib/x86_64-linux-gnu/libBrokenLocale.so.1		
1cc63822267c2815	file	/usr/lib/x86_64-linux-gnu/libacl.so.1.1.2301		
fd182893fff84b78	file	/usr/lib/x86_64-linux-gnu/libanl.so.1		
4fa77d5a114215cd	file	/usr/lib/x86_64-linux-gnu/libapt-pkg.so.6.0.0		
80702b7de9fc274d	file	/usr/lib/x86_64-linux-gnu/libapt-private.so.0.0.0		
be24a9b206484cca	file	/usr/lib/x86_64-linux-gnu/libattr.so.1.1.2501		
90f7cadecf92e42f	file	/usr/lib/x86_64-linux-gnu/libaudit.so.1.0.0		
0bfea9bf4284715a	file	/usr/lib/x86_64-linux-gnu/libblkid.so.1.1.0		
64d0e83d8bae25c7	file	/usr/lib/x86_64-linux-gnu/libbz2.so.1.0.4		
a4e88ec8c6787555	file	/usr/lib/x86_64-linux-gnu/libc.so.6		
ebeb9d81ec146846	file	/usr/lib/x86_64-linux-gnu/libc_malloc_debug.so.0		
6dd6e80838e073f4	file	/usr/lib/x86_64-linux-gnu/libcap-ng.so.0.0.0		
e7d5f0176063a50e	file	/usr/lib/x86_64-linux-gnu/libcap.so.2.66		
ce60128517b9a47a	file	/usr/lib/x86_64-linux-gnu/libcom_err.so.2.1		
1cabf1f5004c3fa9	file	/usr/lib/x86_64-linux-gnu/libcrypt.so.1.1.0		
05542036bae5f635	file	/usr/lib/x86_64-linux-gnu/libdb-5.3.so		
c6de75ba5218be0e	file	/usr/lib/x86_64-linux-gnu/libdebconfclient.so.0.0.0		
fd7b09f0997c4431	file	/usr/lib/x86_64-linux-gnu/libdl.so.2		
a539b616a53b61e0	file	/usr/lib/x86_64-linux-gnu/libdrop_ambient.so.0.0.0		
76f4c52a45c40ddd	file	/usr/lib/x86_64-linux-gnu/libe2p.so.2.3		
f873c87c87b8135b	file	/usr/lib/x86_64-linux-gnu/libext2fs.so.2.4		
a10917a2a7f6b4df	file	/usr/lib/x86_64-linux-gnu/libffi.so.8.1.2		
fb9661e3275575ff	file	/usr/lib/x86_64-linux-gnu/libgcc_s.so.1		
67633b8bb225d1d0	file	/usr/lib/x86_64-linux-gnu/libgcrypt.so.20.4.1		
94f201d6b81f4ae5	file	/usr/lib/x86_64-linux-gnu/libgmp.so.10.4.1		
6fb675c12deda3dc	file	/usr/lib/x86_64-linux-gnu/libgnutls.so.30.34.3		
ca1155fd331e82f8	file	/usr/lib/x86_64-linux-gnu/libgpg-error.so.0.33.1		
b8ed502cae59eb64	file	/usr/lib/x86_64-linux-gnu/libhogweed.so.6.6		
cfaee4d9577cd9ec	file	/usr/lib/x86_64-linux-gnu/libidn2.so.0.3.8		
e2499a478679b8a0	file	/usr/lib/x86_64-linux-gnu/liblz4.so.1.9.4		
dea73479ee36c129	file	/usr/lib/x86_64-linux-gnu/liblzma.so.5.4.1		
a277a544505a8dda	file	/usr/lib/x86_64-linux-gnu/libm.so.6		
32f03cd650d3905b	file	/usr/lib/x86_64-linux-gnu/libmd.so.0.0.5		
3bc5bd68bb869c70	file	/usr/lib/x86_64-linux-gnu/libmemusage.so		
f8f2a4d38405d310	file	/usr/lib/x86_64-linux-gnu/libmount.so.1.1.0		
e3fac9e4b3a2972b	file	/usr/lib/x86_64-linux-gnu/libmvec.so.1		
12324067a98f5ff6	file	/usr/lib/x86_64-linux-gnu/libnettle.so.8.6		
3c8158390aa6a255	file	/usr/lib/x86_64-linux-gnu/libnsl.so.1		
25e2fc261d6eee5c	file	/usr/lib/x86_64-linux-gnu/libnss_compat.so.2		
bc2cbdf616dc365d	file	/usr/lib/x86_64-linux-gnu/libnss_dns.so.2		
c0385b3354297b1b	file	/usr/lib/x86_64-linux-gnu/libnss_files.so.2		
789918556a5ed829	file	/usr/lib/x86_64-linux-gnu/libnss_hesiod.so.2		
c4a34d9ba4b227c9	file	/usr/lib/x86_64-linux-gnu/libp11-kit.so.0.3.0		
5dcf1e3059207bd2	file	/usr/lib/x86_64-linux-gnu/libpam.so.0.85.1		
fae02c2a1c796371	file	/usr/lib/x86_64-linux-gnu/libpam_misc.so.0.82.1		
fcfe7babf58c5e18	file	/usr/lib/x86_64-linux-gnu/libpamc.so.0.82.1		
46341908e740facf	file	/usr/lib/x86_64-linux-gnu/libpcprofile.so		
cfaa92f16b9ab0b7	file	/usr/lib/x86_64-linux-gnu/libpcre2-8.so.0.11.2		
3d9696e0fe1aa836	file	/usr/lib/x86_64-linux-gnu/libpsx.so.2.66		
a03a1cab25a612be	file	/usr/lib/x86_64-linux-gnu/libpthread.so.0		
b5f746bd00b3cca0	file	/usr/lib/x86_64-linux-gnu/libresolv.so.2		
a5fa35ecdb92276d	file	/usr/lib/x86_64-linux-gnu/librt.so.1		
936365645cd11d54	file	/usr/lib/x86_64-linux-gnu/libseccomp.so.2.5.4		
c499c6c6b04a5790	file	/usr/lib/x86_64-linux-gnu/libselinux.so.1		
d21cfbbb10a284e0	file	/usr/lib/x86_64-linux-gnu/libsemanage.so.2		
9f5191c1f88db2e7	file	/usr/lib/x86_64-linux-gnu/libsepol.so.2		
6cfb493aa10c548b	file	/usr/lib/x86_64-linux-gnu/libsmartcols.so.1.1.0		
b947d0ab9bee6207	file	/usr/lib/x86_64-linux-gnu/libss.so.2.0		
7d08eb1db08f896b	file	/usr/lib/x86_64-linux-gnu/libstdc++.so.6.0.30		
db8137ec69ccf554	file	/usr/lib/x86_64-linux-gnu/libsystemd.so.0.35.0		
9aa1ba729bb79c00	file	/usr/lib/x86_64-linux-gnu/libtasn1.so.6.6.3		
681661905dec96e9	file	/usr/lib/x86_64-linux-gnu/libthread_db.so.1		
e0c67b91b336db92	file	/usr/lib/x86_64-linux-gnu/libtic.so.6.4		
350551d19557daa1	file	/usr/lib/x86_64-linux-gnu/libtinfo.so.6.4		
7df466bbc40e39db	file	/usr/lib/x86_64-linux-gnu/libudev.so.1.7.5		
f33b471f153adf3f	file	/usr/lib/x86_64-linux-gnu/libunistring.so.2.2.0		
e38b3fdf86aa8ee7	file	/usr/lib/x86_64-linux-gnu/libutil.so.1		
aef507662a5bad1b	file	/usr/lib/x86_64-linux-gnu/libuuid.so.1.3.0		
56153215abbe848d	file	/usr/lib/x86_64-linux-gnu/libxxhash.so.0.8.1		
4cbd0a9281704213	file	/usr/lib/x86_64-linux-gnu/libz.so.1.2.13		
918c6c4f8522555b	file	/usr/lib/x86_64-linux-gnu/libzstd.so.1.5.4		
a06f562cb0c9b23b	file	/usr/lib/x86_64-linux-gnu/perl-base/AutoLoader.pm		
a9c16f0f2538d8fa	file	/usr/lib/x86_64-linux-gnu/perl-base/Carp.pm		
ee0758fc90144829	file	/usr/lib/x86_64-linux-gnu/perl-base/Carp/Heavy.pm		
70bccfcaeb48df08	file	/usr/lib/x86_64-linux-gnu/perl-base/Config.pm		
ab234a4abbf8b687	file	/usr/lib/x86_64-linux-gnu/perl-base/Config_git.pl		
03d66407b2469e41	file	/usr/lib/x86_64-linux-gnu/perl-base/Config_heavy.pl		
774414276ade2231	file	/usr/lib/x86_64-linux-gnu/perl-base/Cwd.pm		
b504072d904ba5b8	file	/usr/lib/x86_64-linux-gnu/perl-base/DynaLoader.pm		
5209d16c50b6844e	file	/usr/lib/x86_64-linux-gnu/perl-base/Errno.pm		
4fe186054b9d862f	file	/usr/lib/x86_64-linux-gnu/perl-base/Exporter.pm		
dbc23913a3386046	file	/usr/lib/x86_64-linux-gnu/perl-base/Exporter/Heavy.pm		
20d3f10078b16899	file	/usr/lib/x86_64-linux-gnu/perl-base/Fcntl.pm		
339138159f0302fe	file	/usr/lib/x86_64-linux-gnu/perl-base/File/Basename.pm		
30874235c6804253	file	/usr/lib/x86_64-linux-gnu/perl-base/File/Glob.pm		
60c15cc885cf8f17	file	/usr/lib/x86_64-linux-gnu/perl-base/File/Path.pm		
0f39d6b184203ab1	file	/usr/lib/x86_64-linux-gnu/perl-base/File/Spec.pm		
fc2df229d42ec6c5	file	/usr/lib/x86_64-linux-gnu/perl-base/File/Spec/Unix.pm		
d9c23e7414c57f91	file	/usr/lib/x86_64-linux-gnu/perl-base/File/Temp.pm		
59ab3da9aff7a5a4	file	/usr/lib/x86_64-linux-gnu/perl-base/FileHandle.pm		
ffc6db961df1ae91	file	/usr/lib/x86_64-linux-gnu/perl-base/Getopt/Long.pm		
b0ad513877a8843a	file	/usr/lib/x86_64-linux-gnu/perl-base/Hash/Util.pm		
68417b1c83be36c0	file	/usr/lib/x86_64-linux-gnu/perl-base/IO.pm		
2c44fcf55f27b29a	file	/usr/lib/x86_64-linux-gnu/perl-base/IO/File.pm		
908a51c2c00e1087	file	/usr/lib/x86_64-linux-gnu/perl-base/IO/Handle.pm		
065cf805811ee3b3	file	/usr/lib/x86_64-linux-gnu/perl-base/IO/Pipe.pm		
b7d1d8a24379269b	file	/usr/lib/x86_64-linux-gnu/perl-base/IO/Seekable.pm		
9127c5ee960dda15	file	/usr/lib/x86_64-linux-gnu/perl-base/IO/Select.pm		
9bebd1d32e4d9f59	file	/usr/lib/x86_64-linux-gnu/perl-base/IO/Socket.pm		
1fb410f7c106adfa	file	/usr/lib/x86_64-linux-gnu/perl-base/IO/Socket/INET.pm		
426bbd583bd69944	file	/usr/lib/x86_64-linux-gnu/perl-base/IO/Socket/IP.pm		
9378ef956bf4f817	file	/usr/lib/x86_64-linux-gnu/perl-base/IO/Socket/UNIX.pm		
13bc0a80118be289	file	/usr/lib/x86_64-linux-gnu/perl-base/IPC/Open2.pm		
f08a18ee1f219ef1	file	/usr/lib/x86_64-linux-gnu/perl-base/IPC/Open3.pm		
863becf144024048	file	/usr/lib/x86_64-linux-gnu/perl-base/List/Util.pm		
c138df097526b655	file	/usr/lib/x86_64-linux-gnu/perl-base/POSIX.pm		
4bc0fbd96aaf3fff	file	/usr/lib/x86_64-linux-gnu/perl-base/Scalar/Util.pm		
520cfd4737193710	file	/usr/lib/x86_64-linux-gnu/perl-base/SelectSaver.pm		
413c499df9e17d6e	file	/usr/lib/x86_64-linux-gnu/perl-base/Socket.pm		
0b5f4aa99a7edb21	file	/usr/lib/x86_64-linux-gnu/perl-base/Symbol.pm		
0afc90eda206281d	file	/usr/lib/x86_64-linux-gnu/perl-base/Text/ParseWords.pm		
1216b80b06d60fea	file	/usr/lib/x86_64-linux-gnu/perl-base/Text/Tabs.pm		
a2bad232d49b7e99	file	/usr/lib/x86_64-linux-gnu/perl-base/Text/Wrap.pm		
7cfdc6006c9dcdbc	file	/usr/lib/x86_64-linux-gnu/perl-base/Tie/Hash.pm		
06879db3b9ebf1cf	file	/usr/lib/x86_64-linux-gnu/perl-base/XSLoader.pm		
bf35c253c6da3854	file	/usr/lib/x86_64-linux-gnu/perl-base/attributes.pm		
ea808b1ab0d87e7f	file	/usr/lib/x86_64-linux-gnu/perl-base/auto/Cwd/Cwd.so		
306d706f462e11bd	file	/usr/lib/x86_64-linux-gnu/perl-base/auto/Fcntl/Fcntl.so		
4905188ca405e3df	file	/usr/lib/x86_64-linux-gnu/perl-base/auto/File/Glob/Glob.so		
0623e35a20b90a28	file	/usr/lib/x86_64-linux-gnu/perl-base/auto/Hash/Util/Util.so		
b79ec7fb65878c35	file	/usr/lib/x86_64-linux-gnu/perl-base/auto/IO/IO.so		
f987430890f49b09	file	/usr/lib/x86_64-linux-gnu/perl-base/auto/List/Util/Util.so		
6583ee083285a6d5	file	/usr/lib/x86_64-linux-gnu/perl-base/auto/POSIX/POSIX.so		
7e63f07ef890a8d2	file	/usr/lib/x86_64-linux-gnu/perl-base/auto/Socket/Socket.so		
f9ba7b6b4799fdbc	file	/usr/lib/x86_64-linux-gnu/perl-base/auto/attributes/attributes.so		
9381816735052c33	file	/usr/lib/x86_64-linux-gnu/perl-base/auto/re/re.so		
9b7f494329483a9f	file	/usr/lib/x86_64-linux-gnu/perl-base/base.pm		
8b170044ac21931f	file	/usr/lib/x86_64-linux-gnu/perl-base/builtin.pm		
2f92934cb1a14ed7	file	/usr/lib/x86_64-linux-gnu/perl-base/bytes.pm		
ad3b42b1d67df033	file	/usr/lib/x86_64-linux-gnu/perl-base/bytes_heavy.pl		
3c861ab848f36345	file	/usr/lib/x86_64-linux-gnu/perl-base/constant.pm		
df94a34cd8a4e202	file	/usr/lib/x86_64-linux-gnu/perl-base/feature.pm		
c43520ffe957d120	file	/usr/lib/x86_64-linux-gnu/perl-base/fields.pm		
69c15e0eaf1d5c15	file	/usr/lib/x86_64-linux-gnu/perl-base/integer.pm		
b2e488cb1137ed44	file	/usr/lib/x86_64-linux-gnu/perl-base/lib.pm		
1511b67041cffe23	file	/usr/lib/x86_64-linux-gnu/perl-base/locale.pm		
8451a43a6337f9d5	file	/usr/lib/x86_64-linux-gnu/perl-base/overload.pm		
758e0ea35d3bd310	file	/usr/lib/x86_64-linux-gnu/perl-base/overloading.pm		
1dcbf5688c28b208	file	/usr/lib/x86_64-linux-gnu/perl-base/parent.pm		
5e028559accac25d	file	/usr/lib/x86_64-linux-gnu/perl-base/re.pm		
e76ed613868e5ab0	file	/usr/lib/x86_64-linux-gnu/perl-base/strict.pm		
5bcbadf597be736f	file	/usr/lib/x86_64-linux-gnu/perl-base/unicore/To/Age.pl		
cdeba5c34e9717c0	file	/usr/lib/x86_64-linux-gnu/perl-base/unicore/To/Bc.pl		
507f6d8a8e8c65f9	file	/usr/lib/x86_64-linux-gnu/perl-base/unicore/To/Bmg.pl		
88723e5ad0f553e4	file	/usr/lib/x86_64-linux-gnu/perl-base/unicore/To/Bpb.pl		
1008a99ed8dac45b	file	/usr/lib/x86_64-linux-gnu/perl-base/unicore/To/Bpt.pl		
ac8b24172af0b2c4	file	/usr/lib/x86_64-linux-gnu/perl-base/unicore/To/Cf.pl		
398ec36654bf3082	file	/usr/lib/x86_64-linux-gnu/perl-base/unicore/To/Ea.pl		
5011acb03be74e86	file	/usr/lib/x86_64-linux-gnu/perl-base/unicore/To/EqUIdeo.pl		
d50acebaa7efe9b8	file	/usr/lib/x86_64-linux-gnu/perl-base/unicore/To/GCB.pl		
35fa65f99d2ecd76	file	/usr/lib/x86_64-linux-gnu/perl-base/unicore/To/Gc.pl		
e23a9dc5f9a6a195	file	/usr/lib/x86_64-linux-gnu/perl-base/unicore/To/Hst.pl		
d7dd37702b3f4060	file	/usr/lib/x86_64-linux-gnu/perl-base/unicore/To/Identif2.pl		
042e47a1f1afc1d2	file	/usr/lib/x86_64-linux-gnu/perl-base/unicore/To/Identifi.pl		
cc5cd1a4b0d16ecd	file	/usr/lib/x86_64-linux-gnu/perl-base/unicore/To/InPC.pl		
07dea8aba61b545f	file	/usr/lib/x86_64-linux-gnu/perl-base/unicore/To/InSC.pl		
4085aed45b0ebc45	file	/usr/lib/x86_64-linux-gnu/perl-base/unicore/To/Isc.pl		
3ab630f4022310b1	file	/usr/lib/x86_64-linux-gnu/perl-base/unicore/To/Jg.pl		
73258e2abc1b974e	file	/usr/lib/x86_64-linux-gnu/perl-base/unicore/To/Jt.pl		
e4f8b36c8550463d	file	/usr/lib/x86_64-linux-gnu/perl-base/unicore/To/Lb.pl		
831bb124739ab007	file	/usr/lib/x86_64-linux-gnu/perl-base/unicore/To/Lc.pl		
ac16cd0099ffe920	file	/usr/lib/x86_64-linux-gnu/perl-base/unicore/To/NFCQC.pl		
a378e97591c352f2	file	/usr/lib/x86_64-linux-gnu/perl-base/unicore/To/NFDQC.pl		
3ad7cf7e94cea401	file	/usr/lib/x86_64-linux-gnu/perl-base/unicore/To/NFKCCF.pl		
ce562c6b3559c735	file	/usr/lib/x86_64-linux-gnu/perl-base/unicore/To/NFKCQC.pl		
d7375f5b9cbad1e5	file	/usr/lib/x86_64-linux-gnu/perl-base/unicore/To/NFKDQC.pl		
3c964eba2106823a	file	/usr/lib/x86_64-linux-gnu/perl-base/unicore/To/Na1.pl		
ac146fc4ce4714c2	file	/usr/lib/x86_64-linux-gnu/perl-base/unicore/To/NameAlia.pl		
151de9b9dd26f895	file	/usr/lib/x86_64-linux-gnu/perl-base/unicore/To/Nt.pl		
29c5b78c8275dcbf	file	/usr/lib/x86_64-linux-gnu/perl-base/unicore/To/Nv.pl		
4cc6d744df07d529	file	/usr/lib/x86_64-linux-gnu/perl-base/unicore/To/PerlDeci.pl		
bbd9b30ecb54c565	file	/usr/lib/x86_64-linux-gnu/perl-base/unicore/To/SB.pl		
6382724a1ed0ac14	file	/usr/lib/x86_64-linux-gnu/perl-base/unicore/To/Sc.pl		
ba04e068e96d09c4	file	/usr/lib/x86_64-linux-gnu/perl-base/unicore/To/Scx.pl		
95de68dda20b7f90	file	/usr/lib/x86_64-linux-gnu/perl-base/unicore/To/Tc.pl		
0a0a858f05ca304c	file	/usr/lib/x86_64-linux-gnu/perl-base/unicore/To/Uc.pl		
e8b67f04e1068895	file	/usr/lib/x86_64-linux-gnu/perl-base/unicore/To/Vo.pl		
8e220a99f6a406c4	file	/usr/lib/x86_64-linux-gnu/perl-base/unicore/To/WB.pl		
ed61e5b82487fe7b	file	/usr/lib/x86_64-linux-gnu/perl-base/unicore/To/_PerlLB.pl		
20f88a40c33885da	file	/usr/lib/x86_64-linux-gnu/perl-base/unicore/To/_PerlSCX.pl		
c40c57dc53820da9	file	/usr/lib/x86_64-linux-gnu/perl-base/unicore/lib/Age/NA.pl		
4add1914f916c616	file	/usr/lib/x86_64-linux-gnu/perl-base/unicore/lib/Age/V100.pl		
552f580d29b2fea2	file	/usr/lib/x86_64-linux-gnu/perl-base/unicore/lib/Age/V11.pl		
d5f2f6088fe695e3	file	/usr/lib/x86_64-linux-gnu/perl-base/unicore/lib/Age/V110.pl		
b9d179a6058a1fff	file	/usr/lib/x86_64-linux-gnu/perl-base/unicore/lib/Age/V120.pl		
906db3351f6f7cbc	file	/usr/lib/x86_64-linux-gnu/perl-base/unicore/lib/Age/V130.pl		
ffb201c16308514f	file	/usr/lib/x86_64-linux-gnu/perl-base/unicore/lib/Age/V140.pl		
a65778952aa5a24d	file	/usr/lib/x86_64-linux-gnu/perl-base/unicore/lib/Age/V20.pl		
2fec147c30668e8a	file	/usr/lib/x86_64-linux-gnu/perl-base/unicore/lib/Age/V30.pl		
e4d6fd6460ffdaea	file	/usr/lib/x86_64-linux-gnu/perl-base/unicore/lib/Age/V31.pl		
5aec3d193797b1ab	file	/usr/lib/x86_64-linux-gnu/perl-base/unicore/lib/Age/V32.pl		
f7033cbf3e39c7fc	file	/usr/lib/x86_64-linux-gnu/perl-base/unicore/lib/Age/V40.pl		
dbc07084aedbf750	file	/usr/lib/x86_64-linux-gnu/perl-base/unicore/lib/Age/V41.pl		
fd153dbda04c3373	file	/usr/lib/x86_64-linux-gnu/perl-base/unicore/lib/Age/V50.pl		
fd04143e8316b4d6	file	/usr/lib/x86_64-linux-gnu/perl-base/unicore/lib/Age/V51.pl		
6fb1fb3ec79c4eba	file	/usr/lib/x86_64-linux-gnu/perl-base/unicore/lib/Age/V52.pl		
d25c52c5a17e8156	file	/usr/lib/x86_64-linux-gnu/perl-base/unicore/lib/Age/V60.pl		
89499108ee5af5fb	file	/usr/lib/x86_64-linux-gnu/perl-base/unicore/lib/Age/V61.pl		
fce27a5e447ca9f4	file	/usr/lib/x86_64-linux-gnu/perl-base/unicore/lib/Age/V70.pl		
468a0e607c931415	file	/usr/lib/x86_64-linux-gnu/perl-base/unicore/lib/Age/V80.pl		
67bf3260d9f7ec01	file	/usr/lib/x86_64-linux-gnu/perl-base/unicore/lib/Age/V90.pl		
728dc4a19714fb8a	file	/usr/lib/x86_64-linux-gnu/perl-base/unicore/lib/Alpha/Y.pl		
b01a8e8e5b2d726e	file	/usr/lib/x86_64-linux-gnu/perl-base/unicore/lib/Bc/AL.pl		
6b75cbec94dfb6bd	file	/usr/lib/x86_64-linux-gnu/perl-base/unicore/lib/Bc/AN.pl		
e04b455447357d05	file	/usr/lib/x86_64-linux-gnu/perl-base/unicore/lib/Bc/B.pl		
67a1b296fd398b0d	file	/usr/lib/x86_64-linux-gnu/perl-base/unicore/lib/Bc/BN.pl		
e72df38f158d7868	file	/usr/lib/x86_64-linux-gnu/perl-base/unicore/lib/Bc/CS.pl		
13bb9cb1eff82380	file	/usr/lib/x86_64-linux-gnu/perl-base/unicore/lib/Bc/EN.pl		
7abaaafb0ed8ac6a	file	/usr/lib/x86_64-linux-gnu/perl-base/unicore/lib/Bc/ES.pl		
c2b52281bac6fda1	file	/usr/lib/x86_64-linux-gnu/perl-base/unicore/lib/Bc/ET.pl		
ce133738b039a981	file	/usr/lib/x86_64-linux-gnu/perl-base/unicore/lib/Bc/L.pl		
699d0b5a3cdbb2a7	file	/usr/lib/x86_64-linux-gnu/perl-base/unicore/lib/Bc/NSM.pl		
a62f8da6c0fe2633	file	/usr/lib/x86_64-linux-gnu/perl-base/unicore/lib/Bc/ON.pl		
c33759937977a9b5	file	/usr/lib/x86_64-linux-gnu/perl-base/unicore/lib/Bc/R.pl		
5b5501ee71ba2570	file	/usr/lib/x86_64-linux-gnu/perl-base/unicore/lib/Bc/WS.pl		
47b41b2d36fc2ee0	file	/usr/lib/x86_64-linux-gnu/perl-base/unicore/lib/BidiC/Y.pl		
bcda23f846da9407	file	/usr/lib/x86_64-linux-gnu/perl-base/unicore/lib/BidiM/Y.pl		
8e5d245a0d2cbcab	file	/usr/lib/x86_64-linux-gnu/perl-base/unicore/lib/Blk/NB.pl		
a9f4298ef36106d8	file	/usr/lib/x86_64-linux-gnu/perl-base/unicore/lib/Bpt/C.pl		
c18193814796ff6d	file	/usr/lib/x86_64-linux-gnu/perl-base/unicore/lib/Bpt/N.pl		
b62c0a2068ef8a08	file	/usr/lib/x86_64-linux-gnu/perl-base/unicore/lib/Bpt/O.pl		
d712b4653bfe4756	file	/usr/lib/x86_64-linux-gnu/perl-base/unicore/lib/CE/Y.pl		
c1ec384f5d092df3	file	/usr/lib/x86_64-linux-gnu/perl-base/unicore/lib/CI/Y.pl		
7c732cf00999c2c0	file	/usr/lib/x86_64-linux-gnu/perl-base/unicore/lib/CWCF/Y.pl		
bee4d9fea8faed44	file	/usr/lib/x86_64-linux-gnu/perl-base/unicore/lib/CWCM/Y.pl		
f75912acba1526ba	file	/usr/lib/x86_64-linux-gnu/perl-base/unicore/lib/CWKCF/Y.pl		
92015ace9c4cf0a5	file	/usr/lib/x86_64-linux-gnu/perl-base/unicore/lib/CWL/Y.pl		
cda3b42267601bae	file	/usr/lib/x86_64-linux-gnu/perl-base/unicore/lib/CWT/Y.pl		
70e5a9270282304b	file	/usr/lib/x86_64-linux-gnu/perl-base/unicore/lib/CWU/Y.pl		
412b215b31efeae2	file	/usr/lib/x86_64-linux-gnu/perl-base/unicore/lib/Cased/Y.pl		
bb8052e214fa9116	file	/usr/lib/x86_64-linux-gnu/perl-base/unicore/lib/Ccc/A.pl		
518b417bd26ce4fc	file	/usr/lib/x86_64-linux-gnu/perl-base/unicore/lib/Ccc/AL.pl		
6a2f305773343da9	file	/usr/lib/x86_64-linux-gnu/perl-base/unicore/lib/Ccc/AR.pl		
a89ef2376d682eb3	file	/usr/lib/x86_64-linux-gnu/perl-base/unicore/lib/Ccc/ATAR.pl		
a4e90de5c7946073	file	/usr/lib/x86_64-linux-gnu/perl-base/unicore/lib/Ccc/B.pl		
eb8b74f1755b09d5	file	/usr/lib/x86_64-linux-gnu/perl-base/unicore/lib/Ccc/BR.pl		
fde9e9686167cd79	file	/usr/lib/x86_64-linux-gnu/perl-base/unicore/lib/Ccc/DB.pl		
ae3a98421147116f	file	/usr/lib/x86_64-linux-gnu/perl-base/unicore/lib/Ccc/NK.pl		
a3fc925078c45996	file	/usr/lib/x86_64-linux-gnu/perl-base/unicore/lib/Ccc/NR.pl		
53ce9fde1af1f032	file	/usr/lib/x86_64-linux-gnu/perl-base/unicore/lib/Ccc/OV.pl		
0d0fc43dac6e5207	file	/usr/lib/x86_64-linux-gnu/perl-base/unicore/lib/Ccc/VR.pl		
7ac20303e9f54860	file	/usr/lib/x86_64-linux-gnu/perl-base/unicore/lib/CompEx/Y.pl		
de10d035838d258e	file	/usr/lib/x86_64-linux-gnu/perl-base/unicore/lib/DI/Y.pl		
97acfd2329c3dede	file	/usr/lib/x86_64-linux-gnu/perl-base/unicore/lib/Dash/Y.pl		
806384c1aa696b01	file	/usr/lib/x86_64-linux-gnu/perl-base/unicore/lib/Dep/Y.pl		
ef1d79ca89a58985	file	/usr/lib/x86_64-linux-gnu/perl-base/unicore/lib/Dia/Y.pl		
8dcfa2f462cee89e	file	/usr/lib/x86_64-linux-gnu/perl-base/unicore/lib/Dt/Com.pl		
48228ad7028c6670	file	/usr/lib/x86_64-linux-gnu/perl-base/unicore/lib/Dt/Enc.pl		
8a255a52c4f2d198	file	/usr/lib/x86_64-linux-gnu/perl-base/unicore/lib/Dt/Fin.pl		
612b44c11bf9c53b	file	/usr/lib/x86_64-linux-gnu/perl-base/unicore/lib/Dt/Font.pl		
5e56c0d22d326993	file	/usr/lib/x86_64-linux-gnu/perl-base/unicore/lib/Dt/Init.pl		
6d6103abbb4b5c3e	file	/usr/lib/x86_64-linux-gnu/perl-base/unicore/lib/Dt/Iso.pl		
c04ca61b982c6db5	file	/usr/lib/x86_64-linux-gnu/perl-base/unicore/lib/Dt/Med.pl		
68eda6ce3dcb2564	file	/usr/lib/x86_64-linux-gnu/perl-base/unicore/lib/Dt/Nar.pl		
24b04d65515d977b	file	/usr/lib/x86_64-linux-gnu/perl-base/unicore/lib/Dt/Nb.pl		
0e94354f6eb969f6	file	/usr/lib/x86_64-linux-gnu/perl-base/unicore/lib/Dt/NonCanon.pl		
5ba80e5e285a3c13	file	/usr/lib/x86_64-linux-gnu/perl-base/unicore/lib/Dt/Sqr.pl		
c109869c70531ade	file	/usr/lib/x86_64-linux-gnu/perl-base/unicore/lib/Dt/Sub.pl		
8d26be44fa8e1fe0	file	/usr/lib/x86_64-linux-gnu/perl-base/unicore/lib/Dt/Sup.pl		
92b8e83bb9b3ea78	file	/usr/lib/x86_64-linux-gnu/perl-base/unicore/lib/Dt/Vert.pl		
753805c6038382fc	file	/usr/lib/x86_64-linux-gnu/perl-base/unicore/lib/EBase/Y.pl		
f7733fc43d4f6150	file	/usr/lib/x86_64-linux-gnu/perl-base/unicore/lib/EComp/Y.pl		
28409ac83262d6d6	file	/usr/lib/x86_64-linux-gnu/perl-base/unicore/lib/EPres/Y.pl		
17a5b613d8f82b82	file	/usr/lib/x86_64-linux-gnu/perl-base/unicore/lib/Ea/A.pl		
d76c5f22900df464	file	/usr/lib/x86_64-linux-gnu/perl-base/unicore/lib/Ea/H.pl		
f4bb69f9b8941e0e	file	/usr/lib/x86_64-linux-gnu/perl-base/unicore/lib/Ea/N.pl		
595cc81b737377ed	file	/usr/lib/x86_64-linux-gnu/perl-base/unicore/lib/Ea/Na.pl		
4fd5ca9818541e05	file	/usr/lib/x86_64-linux-gnu/perl-base/unicore/lib/Ea/W.pl		
9754c01c03a866bd	file	/usr/lib/x86_64-linux-gnu/perl-base/unicore/lib/Emoji/Y.pl		
7d755942b96bccd9	file	/usr/lib/x86_64-linux-gnu/perl-base/unicore/lib/Ext/Y.pl		
e047a98852593c96	file	/usr/lib/x86_64-linux-gnu/perl-base/unicore/lib/ExtPict/Y.pl		
6567ece9e7ac4471	file	/usr/lib/x86_64-linux-gnu/perl-base/unicore/lib/GCB/CN.pl		
0c09229963b39202	file	/usr/lib/x86_64-linux-gnu/perl-base/unicore/lib/GCB/EX.pl		
8ab472e95c6a5904	file	/usr/lib/x86_64-linux-gnu/perl-base/unicore/lib/GCB/LV.pl		
ad1175d35ec3abdd	file	/usr/lib/x86_64-linux-gnu/perl-base/unicore/lib/GCB/LVT.pl		
1ba650fb20287fd8	file	/usr/lib/x86_64-linux-gnu/perl-base/unicore/lib/GCB/PP.pl		
20121eadb37e05e0	file	/usr/lib/x86_64-linux-gnu/perl-base/unicore/lib/GCB/SM.pl		
525c1f792684afed	file	/usr/lib/x86_64-linux-gnu/perl-base/unicore/lib/GCB/XX.pl		
fe7056b0fc73f2f9	file	/usr/lib/x86_64-linux-gnu/perl-base/unicore/lib/Gc/C.pl		
ed9eb87a61626dcb	file	/usr/lib/x86_64-linux-gnu/perl-base/unicore/lib/Gc/Cf.pl		
93eedc1b1755f381	file	/usr/lib/x86_64-linux-gnu/perl-base/unicore/lib/Gc/Cn.pl		
92196c83f34d674c	file	/usr/lib/x86_64-linux-gnu/perl-base/unicore/lib/Gc/L.pl		
f6021b0f14232d27	file	/usr/lib/x86_64-linux-gnu/perl-base/unicore/lib/Gc/LC.pl		
1d6367e4cefd9eb5	file	/usr/lib/x86_64-linux-gnu/perl-base/unicore/lib/Gc/Ll.pl		
cbf4c8a3ab4dbf38	file	/usr/lib/x86_64-linux-gnu/perl-base/unicore/lib/Gc/Lm.pl		
0ab0feb3e656f9ce	file	/usr/lib/x86_64-linux-gnu/perl-base/unicore/lib/Gc/Lo.pl		
fbdcece9a61f906c	file	/usr/lib/x86_64-linux-gnu/perl-base/unicore/lib/Gc/Lu.pl		
28200209879e760b	file	/usr/lib/x86_64-linux-gnu/perl-base/unicore/lib/Gc/M.pl		
75f5680f6eee7c3b	file	/usr/lib/x86_64-linux-gnu/perl-base/unicore/lib/Gc/Mc.pl		
aef84341aab92e78	file	/usr/lib/x86_64-linux-gnu/perl-base/unicore/lib/Gc/Me.pl		
f576a0794feb6c69	file	/usr/lib/x86_64-linux-gnu/perl-base/unicore/lib/Gc/Mn.pl		
cf18207ddb867001	file	/usr/lib/x86_64-linux-gnu/perl-base/unicore/lib/Gc/N.pl		
bbf663edc253f931	file	/usr/lib/x86_64-linux-gnu/perl-base/unicore/lib/Gc/Nd.pl		
e988a2d97cf4de9e	file	/usr/lib/x86_64-linux-gnu/perl-base/unicore/lib/Gc/Nl.pl		
f3f8cb989824a3f6	file	/usr/lib/x86_64-linux-gnu/perl-base/unicore/lib/Gc/No.pl		
a0beb8282c7f1d0b	file	/usr/lib/x86_64-linux-gnu/perl-base/unicore/lib/Gc/P.pl		
f2b2de32db70ef86	file	/usr/lib/x86_64-linux-gnu/perl-base/unicore/lib/Gc/Pc.pl		
b6928aaf77fae1c9	file	/usr/lib/x86_64-linux-gnu/perl-base/unicore/lib/Gc/Pd.pl		
9122973573583657	file	/usr/lib/x86_64-linux-gnu/perl-base/unicore/lib/Gc/Pe.pl		
4d8b63ba095ebc73	file	/usr/lib/x86_64-linux-gnu/perl-base/unicore/lib/Gc/Pf.pl		
38fbfa099bac5df1	file	/usr/lib/x86_64-linux-gnu/perl-base/unicore/lib/Gc/Pi.pl		
9858691ea64b4846	file	/usr/lib/x86_64-linux-gnu/perl-base/unicore/lib/Gc/Po.pl		
0d23c67334f61ae9	file	/usr/lib/x86_64-linux-gnu/perl-base/unicore/lib/Gc/Ps.pl		
a9f1eef735ae2020	file	/usr/lib/x86_64-linux-gnu/perl-base/unicore/lib/Gc/S.pl		
d4ef44bd54f4310b	file	/usr/lib/x86_64-linux-gnu/perl-base/unicore/lib/Gc/Sc.pl		
ce86edf84f640c87	file	/usr/lib/x86_64-linux-gnu/perl-base/unicore/lib/Gc/Sk.pl		
c5beb1b636b0f519	file	/usr/lib/x86_64-linux-gnu/perl-base/unicore/lib/Gc/Sm.pl		
ed21045b41b0df11	file	/usr/lib/x86_64-linux-gnu/perl-base/unicore/lib/Gc/So.pl		
c25ef1e9fc10a415	file	/usr/lib/x86_64-linux-gnu/perl-base/unicore/lib/Gc/Z.pl		
52175829c0b50316	file	/usr/lib/x86_64-linux-gnu/perl-base/unicore/lib/Gc/Zs.pl		
dbe9398f76451f62	file	/usr/lib/x86_64-linux-gnu/perl-base/unicore/lib/GrBase/Y.pl		
9a8cc049e3bae398	file	/usr/lib/x86_64-linux-gnu/perl-base/unicore/lib/GrExt/Y.pl		
9925d29f38651f58	file	/usr/lib/x86_64-linux-gnu/perl-base/unicore/lib/Hex/Y.pl		
4fedbf94d45429be	file	/usr/lib/x86_64-linux-gnu/perl-base/unicore/lib/Hst/NA.pl		
b5906a42fbdebe97	file	/usr/lib/x86_64-linux-gnu/perl-base/unicore/lib/Hyphen/T.pl		
288f993a383d7e7b	file	/usr/lib/x86_64-linux-gnu/perl-base/unicore/lib/IDC/Y.pl		
2eb6b2262b211fa5	file	/usr/lib/x86_64-linux-gnu/perl-base/unicore/lib/IDS/Y.pl		
0f269791c74fe46d	file	/usr/lib/x86_64-linux-gnu/perl-base/unicore/lib/IdStatus/Allowed.pl		
ad698770070c11d7	file	/usr/lib/x86_64-linux-gnu/perl-base/unicore/lib/IdStatus/Restrict.pl		
3095086baaeec69c	file	/usr/lib/x86_64-linux-gnu/perl-base/unicore/lib/IdType/DefaultI.pl		
c1546c51b986f1c6	file	/usr/lib/x86_64-linux-gnu/perl-base/unicore/lib/IdType/Exclusio.pl		
f053d869deebaf73	file	/usr/lib/x86_64-linux-gnu/perl-base/unicore/lib/IdType/Inclusio.pl		
548461f70c0271e4	file	/usr/lib/x86_64-linux-gnu/perl-base/unicore/lib/IdType/LimitedU.pl		
c361d7ef78c6b8df	file	/usr/lib/x86_64-linux-gnu/perl-base/unicore/lib/IdType/NotChara.pl		
cb739a3bfb2f2abb	file	/usr/lib/x86_64-linux-gnu/perl-base/unicore/lib/IdType/NotNFKC.pl		
5b8a1cc8757b4158	file	/usr/lib/x86_64-linux-gnu/perl-base/unicore/lib/IdType/NotXID.pl		
8f39ec1dcb8e7762	file	/usr/lib/x86_64-linux-gnu/perl-base/unicore/lib/IdType/Obsolete.pl		
ba615f4c8bf156c2	file	/usr/lib/x86_64-linux-gnu/perl-base/unicore/lib/IdType/Recommen.pl		
933d98f66f585f75	file	/usr/lib/x86_64-linux-gnu/perl-base/unicore/lib/IdType/Technica.pl		
a9d76fe085dad461	file	/usr/lib/x86_64-linux-gnu/perl-base/unicore/lib/IdType/Uncommon.pl		
78e7d8ee3b37173d	file	/usr/lib/x86_64-linux-gnu/perl-base/unicore/lib/Ideo/Y.pl		
55314a445e69610b	file	/usr/lib/x86_64-linux-gnu/perl-base/unicore/lib/In/10_0.pl		
1f61b351b2b24fd3	file	/usr/lib/x86_64-linux-gnu/perl-base/unicore/lib/In/11_0.pl		
8e06ebb90ccb799d	file	/usr/lib/x86_64-linux-gnu/perl-base/unicore/lib/In/12_0.pl		
feeefff91ed45f53	file	/usr/lib/x86_64-linux-gnu/perl-base/unicore/lib/In/12_1.pl		
2620611e7ae674e4	file	/usr/lib/x86_64-linux-gnu/perl-base/unicore/lib/In/13_0.pl		
e4dd9df14cda6f55	file	/usr/lib/x86_64-linux-gnu/perl-base/unicore/lib/In/14_0.pl		
d92c3e75b9ed1250	file	/usr/lib/x86_64-linux-gnu/perl-base/unicore/lib/In/2_0.pl		
75507a9bc41da2cb	file	/usr/lib/x86_64-linux-gnu/perl-base/unicore/lib/In/2_1.pl		
3f1f75e902ef2d2a	file	/usr/lib/x86_64-linux-gnu/perl-base/unicore/lib/In/3_0.pl		
1726ebd4d5944587	file	/usr/lib/x86_64-linux-gnu/perl-base/unicore/lib/In/3_1.pl		
48fc97bb05a31137	file	/usr/lib/x86_64-linux-gnu/perl-base/unicore/lib/In/3_2.pl		
33f95f5d720cc894	file	/usr/lib/x86_64-linux-gnu/perl-base/unicore/lib/In/4_0.pl		
2ad6551f21ce1f9a	file	/usr/lib/x86_64-linux-gnu/perl-base/unicore/lib/In/4_1.pl		
1e1f61e26c9ebb01	file	/usr/lib/x86_64-linux-gnu/perl-base/unicore/lib/In/5_0.pl		
095207a1eafbb678	file	/usr/lib/x86_64-linux-gnu/perl-base/unicore/lib/In/5_1.pl		
d6bf7986a081d087	file	/usr/lib/x86_64-linux-gnu/perl-base/unicore/lib/In/5_2.pl		
4297f62900d9ad8e	file	/usr/lib/x86_64-linux-gnu/perl-base/unicore/lib/In/6_0.pl		
05bdd730b90e8ab6	file	/usr/lib/x86_64-linux-gnu/perl-base/unicore/lib/In/6_1.pl		
b5d6b9b507ed76c1	file	/usr/lib/x86_64-linux-gnu/perl-base/unicore/lib/In/6_2.pl		
283a50bdb4058bf4	file	/usr/lib/x86_64-linux-gnu/perl-base/unicore/lib/In/6_3.pl		
2ec1fdb4ceae9766	file	/usr/lib/x86_64-linux-gnu/perl-base/unicore/lib/In/7_0.pl		
a9f99a193d1381e3	file	/usr/lib/x86_64-linux-gnu/perl-base/unicore/lib/In/8_0.pl		
98c9fec808079044	file	/usr/lib/x86_64-linux-gnu/perl-base/unicore/lib/In/9_0.pl		
8ba2e2c7890c69f8	file	/usr/lib/x86_64-linux-gnu/perl-base/unicore/lib/InPC/Bottom.pl		
1d8618982ef1ae70	file	/usr/lib/x86_64-linux-gnu/perl-base/unicore/lib/InPC/BottomAn.pl		
06789036378fc3cc	file	/usr/lib/x86_64-linux-gnu/perl-base/unicore/lib/InPC/Left.pl		
df64bd3f244a9a47	file	/usr/lib/x86_64-linux-gnu/perl-base/unicore/lib/InPC/LeftAndR.pl		
2bd3f928a23cef95	file	/usr/lib/x86_64-linux-gnu/perl-base/unicore/lib/InPC/NA.pl		
95bc1abd1f2013f6	file	/usr/lib/x86_64-linux-gnu/perl-base/unicore/lib/InPC/Overstru.pl		
5e74d989cf17eb78	file	/usr/lib/x86_64-linux-gnu/perl-base/unicore/lib/InPC/Right.pl		
110e86ac62d90808	file	/usr/lib/x86_64-linux-gnu/perl-base/unicore/lib/InPC/Top.pl		
bb98f9247fa0654d	file	/usr/lib/x86_64-linux-gnu/perl-base/unicore/lib/InPC/TopAndBo.pl		
aa40d06ecb590767	file	/usr/lib/x86_64-linux-gnu/perl-base/unicore/lib/InPC/TopAndL2.pl		
67cddcbedad1f372	file	/usr/lib/x86_64-linux-gnu/perl-base/unicore/lib/InPC/TopAndLe.pl		
f1d195054b7ea118	file	/usr/lib/x86_64-linux-gnu/perl-base/unicore/lib/InPC/TopAndRi.pl		
fd0e0743dd9593d7	file	/usr/lib/x86_64-linux-gnu/perl-base/unicore/lib/InPC/VisualOr.pl		
c680b062511e47aa	file	/usr/lib/x86_64-linux-gnu/perl-base/unicore/lib/InSC/Avagraha.pl		
4c3a9eee7b9a5a98	file	/usr/lib/x86_64-linux-gnu/perl-base/unicore/lib/InSC/Bindu.pl		
718e489ba0cc8eda	file	/usr/lib/x86_64-linux-gnu/perl-base/unicore/lib/InSC/Cantilla.pl		
141a0706afd68940	file	/usr/lib/x86_64-linux-gnu/perl-base/unicore/lib/InSC/Consona2.pl		
0907260a53386130	file	/usr/lib/x86_64-linux-gnu/perl-base/unicore/lib/InSC/Consona3.pl		
febd3a5489cc17f6	file	/usr/lib/x86_64-linux-gnu/perl-base/unicore/lib/InSC/Consona4.pl		
4e96277f36da954b	file	/usr/lib/x86_64-linux-gnu/perl-base/unicore/lib/InSC/Consona5.pl		
ab090af001a909cf	file	/usr/lib/x86_64-linux-gnu/perl-base/unicore/lib/InSC/Consona6.pl		
11eeb50b0e15ae13	file	/usr/lib/x86_64-linux-gnu/perl-base/unicore/lib/InSC/Consona7.pl		
b3edda84f2460330	file	/usr/lib/x86_64-linux-gnu/perl-base/unicore/lib/InSC/Consona8.pl		
df9da09f4966f000	file	/usr/lib/x86_64-linux-gnu/perl-base/unicore/lib/InSC/Consonan.pl		
422669d49533486c	file	/usr/lib/x86_64-linux-gnu/perl-base/unicore/lib/InSC/Invisibl.pl		
58abceb93a5f9f64	file	/usr/lib/x86_64-linux-gnu/perl-base/unicore/lib/InSC/Nukta.pl		
8d4e7deced9fa55b	file	/usr/lib/x86_64-linux-gnu/perl-base/unicore/lib/InSC/Number.pl		
76210a16a19c3e15	file	/usr/lib/x86_64-linux-gnu/perl-base/unicore/lib/InSC/Other.pl		
d6d4a55ba7aa2697	file	/usr/lib/x86_64-linux-gnu/perl-base/unicore/lib/InSC/PureKill.pl		
29abff11a2d052bd	file	/usr/lib/x86_64-linux-gnu/perl-base/unicore/lib/InSC/Syllable.pl		
99e69aabf69335f0	file	/usr/lib/x86_64-linux-gnu/perl-base/unicore/lib/InSC/ToneMark.pl		
ecf99c5febe0c7eb	file	/usr/lib/x86_64-linux-gnu/perl-base/unicore/lib/InSC/Virama.pl		
7f27de58aa929b1d	file	/usr/lib/x86_64-linux-gnu/perl-base/unicore/lib/InSC/Visarga.pl		
aa08377ad3b6aa4e	file	/usr/lib/x86_64-linux-gnu/perl-base/unicore/lib/InSC/Vowel.pl		
130ef2470dd113f1	file	/usr/lib/x86_64-linux-gnu/perl-base/unicore/lib/InSC/VowelDep.pl		
2cd19f9dd91b2f42	file	/usr/lib/x86_64-linux-gnu/perl-base/unicore/lib/InSC/VowelInd.pl		
526c80d8d3bc3f8f	file	/usr/lib/x86_64-linux-gnu/perl-base/unicore/lib/Jg/Ain.pl		
b36fa3e9db4201e8	file	/usr/lib/x86_64-linux-gnu/perl-base/unicore/lib/Jg/Alef.pl		
ce97f5c3c1170394	file	/usr/lib/x86_64-linux-gnu/perl-base/unicore/lib/Jg/Beh.pl		
87fb48a882779a5f	file	/usr/lib/x86_64-linux-gnu/perl-base/unicore/lib/Jg/Dal.pl		
f41282b178e15f3d	file	/usr/lib/x86_64-linux-gnu/perl-base/unicore/lib/Jg/FarsiYeh.pl		
eeb378dc0f66e82c	file	/usr/lib/x86_64-linux-gnu/perl-base/unicore/lib/Jg/Feh.pl		
d5c07ee33c27dac4	file	/usr/lib/x86_64-linux-gnu/perl-base/unicore/lib/Jg/Gaf.pl		
8dd3ebeba245af4a	file	/usr/lib/x86_64-linux-gnu/perl-base/unicore/lib/Jg/Hah.pl		
9022b22a5d0fee47	file	/usr/lib/x86_64-linux-gnu/perl-base/unicore/lib/Jg/HanifiRo.pl		
c0dc8e58d324ab72	file	/usr/lib/x86_64-linux-gnu/perl-base/unicore/lib/Jg/Kaf.pl		
0c852f65c2b2fe7a	file	/usr/lib/x86_64-linux-gnu/perl-base/unicore/lib/Jg/Lam.pl		
149a6ec0b7e01bfb	file	/usr/lib/x86_64-linux-gnu/perl-base/unicore/lib/Jg/NoJoinin.pl		
af904ded7371255c	file	/usr/lib/x86_64-linux-gnu/perl-base/unicore/lib/Jg/Noon.pl		
40796096cb0a5f6b	file	/usr/lib/x86_64-linux-gnu/perl-base/unicore/lib/Jg/Qaf.pl		
ece8dd4a0867ff47	file	/usr/lib/x86_64-linux-gnu/perl-base/unicore/lib/Jg/Reh.pl		
8138a961274c58c5	file	/usr/lib/x86_64-linux-gnu/perl-base/unicore/lib/Jg/Sad.pl		
dd22fcb7db08a342	file	/usr/lib/x86_64-linux-gnu/perl-base/unicore/lib/Jg/Seen.pl		
2146e48d6cb910b3	file	/usr/lib/x86_64-linux-gnu/perl-base/unicore/lib/Jg/Tah.pl		
e3118d62fd6467ac	file	/usr/lib/x86_64-linux-gnu/perl-base/unicore/lib/Jg/Waw.pl		
74e2665555d11268	file	/usr/lib/x86_64-linux-gnu/perl-base/unicore/lib/Jg/Yeh.pl		
3f2519aaac5fe084	file	/usr/lib/x86_64-linux-gnu/perl-base/unicore/lib/Jt/C.pl		
b5eaf7841aea7b5e	file	/usr/lib/x86_64-linux-gnu/perl-base/unicore/lib/Jt/D.pl		
1df14c1e073090e0	file	/usr/lib/x86_64-linux-gnu/perl-base/unicore/lib/Jt/L.pl		
5e36e34203adb28d	file	/usr/lib/x86_64-linux-gnu/perl-base/unicore/lib/Jt/R.pl		
c9bb66d3e1e69d63	file	/usr/lib/x86_64-linux-gnu/perl-base/unicore/lib/Jt/T.pl		
9a02fe774c19dd3e	file	/usr/lib/x86_64-linux-gnu/perl-base/unicore/lib/Jt/U.pl		
26d63e797e8ed10c	file	/usr/lib/x86_64-linux-gnu/perl-base/unicore/lib/Lb/AI.pl		
a4873dd60eeff6c2	file	/usr/lib/x86_64-linux-gnu/perl-base/unicore/lib/Lb/AL.pl		
e93dbb92d47e1cce	file	/usr/lib/x86_64-linux-gnu/perl-base/unicore/lib/Lb/BA.pl		
a3ed81086de453e5	file	/usr/lib/x86_64-linux-gnu/perl-base/unicore/lib/Lb/BB.pl		
b740d4bc5d85ace2	file	/usr/lib/x86_64-linux-gnu/perl-base/unicore/lib/Lb/CJ.pl		
e022323c3be61ad6	file	/usr/lib/x86_64-linux-gnu/perl-base/unicore/lib/Lb/CL.pl		
d9cb02a04004dfd8	file	/usr/lib/x86_64-linux-gnu/perl-base/unicore/lib/Lb/CM.pl		
16e120f23570b040	file	/usr/lib/x86_64-linux-gnu/perl-base/unicore/lib/Lb/EX.pl		
970180edff8a7cec	file	/usr/lib/x86_64-linux-gnu/perl-base/unicore/lib/Lb/GL.pl		
d6e07ed87c03c2c1	file	/usr/lib/x86_64-linux-gnu/perl-base/unicore/lib/Lb/ID.pl		
d71f7d0f5fcbbf53	file	/usr/lib/x86_64-linux-gnu/perl-base/unicore/lib/Lb/IN.pl		
0495e8952c47fa26	file	/usr/lib/x86_64-linux-gnu/perl-base/unicore/lib/Lb/IS.pl		
6682ab46aeb1e113	file	/usr/lib/x86_64-linux-gnu/perl-base/unicore/lib/Lb/NS.pl		
cddeec69581b5cd9	file	/usr/lib/x86_64-linux-gnu/perl-base/unicore/lib/Lb/NU.pl		
22f2872729aa6386	file	/usr/lib/x86_64-linux-gnu/perl-base/unicore/lib/Lb/OP.pl		
dce8839fbcc7a867	file	/usr/lib/x86_64-linux-gnu/perl-base/unicore/lib/Lb/PO.pl		
290760c2a46801ce	file	/usr/lib/x86_64-linux-gnu/perl-base/unicore/lib/Lb/PR.pl		
d9af480dc99b99f9	file	/usr/lib/x86_64-linux-gnu/perl-base/unicore/lib/Lb/QU.pl		
d7eb23c2eaf16725	file	/usr/lib/x86_64-linux-gnu/perl-base/unicore/lib/Lb/SA.pl		
bf60bbb833ed34af	file	/usr/lib/x86_64-linux-gnu/perl-base/unicore/lib/Lb/XX.pl		
a7905ff4a258060e	file	/usr/lib/x86_64-linux-gnu/perl-base/unicore/lib/Lower/Y.pl		
dcb7920f4cb3bf9c	file	/usr/lib/x86_64-linux-gnu/perl-base/unicore/lib/Math/Y.pl		
68f3e663b9cd9c8c	file	/usr/lib/x86_64-linux-gnu/perl-base/unicore/lib/NFCQC/M.pl		
a48b64a78a9e89dc	file	/usr/lib/x86_64-linux-gnu/perl-base/unicore/lib/NFCQC/Y.pl		
b3a36d7b6fd203a8	file	/usr/lib/x86_64-linux-gnu/perl-base/unicore/lib/NFDQC/N.pl		
f026a2cb6b1986f2	file	/usr/lib/x86_64-linux-gnu/perl-base/unicore/lib/NFDQC/Y.pl		
0401d41cc6fa4076	file	/usr/lib/x86_64-linux-gnu/perl-base/unicore/lib/NFKCQC/N.pl		
78ee7f2581ab6711	file	/usr/lib/x86_64-linux-gnu/perl-base/unicore/lib/NFKCQC/Y.pl		
4fe7bdb17d38b287	file	/usr/lib/x86_64-linux-gnu/perl-base/unicore/lib/NFKDQC/N.pl		
47073ac0ea3a8230	file	/usr/lib/x86_64-linux-gnu/perl-base/unicore/lib/NFKDQC/Y.pl		
947365bcdcfa04c7	file	/usr/lib/x86_64-linux-gnu/perl-base/unicore/lib/Nt/Di.pl		
bb05a084bdf9a59f	file	/usr/lib/x86_64-linux-gnu/perl-base/unicore/lib/Nt/None.pl		
2382b2329d3a410d	file	/usr/lib/x86_64-linux-gnu/perl-base/unicore/lib/Nt/Nu.pl		
eaf834222571df2f	file	/usr/lib/x86_64-linux-gnu/perl-base/unicore/lib/Nv/0.pl		
0030f345f5433d6d	file	/usr/lib/x86_64-linux-gnu/perl-base/unicore/lib/Nv/1.pl		
dcdba1735455bf0f	file	/usr/lib/x86_64-linux-gnu/perl-base/unicore/lib/Nv/10.pl		
32f51bb9c857e314	file	/usr/lib/x86_64-linux-gnu/perl-base/unicore/lib/Nv/100.pl		
71fc5eb58a79d1be	file	/usr/lib/x86_64-linux-gnu/perl-base/unicore/lib/Nv/1000.pl		
839610e1d73d52e8	file	/usr/lib/x86_64-linux-gnu/perl-base/unicore/lib/Nv/10000.pl		
e672fd3893b36ba1	file	/usr/lib/x86_64-linux-gnu/perl-base/unicore/lib/Nv/100000.pl		
0541ebe241421fcc	file	/usr/lib/x86_64-linux-gnu/perl-base/unicore/lib/Nv/11.pl		
d96a686cef19e8b6	file	/usr/lib/x86_64-linux-gnu/perl-base/unicore/lib/Nv/12.pl		
e8fb3fcb47daadc9	file	/usr/lib/x86_64-linux-gnu/perl-base/unicore/lib/Nv/13.pl		
ceffb6720270b95c	file	/usr/lib/x86_64-linux-gnu/perl-base/unicore/lib/Nv/14.pl		
66c936d8b3a20673	file	/usr/lib/x86_64-linux-gnu/perl-base/unicore/lib/Nv/15.pl		
69f04a2df1604a54	file	/usr/lib/x86_64-linux-gnu/perl-base/unicore/lib/Nv/16.pl		
36997cd3361cbac6	file	/usr/lib/x86_64-linux-gnu/perl-base/unicore/lib/Nv/17.pl		
06acb1c02d028c7c	file	/usr/lib/x86_64-linux-gnu/perl-base/unicore/lib/Nv/18.pl		
92062a8c1cc2617f	file	/usr/lib/x86_64-linux-gnu/perl-base/unicore/lib/Nv/19.pl		
31d350d4f2956ffa	file	/usr/lib/x86_64-linux-gnu/perl-base/unicore/lib/Nv/1_16.pl		
7231489e0071ab5d	file	/usr/lib/x86_64-linux-gnu/perl-base/unicore/lib/Nv/1_2.pl		
f2ab8dab91493f7c	file	/usr/lib/x86_64-linux-gnu/perl-base/unicore/lib/Nv/1_3.pl		
cf7e78e08ceeb619	file	/usr/lib/x86_64-linux-gnu/perl-base/unicore/lib/Nv/1_4.pl		
404b016f52fc0cf0	file	/usr/lib/x86_64-linux-gnu/perl-base/unicore/lib/Nv/1_6.pl		
1b4f4d768a5f8fbf	file	/usr/lib/x86_64-linux-gnu/perl-base/unicore/lib/Nv/1_8.pl		
142328e81211a8c6	file	/usr/lib/x86_64-linux-gnu/perl-base/unicore/lib/Nv/2.pl		
90c2ee2966c78771	file	/usr/lib/x86_64-linux-gnu/perl-base/unicore/lib/Nv/20.pl		
173acfa3f3a3b885	file	/usr/lib/x86_64-linux-gnu/perl-base/unicore/lib/Nv/200.pl		
618328dc3de51fd2	file	/usr/lib/x86_64-linux-gnu/perl-base/unicore/lib/Nv/2000.pl		
512b666d536164c6	file	/usr/lib/x86_64-linux-gnu/perl-base/unicore/lib/Nv/20000.pl		
2f1be791ec8d96fb	file	/usr/lib/x86_64-linux-gnu/perl-base/unicore/lib/Nv/2_3.pl		
a99ae97678964307	file	/usr/lib/x86_64-linux-gnu/perl-base/unicore/lib/Nv/3.pl		
6646b632b2b3c6f5	file	/usr/lib/x86_64-linux-gnu/perl-base/unicore/lib/Nv/30.pl		
9b4c23a7293c40a1	file	/usr/lib/x86_64-linux-gnu/perl-base/unicore/lib/Nv/300.pl		
d37467ddaad3a383	file	/usr/lib/x86_64-linux-gnu/perl-base/unicore/lib/Nv/3000.pl		
e8fbd08820d2891c	file	/usr/lib/x86_64-linux-gnu/perl-base/unicore/lib/Nv/30000.pl		
d8bfe9fbd2cb4460	file	/usr/lib/x86_64-linux-gnu/perl-base/unicore/lib/Nv/3_16.pl		
8cc0632d6c15daab	file	/usr/lib/x86_64-linux-gnu/perl-base/unicore/lib/Nv/3_4.pl		
ce482824951235ec	file	/usr/lib/x86_64-linux-gnu/perl-base/unicore/lib/Nv/4.pl		
859fb670844beed6	file	/usr/lib/x86_64-linux-gnu/perl-base/unicore/lib/Nv/40.pl		
84ca69b4124d8a10	file	/usr/lib/x86_64-linux-gnu/perl-base/unicore/lib/Nv/400.pl		
e1de9e7f9d791c50	file	/usr/lib/x86_64-linux-gnu/perl-base/unicore/lib/Nv/4000.pl		
8e052c1352cc2165	file	/usr/lib/x86_64-linux-gnu/perl-base/unicore/lib/Nv/40000.pl		
31b6af669c54276a	file	/usr/lib/x86_64-linux-gnu/perl-base/unicore/lib/Nv/5.pl		
7a6c0e0d0440a2a5	file	/usr/lib/x86_64-linux-gnu/perl-base/unicore/lib/Nv/50.pl		
839ad69e4e8702f0	file	/usr/lib/x86_64-linux-gnu/perl-base/unicore/lib/Nv/500.pl		
7c57db627bc1a63f	file	/usr/lib/x86_64-linux-gnu/perl-base/unicore/lib/Nv/5000.pl		
2eb134ba1a60de4c	file	/usr/lib/x86_64-linux-gnu/perl-base/unicore/lib/Nv/50000.pl		
41e95f1334b60c1d	file	/usr/lib/x86_64-linux-gnu/perl-base/unicore/lib/Nv/6.pl		
4851dceb3f583572	file	/usr/lib/x86_64-linux-gnu/perl-base/unicore/lib/Nv/60.pl		
86196eebdffab819	file	/usr/lib/x86_64-linux-gnu/perl-base/unicore/lib/Nv/600.pl		
8a8c1292dd52afc9	file	/usr/lib/x86_64-linux-gnu/perl-base/unicore/lib/Nv/6000.pl		
540f89ced575377f	file	/usr/lib/x86_64-linux-gnu/perl-base/unicore/lib/Nv/60000.pl		
065e6291b9a9804c	file	/usr/lib/x86_64-linux-gnu/perl-base/unicore/lib/Nv/7.pl		
e0565c0fc1793c87	file	/usr/lib/x86_64-linux-gnu/perl-base/unicore/lib/Nv/70.pl		
9ba6da5d42e2e221	file	/usr/lib/x86_64-linux-gnu/perl-base/unicore/lib/Nv/700.pl		
a214acbe90a88bbe	file	/usr/lib/x86_64-linux-gnu/perl-base/unicore/lib/Nv/7000.pl		
4f01d5f80919dec4	file	/usr/lib/x86_64-linux-gnu/perl-base/unicore/lib/Nv/70000.pl		
2580833dee9e360c	file	/usr/lib/x86_64-linux-gnu/perl-base/unicore/lib/Nv/8.pl		
962d0503f69b225a	file	/usr/lib/x86_64-linux-gnu/perl-base/unicore/lib/Nv/80.pl		
5e94ed25085da853	file	/usr/lib/x86_64-linux-gnu/perl-base/unicore/lib/Nv/800.pl		
178b63614a432a77	file	/usr/lib/x86_64-linux-gnu/perl-base/unicore/lib/Nv/8000.pl		
539f6ebfa6a3252d	file	/usr/lib/x86_64-linux-gnu/perl-base/unicore/lib/Nv/80000.pl		
f2b4f5515aa7d745	file	/usr/lib/x86_64-linux-gnu/perl-base/unicore/lib/Nv/9.pl		
166bd3dd6251db19	file	/usr/lib/x86_64-linux-gnu/perl-base/unicore/lib/Nv/90.pl		
87c6be105e6af591	file	/usr/lib/x86_64-linux-gnu/perl-base/unicore/lib/Nv/900.pl		
b5f276cd018e4175	file	/usr/lib/x86_64-linux-gnu/perl-base/unicore/lib/Nv/9000.pl		
26200e5dd2d9e63c	file	/usr/lib/x86_64-linux-gnu/perl-base/unicore/lib/Nv/90000.pl		
fde1119fbf9d8ec4	file	/usr/lib/x86_64-linux-gnu/perl-base/unicore/lib/PCM/Y.pl		
0427e3d64de41aef	file	/usr/lib/x86_64-linux-gnu/perl-base/unicore/lib/PatSyn/Y.pl		
29c7545a7139c3cc	file	/usr/lib/x86_64-linux-gnu/perl-base/unicore/lib/Perl/Alnum.pl		
953c6c3ae2106574	file	/usr/lib/x86_64-linux-gnu/perl-base/unicore/lib/Perl/Assigned.pl		
318aefb5760f7945	file	/usr/lib/x86_64-linux-gnu/perl-base/unicore/lib/Perl/Blank.pl		
6262d6c1298c39d8	file	/usr/lib/x86_64-linux-gnu/perl-base/unicore/lib/Perl/Graph.pl		
2f8e4a647d5e94a1	file	/usr/lib/x86_64-linux-gnu/perl-base/unicore/lib/Perl/PerlWord.pl		
c7ff2892bd9a44a0	file	/usr/lib/x86_64-linux-gnu/perl-base/unicore/lib/Perl/PosixPun.pl		
34f1049dcbda947d	file	/usr/lib/x86_64-linux-gnu/perl-base/unicore/lib/Perl/Print.pl		
cb98722c86c8128b	file	/usr/lib/x86_64-linux-gnu/perl-base/unicore/lib/Perl/SpacePer.pl		
0a1924d945ff8357	file	/usr/lib/x86_64-linux-gnu/perl-base/unicore/lib/Perl/Title.pl		
df2f0a3fceab3f97	file	/usr/lib/x86_64-linux-gnu/perl-base/unicore/lib/Perl/Word.pl		
63a0bbd16bf4edeb	file	/usr/lib/x86_64-linux-gnu/perl-base/unicore/lib/Perl/XPosixPu.pl		
206995a34d5909fb	file	/usr/lib/x86_64-linux-gnu/perl-base/unicore/lib/Perl/_PerlAny.pl		
8a92883aeb7fadc5	file	/usr/lib/x86_64-linux-gnu/perl-base/unicore/lib/Perl/_PerlCh2.pl		
79ea2782d62cab9c	file	/usr/lib/x86_64-linux-gnu/perl-base/unicore/lib/Perl/_PerlCha.pl		
511c5835acbeb495	file	/usr/lib/x86_64-linux-gnu/perl-base/unicore/lib/Perl/_PerlFol.pl		
b2f3434c158770f0	file	/usr/lib/x86_64-linux-gnu/perl-base/unicore/lib/Perl/_PerlIDC.pl		
4e4c20bcae0d40ac	file	/usr/lib/x86_64-linux-gnu/perl-base/unicore/lib/Perl/_PerlIDS.pl		
4be54ed1626a3e55	file	/usr/lib/x86_64-linux-gnu/perl-base/unicore/lib/Perl/_PerlIsI.pl		
b743584bb93bcd55	file	/usr/lib/x86_64-linux-gnu/perl-base/unicore/lib/Perl/_PerlNch.pl		
48f3b5f698e36bf4	file	/usr/lib/x86_64-linux-gnu/perl-base/unicore/lib/Perl/_PerlPat.pl		
19b56edb2cc7db7b	file	/usr/lib/x86_64-linux-gnu/perl-base/unicore/lib/Perl/_PerlPr2.pl		
bdfbc70454c20fdb	file	/usr/lib/x86_64-linux-gnu/perl-base/unicore/lib/Perl/_PerlPro.pl		
6ecf5eb87bbb50d6	file	/usr/lib/x86_64-linux-gnu/perl-base/unicore/lib/Perl/_PerlQuo.pl		
1757a8bf3117a6ad	file	/usr/lib/x86_64-linux-gnu/perl-base/unicore/lib/QMark/Y.pl		
6d2317c6b6e3c13b	file	/usr/lib/x86_64-linux-gnu/perl-base/unicore/lib/SB/AT.pl		
ab32bdfb009b3419	file	/usr/lib/x86_64-linux-gnu/perl-base/unicore/lib/SB/CL.pl		
23f610bdd593e474	file	/usr/lib/x86_64-linux-gnu/perl-base/unicore/lib/SB/EX.pl		
e73522b99e3509a1	file	/usr/lib/x86_64-linux-gnu/perl-base/unicore/lib/SB/FO.pl		
b8f216cd47cc3471	file	/usr/lib/x86_64-linux-gnu/perl-base/unicore/lib/SB/LE.pl		
25816fd6013509d1	file	/usr/lib/x86_64-linux-gnu/perl-base/unicore/lib/SB/LO.pl		
4cc84b25a31e37c9	file	/usr/lib/x86_64-linux-gnu/perl-base/unicore/lib/SB/NU.pl		
9c99471abd289523	file	/usr/lib/x86_64-linux-gnu/perl-base/unicore/lib/SB/SC.pl		
c10961d825d6c4cb	file	/usr/lib/x86_64-linux-gnu/perl-base/unicore/lib/SB/ST.pl		
5c409d0bec37f963	file	/usr/lib/x86_64-linux-gnu/perl-base/unicore/lib/SB/Sp.pl		
1bf1428add69ced3	file	/usr/lib/x86_64-linux-gnu/perl-base/unicore/lib/SB/UP.pl		
c8c045dae5ddb06f	file	/usr/lib/x86_64-linux-gnu/perl-base/unicore/lib/SB/XX.pl		
d762a4a50ea07542	file	/usr/lib/x86_64-linux-gnu/perl-base/unicore/lib/SD/Y.pl		
21bddb27ffa72ea7	file	/usr/lib/x86_64-linux-gnu/perl-base/unicore/lib/STerm/Y.pl		
747364e3fcd8642c	file	/usr/lib/x86_64-linux-gnu/perl-base/unicore/lib/Sc/Arab.pl		
c28aa58267dfad7c	file	/usr/lib/x86_64-linux-gnu/perl-base/unicore/lib/Sc/Beng.pl		
80ad15a5cdb7b2d5	file	/usr/lib/x86_64-linux-gnu/perl-base/unicore/lib/Sc/Cprt.pl		
acbbc7eda44b45ff	file	/usr/lib/x86_64-linux-gnu/perl-base/unicore/lib/Sc/Cyrl.pl		
7858a7a58b6a062b	file	/usr/lib/x86_64-linux-gnu/perl-base/unicore/lib/Sc/Deva.pl		
29478318d8759529	file	/usr/lib/x86_64-linux-gnu/perl-base/unicore/lib/Sc/Dupl.pl		
cbccb78c1b828e93	file	/usr/lib/x86_64-linux-gnu/perl-base/unicore/lib/Sc/Geor.pl		
a86e8c4da3903514	file	/usr/lib/x86_64-linux-gnu/perl-base/unicore/lib/Sc/Glag.pl		
9b8065d5dfeecf0f	file	/usr/lib/x86_64-linux-gnu/perl-base/unicore/lib/Sc/Gong.pl		
4cb0596b81bd4e8f	file	/usr/lib/x86_64-linux-gnu/perl-base/unicore/lib/Sc/Gonm.pl		
fe4b25987d7aaa30	file	/usr/lib/x86_64-linux-gnu/perl-base/unicore/lib/Sc/Gran.pl		
e60006e1647c4b9f	file	/usr/lib/x86_64-linux-gnu/perl-base/unicore/lib/Sc/Grek.pl		
67a20d44f26c3949	file	/usr/lib/x86_64-linux-gnu/perl-base/unicore/lib/Sc/Gujr.pl		
11bedfc5fe5b1f75	file	/usr/lib/x86_64-linux-gnu/perl-base/unicore/lib/Sc/Guru.pl		
79ab8df7dd38e2bd	file	/usr/lib/x86_64-linux-gnu/perl-base/unicore/lib/Sc/Han.pl		
ccf844359239e330	file	/usr/lib/x86_64-linux-gnu/perl-base/unicore/lib/Sc/Hang.pl		
da38bcddad7094c2	file	/usr/lib/x86_64-linux-gnu/perl-base/unicore/lib/Sc/Hira.pl		
9c508ce10939e30a	file	/usr/lib/x86_64-linux-gnu/perl-base/unicore/lib/Sc/Kana.pl		
28599c803a3fff0f	file	/usr/lib/x86_64-linux-gnu/perl-base/unicore/lib/Sc/Knda.pl		
35fbede482a80574	file	/usr/lib/x86_64-linux-gnu/perl-base/unicore/lib/Sc/Latn.pl		
48474e82ef5b85e5	file	/usr/lib/x86_64-linux-gnu/perl-base/unicore/lib/Sc/Limb.pl		
445e2b5ede39909d	file	/usr/lib/x86_64-linux-gnu/perl-base/unicore/lib/Sc/Linb.pl		
cc704a88cf59522d	file	/usr/lib/x86_64-linux-gnu/perl-base/unicore/lib/Sc/Mlym.pl		
7565fc4fcc41e596	file	/usr/lib/x86_64-linux-gnu/perl-base/unicore/lib/Sc/Mong.pl		
6059ead991ed6dbe	file	/usr/lib/x86_64-linux-gnu/perl-base/unicore/lib/Sc/Mult.pl		
3765c7cd78927bd0	file	/usr/lib/x86_64-linux-gnu/perl-base/unicore/lib/Sc/Orya.pl		
543c4e8c3d0befb6	file	/usr/lib/x86_64-linux-gnu/perl-base/unicore/lib/Sc/Sinh.pl		
fa5dabd156baeab8	file	/usr/lib/x86_64-linux-gnu/perl-base/unicore/lib/Sc/Syrc.pl		
ebf7a9ee19bfec9d	file	/usr/lib/x86_64-linux-gnu/perl-base/unicore/lib/Sc/Taml.pl		
fdfb61d1a20df8a0	file	/usr/lib/x86_64-linux-gnu/perl-base/unicore/lib/Sc/Telu.pl		
78e4b36f9def12d7	file	/usr/lib/x86_64-linux-gnu/perl-base/unicore/lib/Sc/Zinh.pl		
139d4484d11e7667	file	/usr/lib/x86_64-linux-gnu/perl-base/unicore/lib/Sc/Zyyy.pl		
e0cd3fbc123fdeb7	file	/usr/lib/x86_64-linux-gnu/perl-base/unicore/lib/Scx/Adlm.pl		
cb7100afa4152db4	file	/usr/lib/x86_64-linux-gnu/perl-base/unicore/lib/Scx/Arab.pl		
e6e091e4360fe66a	file	/usr/lib/x86_64-linux-gnu/perl-base/unicore/lib/Scx/Armn.pl		
5f9b2aaaab43cc09	file	/usr/lib/x86_64-linux-gnu/perl-base/unicore/lib/Scx/Beng.pl		
2ddd8c5459b571e1	file	/usr/lib/x86_64-linux-gnu/perl-base/unicore/lib/Scx/Bhks.pl		
55c2a00852b72f35	file	/usr/lib/x86_64-linux-gnu/perl-base/unicore/lib/Scx/Bopo.pl		
f633a39d9401abfe	file	/usr/lib/x86_64-linux-gnu/perl-base/unicore/lib/Scx/Cakm.pl		
e4caadd3696b1822	file	/usr/lib/x86_64-linux-gnu/perl-base/unicore/lib/Scx/Cham.pl		
1770db75097b9c79	file	/usr/lib/x86_64-linux-gnu/perl-base/unicore/lib/Scx/Copt.pl		
e83ed10f12851cc7	file	/usr/lib/x86_64-linux-gnu/perl-base/unicore/lib/Scx/Cprt.pl		
725fd7ba96b75bb0	file	/usr/lib/x86_64-linux-gnu/perl-base/unicore/lib/Scx/Cyrl.pl		
175ea04251c26b81	file	/usr/lib/x86_64-linux-gnu/perl-base/unicore/lib/Scx/Deva.pl		
635879f4cb11ad7e	file	/usr/lib/x86_64-linux-gnu/perl-base/unicore/lib/Scx/Diak.pl		
4e508b4e59188dbb	file	/usr/lib/x86_64-linux-gnu/perl-base/unicore/lib/Scx/Dupl.pl		
c3d684f8aafefefa	file	/usr/lib/x86_64-linux-gnu/perl-base/unicore/lib/Scx/Ethi.pl		
cc8cb7eece49a7bb	file	/usr/lib/x86_64-linux-gnu/perl-base/unicore/lib/Scx/Geor.pl		
c1083345bbfb16eb	file	/usr/lib/x86_64-linux-gnu/perl-base/unicore/lib/Scx/Glag.pl		
367b4958eaf6a8ea	file	/usr/lib/x86_64-linux-gnu/perl-base/unicore/lib/Scx/Gong.pl		
93696e67347f6c88	file	/usr/lib/x86_64-linux-gnu/perl-base/unicore/lib/Scx/Gonm.pl		
04180e93e188b287	file	/usr/lib/x86_64-linux-gnu/perl-base/unicore/lib/Scx/Gran.pl		
b6685da739f31746	file	/usr/lib/x86_64-linux-gnu/perl-base/unicore/lib/Scx/Grek.pl		
c7bcf4c7f68ff142	file	/usr/lib/x86_64-linux-gnu/perl-base/unicore/lib/Scx/Gujr.pl		
d5121f33551daa1d	file	/usr/lib/x86_64-linux-gnu/perl-base/unicore/lib/Scx/Guru.pl		
c133f090292aa5ba	file	/usr/lib/x86_64-linux-gnu/perl-base/unicore/lib/Scx/Han.pl		
c1ecac9f31f67902	file	/usr/lib/x86_64-linux-gnu/perl-base/unicore/lib/Scx/Hang.pl		
f6968ec8d6e6d6d9	file	/usr/lib/x86_64-linux-gnu/perl-base/unicore/lib/Scx/Hebr.pl		
cad8c768f481392c	file	/usr/lib/x86_64-linux-gnu/perl-base/unicore/lib/Scx/Hira.pl		
2765b8bbb3939c56	file	/usr/lib/x86_64-linux-gnu/perl-base/unicore/lib/Scx/Hmng.pl		
92a83b4f93d13b47	file	/usr/lib/x86_64-linux-gnu/perl-base/unicore/lib/Scx/Hmnp.pl		
562ba4bd2174b41a	file	/usr/lib/x86_64-linux-gnu/perl-base/unicore/lib/Scx/Kana.pl		
425bf85632c5e923	file	/usr/lib/x86_64-linux-gnu/perl-base/unicore/lib/Scx/Khar.pl		
0c1248ee400f24ff	file	/usr/lib/x86_64-linux-gnu/perl-base/unicore/lib/Scx/Khmr.pl		
f45e0a196390a9ff	file	/usr/lib/x86_64-linux-gnu/perl-base/unicore/lib/Scx/Khoj.pl		
292fd849f5a6acc7	file	/usr/lib/x86_64-linux-gnu/perl-base/unicore/lib/Scx/Knda.pl		
65ab9d5b1beac420	file	/usr/lib/x86_64-linux-gnu/perl-base/unicore/lib/Scx/Kthi.pl		
90b9e682d1f2acac	file	/usr/lib/x86_64-linux-gnu/perl-base/unicore/lib/Scx/Lana.pl		
d3c04b4a0b526e68	file	/usr/lib/x86_64-linux-gnu/perl-base/unicore/lib/Scx/Lao.pl		
0c231974d1b17fc4	file	/usr/lib/x86_64-linux-gnu/perl-base/unicore/lib/Scx/Latn.pl		
a05043016142d32d	file	/usr/lib/x86_64-linux-gnu/perl-base/unicore/lib/Scx/Limb.pl		
de66ac6e24fe1efd	file	/usr/lib/x86_64-linux-gnu/perl-base/unicore/lib/Scx/Lina.pl		
2605fd70d5b96eb7	file	/usr/lib/x86_64-linux-gnu/perl-base/unicore/lib/Scx/Linb.pl		
c098fb8af36272f9	file	/usr/lib/x86_64-linux-gnu/perl-base/unicore/lib/Scx/Mlym.pl		
a497d517544aac56	file	/usr/lib/x86_64-linux-gnu/perl-base/unicore/lib/Scx/Mong.pl		
e7d608c40272adea	file	/usr/lib/x86_64-linux-gnu/perl-base/unicore/lib/Scx/Mult.pl		
93b1b6de959f29c2	file	/usr/lib/x86_64-linux-gnu/perl-base/unicore/lib/Scx/Mymr.pl		
77df9b9ef26b241c	file	/usr/lib/x86_64-linux-gnu/perl-base/unicore/lib/Scx/Nand.pl		
355437ae805c1b18	file	/usr/lib/x86_64-linux-gnu/perl-base/unicore/lib/Scx/Nko.pl		
fce2082d1b54be60	file	/usr/lib/x86_64-linux-gnu/perl-base/unicore/lib/Scx/Orya.pl		
4bd78247411cc32c	file	/usr/lib/x86_64-linux-gnu/perl-base/unicore/lib/Scx/Phlp.pl		
adc7ec5169191e42	file	/usr/lib/x86_64-linux-gnu/perl-base/unicore/lib/Scx/Rohg.pl		
622f2cce9d74c160	file	/usr/lib/x86_64-linux-gnu/perl-base/unicore/lib/Scx/Shrd.pl		
39bff33dd61ca86d	file	/usr/lib/x86_64-linux-gnu/perl-base/unicore/lib/Scx/Sind.pl		
0950f08ab5949b79	file	/usr/lib/x86_64-linux-gnu/perl-base/unicore/lib/Scx/Sinh.pl		
ac62a5869b8daa95	file	/usr/lib/x86_64-linux-gnu/perl-base/unicore/lib/Scx/Syrc.pl		
336ff9311e3fcc38	file	/usr/lib/x86_64-linux-gnu/perl-base/unicore/lib/Scx/Tagb.pl		
b8fb90c7b7a4cabf	file	/usr/lib/x86_64-linux-gnu/perl-base/unicore/lib/Scx/Takr.pl		
33acbc99c7bb4561	file	/usr/lib/x86_64-linux-gnu/perl-base/unicore/lib/Scx/Talu.pl		
65a1fbaa757eba03	file	/usr/lib/x86_64-linux-gnu/perl-base/unicore/lib/Scx/Taml.pl		
06d3227ca0706f91	file	/usr/lib/x86_64-linux-gnu/perl-base/unicore/lib/Scx/Tang.pl		
06ec586117eebe6e	file	/usr/lib/x86_64-linux-gnu/perl-base/unicore/lib/Scx/Telu.pl		
b239985b0d3e8a2f	file	/usr/lib/x86_64-linux-gnu/perl-base/unicore/lib/Scx/Thaa.pl		
cecbce728b7c5043	file	/usr/lib/x86_64-linux-gnu/perl-base/unicore/lib/Scx/Tibt.pl		
2b7d3066140a6662	file	/usr/lib/x86_64-linux-gnu/perl-base/unicore/lib/Scx/Tirh.pl		
bd04884994363eda	file	/usr/lib/x86_64-linux-gnu/perl-base/unicore/lib/Scx/Vith.pl		
97dce09165f5c249	file	/usr/lib/x86_64-linux-gnu/perl-base/unicore/lib/Scx/Xsux.pl		
6601cb90d57111ac	file	/usr/lib/x86_64-linux-gnu/perl-base/unicore/lib/Scx/Yezi.pl		
ad517e8035814790	file	/usr/lib/x86_64-linux-gnu/perl-base/unicore/lib/Scx/Yi.pl		
cb238d64b931106b	file	/usr/lib/x86_64-linux-gnu/perl-base/unicore/lib/Scx/Zinh.pl		
251afc3c4450a387	file	/usr/lib/x86_64-linux-gnu/perl-base/unicore/lib/Scx/Zyyy.pl		
a4d5297242863f26	file	/usr/lib/x86_64-linux-gnu/perl-base/unicore/lib/Scx/Zzzz.pl		
512c5ce5a9cc0ee7	file	/usr/lib/x86_64-linux-gnu/perl-base/unicore/lib/Term/Y.pl		
46b0a9505805c82c	file	/usr/lib/x86_64-linux-gnu/perl-base/unicore/lib/UIdeo/Y.pl		
c12d93fee2dd3dbb	file	/usr/lib/x86_64-linux-gnu/perl-base/unicore/lib/Upper/Y.pl		
c2cffc68c0fc6f88	file	/usr/lib/x86_64-linux-gnu/perl-base/unicore/lib/VS/Y.pl		
6edee383a1e1b4bf	file	/usr/lib/x86_64-linux-gnu/perl-base/unicore/lib/Vo/R.pl		
e2655baa3b969f27	file	/usr/lib/x86_64-linux-gnu/perl-base/unicore/lib/Vo/Tr.pl		
8a7a69b97776906f	file	/usr/lib/x86_64-linux-gnu/perl-base/unicore/lib/Vo/Tu.pl		
be55bc7d4c9bac73	file	/usr/lib/x86_64-linux-gnu/perl-base/unicore/lib/Vo/U.pl		
bdce215128d632e9	file	/usr/lib/x86_64-linux-gnu/perl-base/unicore/lib/WB/EX.pl		
a709b11ebac594b6	file	/usr/lib/x86_64-linux-gnu/perl-base/unicore/lib/WB/Extend.pl		
c717c22061239204	file	/usr/lib/x86_64-linux-gnu/perl-base/unicore/lib/WB/FO.pl		
9a259f6685bbbd78	file	/usr/lib/x86_64-linux-gnu/perl-base/unicore/lib/WB/HL.pl		
617bf0540e7a340f	file	/usr/lib/x86_64-linux-gnu/perl-base/unicore/lib/WB/KA.pl		
823c9e15fe6816bb	file	/usr/lib/x86_64-linux-gnu/perl-base/unicore/lib/WB/LE.pl		
04b9d020b351ea17	file	/usr/lib/x86_64-linux-gnu/perl-base/unicore/lib/WB/MB.pl		
a540bb19b9f95575	file	/usr/lib/x86_64-linux-gnu/perl-base/unicore/lib/WB/ML.pl		
9b55667724aa0209	file	/usr/lib/x86_64-linux-gnu/perl-base/unicore/lib/WB/MN.pl		
0300c39b0b8e41e8	file	/usr/lib/x86_64-linux-gnu/perl-base/unicore/lib/WB/NU.pl		
94062fb564ce88e6	file	/usr/lib/x86_64-linux-gnu/perl-base/unicore/lib/WB/WSegSpac.pl		
7824b72aacd931bf	file	/usr/lib/x86_64-linux-gnu/perl-base/unicore/lib/WB/XX.pl		
733cedb8b623802d	file	/usr/lib/x86_64-linux-gnu/perl-base/unicore/lib/XIDC/Y.pl		
a6be186cd1e117cf	file	/usr/lib/x86_64-linux-gnu/perl-base/unicore/lib/XIDS/Y.pl		
40b6bf232c9ee30c	file	/usr/lib/x86_64-linux-gnu/perl-base/utf8.pm		
806f0b24450f1eb5	file	/usr/lib/x86_64-linux-gnu/perl-base/vars.pm		
e5421699cd63f175	file	/usr/lib/x86_64-linux-gnu/perl-base/warnings.pm		
fc36bdbcfdc0936a	file	/usr/lib/x86_64-linux-gnu/perl-base/warnings/register.pm		
2d26d1a8ec1e225b	file	/usr/lib/x86_64-linux-gnu/security/pam_access.so		
37b5bd4e6b25a1cc	file	/usr/lib/x86_64-linux-gnu/security/pam_debug.so		
006eb4bddef369c0	file	/usr/lib/x86_64-linux-gnu/security/pam_deny.so		
3c8e423fa8e388da	file	/usr/lib/x86_64-linux-gnu/security/pam_echo.so		
022dec5e34b76875	file	/usr/lib/x86_64-linux-gnu/security/pam_env.so		
28d1efe37e13ccd5	file	/usr/lib/x86_64-linux-gnu/security/pam_exec.so		
c0baa5f980679b02	file	/usr/lib/x86_64-linux-gnu/security/pam_faildelay.so		
96ea519dfcfdcf28	file	/usr/lib/x86_64-linux-gnu/security/pam_faillock.so		
298df0544d520341	file	/usr/lib/x86_64-linux-gnu/security/pam_filter.so		
4e065a28913c1cc7	file	/usr/lib/x86_64-linux-gnu/security/pam_ftp.so		
3bec1aa9350d303c	file	/usr/lib/x86_64-linux-gnu/security/pam_group.so		
312f419baab90fdd	file	/usr/lib/x86_64-linux-gnu/security/pam_issue.so		
08edd96618bd7ada	file	/usr/lib/x86_64-linux-gnu/security/pam_keyinit.so		
5c5aa225c89e3394	file	/usr/lib/x86_64-linux-gnu/security/pam_lastlog.so		
ed1527d94a65e6e1	file	/usr/lib/x86_64-linux-gnu/security/pam_limits.so		
8e1b969ba11f25cb	file	/usr/lib/x86_64-linux-gnu/security/pam_listfile.so		
bfec53474f17eabf	file	/usr/lib/x86_64-linux-gnu/security/pam_localuser.so		
ca20e57d4f186a27	file	/usr/lib/x86_64-linux-gnu/security/pam_loginuid.so		
e13a462e8c88d1bf	file	/usr/lib/x86_64-linux-gnu/security/pam_mail.so		
bd2facbbdf833de7	file	/usr/lib/x86_64-linux-gnu/security/pam_mkhomedir.so		
2c351a1944012bd9	file	/usr/lib/x86_64-linux-gnu/security/pam_motd.so		
af85c7a433b4c077	file	/usr/lib/x86_64-linux-gnu/security/pam_namespace.so		
1566d281aad30fad	file	/usr/lib/x86_64-linux-gnu/security/pam_nologin.so		
0ee6096bc699f5ef	file	/usr/lib/x86_64-linux-gnu/security/pam_permit.so		
775ac8d3c0068cd4	file	/usr/lib/x86_64-linux-gnu/security/pam_pwhistory.so		
26808847a525d945	file	/usr/lib/x86_64-linux-gnu/security/pam_rhosts.so		
174e5b5450769a4d	file	/usr/lib/x86_64-linux-gnu/security/pam_rootok.so		
4d287753ae6ad724	file	/usr/lib/x86_64-linux-gnu/security/pam_securetty.so		
7063e147f4698482	file	/usr/lib/x86_64-linux-gnu/security/pam_selinux.so		
2933f3dccebb6c5f	file	/usr/lib/x86_64-linux-gnu/security/pam_sepermit.so		
802358100da0b531	file	/usr/lib/x86_64-linux-gnu/security/pam_setquota.so		
3ea64d9d7e238905	file	/usr/lib/x86_64-linux-gnu/security/pam_shells.so		
35fe1700a418ad97	file	/usr/lib/x86_64-linux-gnu/security/pam_stress.so		
47653493af95819d	file	/usr/lib/x86_64-linux-gnu/security/pam_succeed_if.so		
e2d8ab4eeb72f9dc	file	/usr/lib/x86_64-linux-gnu/security/pam_time.so		
60d5a9d271a46f83	file	/usr/lib/x86_64-linux-gnu/security/pam_timestamp.so		
099bb623feb66c74	file	/usr/lib/x86_64-linux-gnu/security/pam_tty_audit.so		
f366cfcb83acc358	file	/usr/lib/x86_64-linux-gnu/security/pam_umask.so		
da7f695f6c1c7d9f	file	/usr/lib/x86_64-linux-gnu/security/pam_unix.so		
74d4e53bf3f964d3	file	/usr/lib/x86_64-linux-gnu/security/pam_userdb.so		
0cbe9245cb148b05	file	/usr/lib/x86_64-linux-gnu/security/pam_usertype.so		
39d1fadde10b8473	file	/usr/lib/x86_64-linux-gnu/security/pam_warn.so		
8cd67fdf462c76a8	file	/usr/lib/x86_64-linux-gnu/security/pam_wheel.so		
80db2d616fa80ec0	file	/usr/lib/x86_64-linux-gnu/security/pam_xauth.so		
2d58164ea5bdde50	file	/usr/libexec/coreutils/libstdbuf.so		
5d4d54c910edcbfe	file	/usr/libexec/dpkg/dpkg-db-backup		
a932f8d717555046	file	/usr/sbin/add-shell		
64d420de05962cf6	file	/usr/sbin/adduser		
8aa4659667791b2b	file	/usr/sbin/agetty		
ac04b59a891f2d7c	file	/usr/sbin/badblocks		
a10e3a804c823d24	file	/usr/sbin/blkdiscard		
e1884eaa41a380fe	file	/usr/sbin/blkid		
d1a5a0f3d1ab7699	file	/usr/sbin/blkzone		
98969a83440170d0	file	/usr/sbin/blockdev		
629112425c7aeb8c	file	/usr/sbin/chcpu		
581eb165965092e4	file	/usr/sbin/chgpasswd		
ed81af762003d2b7	file	/usr/sbin/chmem		
3930de7e09aaaf60	file	/usr/sbin/chpasswd		
49882896ac5112cc	file	/usr/sbin/chroot		
1a11ce04fcd4b4df	file	/usr/sbin/cppw		
34eef4b5752dc383	file	/usr/sbin/ctrlaltdel		
d7f97f33c77cdc2d	file	/usr/sbin/debugfs		
4a991a0aad4afdde	file	/usr/sbin/deluser		
ded5af7394005128	file	/usr/sbin/dpkg-fsys-usrunmess		
9c7464ca8a8aee26	file	/usr/sbin/dpkg-preconfigure		
905427594b697784	file	/usr/sbin/dpkg-reconfigure		
4a941a2e5d1ebe34	file	/usr/sbin/dumpe2fs		
4b7de767dc82d084	file	/usr/sbin/e2freefrag		
9b427d260bff2259	file	/usr/sbin/e2fsck		
5bd5fdc4295f821b	file	/usr/sbin/e2image		
edee5107ed133e65	file	/usr/sbin/e2scrub		
85c49838426fbe4a	file	/usr/sbin/e2scrub_all		
268eb674944db8ec	file	/usr/sbin/e2undo		
d539f187776ab9ef	file	/usr/sbin/e4crypt		
d950621d0a27f583	file	/usr/sbin/e4defrag		
5529220f07e30abb	file	/usr/sbin/faillock		
d1e56b66b8c163c3	file	/usr/sbin/filefrag		
fa95a0223d69dd57	file	/usr/sbin/findfs		
ece9d42c10281138	file	/usr/sbin/fsck		
b6f813459a4a3c3a	file	/usr/sbin/fsck.cramfs		
20fffdb065ee962f	file	/usr/sbin/fsck.minix		
eb8698b69f8aa244	file	/usr/sbin/fsfreeze		
ecc467c518b4d41a	file	/usr/sbin/fstab-decode		
c7779014bc84bba5	file	/usr/sbin/fstrim		
300831b2d90cba3e	file	/usr/sbin/groupadd		
5ab1b54f14f0aa2f	file	/usr/sbin/groupdel		
e0bd9389d99e69d6	file	/usr/sbin/groupmems		
c672365d07ebbec3	file	/usr/sbin/groupmod		
31fec69e482a5603	file	/usr/sbin/grpck		
94182535b6dc4449	file	/usr/sbin/grpconv		
d576c6a23d5e699d	file	/usr/sbin/grpunconv		
da3d354c1949679c	file	/usr/sbin/hwclock		
aa5a98bc23655381	file	/usr/sbin/iconvconfig		
958de1d5d8c6287b	file	/usr/sbin/installkernel		
df87020d85ed76ab	file	/usr/sbin/invoke-rc.d		
e05e46a06e7c15c0	file	/usr/sbin/isosize		
3b1c8aa9d73b8194	file	/usr/sbin/killall5		
4c903ff1d08a5246	file	/usr/sbin/ldattach		
f5e9b3cace17b39f	file	/usr/sbin/ldconfig		
e504c9f2d9827f62	file	/usr/sbin/logsave		
fdbf95e36ba473b5	file	/usr/sbin/losetup		
9baed94833ca0867	file	/usr/sbin/mke2fs		
8bdd7ff232a35ca9	file	/usr/sbin/mkfs		
4debd41edae17756	file	/usr/sbin/mkfs.bfs		
560fd8b99ea1242e	file	/usr/sbin/mkfs.cramfs		
e79b4def7dafe49d	file	/usr/sbin/mkfs.minix		
7515d75e25f16c2b	file	/usr/sbin/mkhomedir_helper		
15ef96a9b1eefcf0	file	/usr/sbin/mklost+found		
914b5e65e2c1c0e8	file	/usr/sbin/mkswap		
4f1916936c94f15c	file	/usr/sbin/newusers		
c8bd3a134fe01c3b	file	/usr/sbin/nologin		
eb51c5698f3ddcd4	file	/usr/sbin/pam-auth-update		
24c5f2311a6f273b	file	/usr/sbin/pam_getenv		
aee9e5d0fffd12e3	file	/usr/sbin/pam_namespace_helper		
9ad6b22d475736c7	file	/usr/sbin/pam_timestamp_check		
ee57363c98ab5b78	file	/usr/sbin/pivot_root		
16842b58a103f9e9	file	/usr/sbin/pwck		
8ec604a9c60e2286	file	/usr/sbin/pwconv		
b2e609e8d4aa0c27	file	/usr/sbin/pwhistory_helper		
9ab9f8492a997cd0	file	/usr/sbin/pwunconv		
6f7652b745105b24	file	/usr/sbin/readprofile		
3c4a631481b0891b	file	/usr/sbin/remove-shell		
3d8b052e71a8287d	file	/usr/sbin/resize2fs		
396352863ed77e1f	file	/usr/sbin/rmt-tar		
67af42eabbdbace3	file	/usr/sbin/rtcwake		
4f7415359f7da175	file	/usr/sbin/runuser		
b46c2357fc9b52b8	file	/usr/sbin/service		
0273e6c8678a7892	file	/usr/sbin/shadowconfig		
fb2debd7e744a6dd	file	/usr/sbin/start-stop-daemon		
4b3293f96548c647	file	/usr/sbin/sulogin		
44306f76bdc5a243	file	/usr/sbin/swaplabel		
a00dc8650c233141	file	/usr/sbin/swapoff		
4e4ca0be4cd10433	file	/usr/sbin/swapon		
dc99186b9d0976a2	file	/usr/sbin/switch_root		
9e68c0b71b0ef137	file	/usr/sbin/tarcat		
43cb9fcbb5b8d80a	file	/usr/sbin/tune2fs		
0a3b0fe1f9eab708	file	/usr/sbin/unix_chkpwd		
f229ca6b899631a4	file	/usr/sbin/unix_update		
cf0fd404887f6ba7	file	/usr/sbin/update-passwd		
2e3a5a896c42b979	file	/usr/sbin/update-rc.d		
e3d5ec8d7c9e69a0	file	/usr/sbin/update-shells		
55834908dc4f68da	file	/usr/sbin/useradd		
ce9a0ede42896a18	file	/usr/sbin/userdel		
21c6ba475ca51c39	file	/usr/sbin/usermod		
8491d5b54dd4279a	file	/usr/sbin/vipw		
24ae1aeff4685716	file	/usr/sbin/wipefs		
d8591b35e3337331	file	/usr/sbin/zic		
9893a4c0cd06438b	file	/usr/sbin/zramctl		
6c2f939381bcbb75	file	/usr/share/base-files/dot.bashrc		
ef9a59e9118d46f7	file	/usr/share/base-files/dot.profile		
84b1202c92a7a56a	file	/usr/share/base-files/dot.profile.md5sums		
1cfacd2f64e98883	file	/usr/share/base-files/info.dir		
d0a7cf4c6c24f577	file	/usr/share/base-files/motd		
26bfa911464d0ac8	file	/usr/share/base-files/profile		
5bf527ba64ab7720	file	/usr/share/base-files/profile.md5sums		
b24bc9991146d3af	file	/usr/share/base-files/staff-group-for-usr-local		
cd2dd8d3ded7b96f	file	/usr/share/base-passwd/group.master		
eec1d1fd3e3f36bc	file	/usr/share/base-passwd/passwd.master		
4a058cb4286ff769	file	/usr/share/bash-completion/completions/addpart		
b21ebe8f85a8b05a	file	/usr/share/bash-completion/completions/apt		
bb98f6befe29eeac	file	/usr/share/bash-completion/completions/blkdiscard		
978742c3e70e7a05	file	/usr/share/bash-completion/completions/blkid		
db51ff0e86f2c1d7	file	/usr/share/bash-completion/completions/blkzone		
0636935bd773a879	file	/usr/share/bash-completion/completions/blockdev		
9b361ffc7bdbbd06	file	/usr/share/bash-completion/completions/chcpu		
4a3321d9de584426	file	/usr/share/bash-completion/completions/chmem		
3a7aa40dadb17f73	file	/usr/share/bash-completion/completions/chrt		
5a63ed2ef1a99478	file	/usr/share/bash-completion/completions/ctrlaltdel		
ae797c0f56767ff7	file	/usr/share/bash-completion/completions/debconf		
6c0297ccfd77e830	file	/usr/share/bash-completion/completions/delpart		
7ed21712baaea57f	file	/usr/share/bash-completion/completions/dmesg		
45530a575ff7cea5	file	/usr/share/bash-completion/completions/fallocate		
7ca6678b93ac21f2	file	/usr/share/bash-completion/completions/fincore		
494b12dc4f6c0472	file	/usr/share/bash-completion/completions/findfs		
c3bc4677d3f2fd38	file	/usr/share/bash-completion/completions/findmnt		
340d4a9fd20e7dc2	file	/usr/share/bash-completion/completions/flock		
f3be1b8960a94f3c	file	/usr/share/bash-completion/completions/fsck		
7ea11869bf5aec64	file	/usr/share/bash-completion/completions/fsck.cramfs		
970b5c20bef108ff	file	/usr/share/bash-completion/completions/fsck.minix		
0776373925f12a26	file	/usr/share/bash-completion/completions/fsfreeze		
82bed068b2b8455b	file	/usr/share/bash-completion/completions/fstrim		
49c851f786c8fb48	file	/usr/share/bash-completion/completions/getopt		
dab161f2210ba377	file	/usr/share/bash-completion/completions/hardlink		
bd6e8b4591c35b19	file	/usr/share/bash-completion/completions/hwclock		
49368a3a52562d8e	file	/usr/share/bash-completion/completions/ionice		
1e3481978162bf49	file	/usr/share/bash-completion/completions/ipcmk		
f973a37b30ca5ed1	file	/usr/share/bash-completion/completions/ipcrm		
e44e8995cedbf463	file	/usr/share/bash-completion/completions/ipcs		
10071f1a15091237	file	/usr/share/bash-completion/completions/isosize		
b08988888b8deddb	file	/usr/share/bash-completion/completions/last		
19aadc4b6b4b3a81	file	/usr/share/bash-completion/completions/ldattach		
01cbcb10cae453d5	file	/usr/share/bash-completion/completions/logger		
7f90a6428aaf7ba4	file	/usr/share/bash-completion/completions/losetup		
98073cd511930bfa	file	/usr/share/bash-completion/completions/lsblk		
db672a65f0b085aa	file	/usr/share/bash-completion/completions/lscpu		
60634dacfe84c670	file	/usr/share/bash-completion/completions/lsipc		
9e1e80a5bb813741	file	/usr/share/bash-completion/completions/lsirq		
5cc57d52aa2f1e81	file	/usr/share/bash-completion/completions/lslocks		
5fd643bbcf443518	file	/usr/share/bash-completion/completions/lslogins		
40c825af9016cea4	file	/usr/share/bash-completion/completions/lsmem		
66dd757456e62ce6	file	/usr/share/bash-completion/completions/lsns		
3bf279dfe4a5c93b	file	/usr/share/bash-completion/completions/mcookie		
a412035f7eafc85b	file	/usr/share/bash-completion/completions/mesg		
386eed5486762de8	file	/usr/share/bash-completion/completions/mkfs		
65eb724ca0050b53	file	/usr/share/bash-completion/completions/mkfs.bfs		
8340c13f45b2be10	file	/usr/share/bash-completion/completions/mkfs.cramfs		
b526b3c6579515e8	file	/usr/share/bash-completion/completions/mkfs.minix		
642ef116dc7937fb	file	/usr/share/bash-completion/completions/mkswap		
6a2d047930a446e3	file	/usr/share/bash-completion/completions/more		
d1f7dd77cef75fac	file	/usr/share/bash-completion/completions/mount		
4f456a6fda7e6ed9	file	/usr/share/bash-completion/completions/mountpoint		
a42d6f33afed68df	file	/usr/share/bash-completion/completions/namei		
d153a88b0dc560fa	file	/usr/share/bash-completion/completions/nsenter		
84ff324b4c3843d4	file	/usr/share/bash-completion/completions/partx		
cb0f10765dabd01e	file	/usr/share/bash-completion/completions/pivot_root		
dd64723898bdad39	file	/usr/share/bash-completion/completions/prlimit		
c18e22ce5dea52d3	file	/usr/share/bash-completion/completions/readprofile		
c64ee8f3aac2b674	file	/usr/share/bash-completion/completions/renice		
45b0207bb7c736d5	file	/usr/share/bash-completion/completions/resizepart		
7cfa6cb45fb675c0	file	/usr/share/bash-completion/completions/rev		
717a1bca0ccdff8c	file	/usr/share/bash-completion/completions/rtcwake		
7a94d8702286ee10	file	/usr/share/bash-completion/completions/script		
8d9d7d3a2e12c206	file	/usr/share/bash-completion/completions/scriptlive		
927af05ad1c80017	file	/usr/share/bash-completion/completions/scriptreplay		
cfa28ea46cbb4a90	file	/usr/share/bash-completion/completions/setarch		
5c61984a23f7a1f8	file	/usr/share/bash-completion/completions/setpriv		
7187be0032b23666	file	/usr/share/bash-completion/completions/setsid		
0d3a316c462f351b	file	/usr/share/bash-completion/completions/setterm		
1aade9e77f8df59d	file	/usr/share/bash-completion/completions/su		
b901dee04ac751be	file	/usr/share/bash-completion/completions/swaplabel		
89f27de345e583c9	file	/usr/share/bash-completion/completions/swapoff		
2ea731a6e48c6fc5	file	/usr/share/bash-completion/completions/swapon		
f8eeb28a888f1631	file	/usr/share/bash-completion/completions/taskset		
7bc4052f6038ea3b	file	/usr/share/bash-completion/completions/uclampset		
bb72d7eff481c254	file	/usr/share/bash-completion/completions/umount		
ad02fb3a7ccf4604	file	/usr/share/bash-completion/completions/unshare		
e9e473f869336e7d	file	/usr/share/bash-completion/completions/utmpdump		
e08362b912c03bdc	file	/usr/share/bash-completion/completions/wall		
f26b24af59d6fbb2	file	/usr/share/bash-completion/completions/wdctl		
9f95449b3f9b86a7	file	/usr/share/bash-completion/completions/whereis		
76ed8a5d8c045589	file	/usr/share/bash-completion/completions/wipefs		
afc735c2cf329de1	file	/usr/share/bash-completion/completions/zramctl		
09af5847413ed3ad	file	/usr/share/bug/apt/script		
d815c19976d91f86	file	/usr/share/bug/dpkg		
1c8015b092015ecc	file	/usr/share/bug/init-system-helpers/control		
fa9017d067769f1c	file	/usr/share/common-licenses/Apache-2.0		
58dcb161c248c5a0	file	/usr/share/common-licenses/Artistic		
63fffc1280e4a2dd	file	/usr/share/common-licenses/BSD		
f6ac3d79417d9409	file	/usr/share/common-licenses/CC0-1.0		
bfd472c8151a61ea	file	/usr/share/common-licenses/GFDL-1.2		
671d911ebbd06bfc	file	/usr/share/common-licenses/GFDL-1.3		
a13cb96bec9b3cec	file	/usr/share/common-licenses/GPL-1		
5c623cd40f22e5e8	file	/usr/share/common-licenses/GPL-2		
8d7cf33898de2134	file	/usr/share/common-licenses/GPL-3		
c0a303bf5c146b2e	file	/usr/share/common-licenses/LGPL-2		
c952b30cdb58c2cd	file	/usr/share/common-licenses/LGPL-2.1		
afd3188438d7c9eb	file	/usr/share/common-licenses/LGPL-3		
cf7d38bfb796cc70	file	/usr/share/common-licenses/MPL-1.1		
e92e69a114de7a1b	file	/usr/share/common-licenses/MPL-2.0		
f4472323d5da277c	file	/usr/share/debconf/confmodule		
0ac4e8ad4b3189fd	file	/usr/share/debconf/confmodule.sh		
e139216a4da34c6a	file	/usr/share/debconf/debconf.conf		
a047ddd9a97aa825	file	/usr/share/debconf/fix_db.pl		
a96cb83be3e77675	file	/usr/share/debconf/frontend		
95339298c68733cf	file	/usr/share/debianutils/shells		
b19fdbcca3a0d689	file	/usr/share/debianutils/shells.d/bash		
47d7296e62c337dc	file	/usr/share/debianutils/shells.d/dash		
6ec8dd49edcd9351	file	/usr/share/doc-base/base-passwd.users-and-groups		
b6a68d28eaa12b59	file	/usr/share/doc-base/findutils.findutils		
d12e331b478c852c	file	/usr/share/doc/adduser/copyright		
711bc65544021cfb	file	/usr/share/doc/apt/copyright		
1d33b8b52a69173b	file	/usr/share/doc/base-files/copyright		
248b4eb67289fddd	file	/usr/share/doc/base-passwd/copyright		
66347dad443cf3b0	file	/usr/share/doc/bash/copyright		
863013c6985e670f	file	/usr/share/doc/bsdutils/copyright		
3c3b6124cbee1a25	file	/usr/share/doc/coreutils/copyright		
c52cd8686b8d4002	file	/usr/share/doc/dash/copyright		
30d5c3f23e57c3a1	file	/usr/share/doc/debconf/copyright		
4497c98cf3ba9649	file	/usr/share/doc/debian-archive-keyring/copyright		
b78678400708e682	file	/usr/share/doc/debianutils/copyright		
65bba44d16681327	file	/usr/share/doc/diffutils/copyright		
cb74cf52f77b45e6	file	/usr/share/doc/dpkg/copyright		
b685ded6cf156a6f	file	/usr/share/doc/e2fsprogs/copyright		
95aa9054edce6cce	file	/usr/share/doc/findutils/copyright		
35cd89947d9037b9	file	/usr/share/doc/gcc-12-base/copyright		
539741ad40b47842	file	/usr/share/doc/gpgv/copyright		
081f70123c04c91c	file	/usr/share/doc/grep/copyright		
effe4b1048c46063	file	/usr/share/doc/gzip/copyright		
462ca1379b182ba7	file	/usr/share/doc/hostname/copyright		
dad4a4c2d5b2f555	file	/usr/share/doc/init-system-helpers/copyright		
8837b58c5d0ceb4f	file	/usr/share/doc/libacl1/copyright		
4b99782747dec83b	file	/usr/share/doc/libapt-pkg6.0/copyright		
728437b164073269	file	/usr/share/doc/libattr1/copyright		
69f479b2f68e0355	file	/usr/share/doc/libaudit-common/copyright		
b5d167897cffeb93	file	/usr/share/doc/libaudit1/copyright		
08299eed275b0f3f	file	/usr/share/doc/libblkid1/copyright		
9522640131200382	file	/usr/share/doc/libbz2-1.0/copyright		
c841294a7067253b	file	/usr/share/doc/libc-bin/copyright		
eb7c6821eb83c0e7	file	/usr/share/doc/libc6/copyright		
35aa5264bd65a1e8	file	/usr/share/doc/libcap-ng0/copyright		
55198e87b15d1aa9	file	/usr/share/doc/libcap2/copyright		
f41d3f0c71e995a0	file	/usr/share/doc/libcom-err2/copyright		
2b035533d35dce2f	file	/usr/share/doc/libcrypt1/copyright		
371f138d572516b7	file	/usr/share/doc/libdb5.3/copyright		
f336b0f967669d8a	file	/usr/share/doc/libdebconfclient0/copyright		
c72793fa4d90802c	file	/usr/share/doc/libext2fs2/copyright		
20d7a4d1f0711431	file	/usr/share/doc/libffi8/copyright		
71b9b93ea56bab06	file	/usr/share/doc/libgcrypt20/copyright		
fa6060393456a423	file	/usr/share/doc/libgmp10/copyright		
0ed027a088bb4b72	file	/usr/share/doc/libgnutls30/copyright		
ac865173edfec768	file	/usr/share/doc/libgpg-error0/copyright		
75a24f6e44d19d07	file	/usr/share/doc/libhogweed6/copyright		
9f77880e92b05783	file	/usr/share/doc/libidn2-0/copyright		
d4149f91013bc170	file	/usr/share/doc/liblz4-1/copyright		
57346ca06e9c44d2	file	/usr/share/doc/liblzma5/copyright		
bc9577943f93384a	file	/usr/share/doc/libmd0/copyright		
e2a30c9cfb97707c	file	/usr/share/doc/libmount1/copyright		
af3b23a2402fb84a	file	/usr/share/doc/libnettle8/copyright		
ac5081d7ee890ba0	file	/usr/share/doc/libp11-kit0/copyright		
d09406875b0b5e60	file	/usr/share/doc/libpam-modules-bin/copyright		
662ecd35cca055a8	file	/usr/share/doc/libpam-modules/copyright		
4b083ae28db71cdb	file	/usr/share/doc/libpam-runtime/copyright		
c933a6a28aa7002f	file	/usr/share/doc/libpam0g/copyright		
04f68843cbec13ee	file	/usr/share/doc/libpcre2-8-0/copyright		
aee409374746d5e7	file	/usr/share/doc/libseccomp2/copyright		
bc4e10cf2788ddfb	file	/usr/share/doc/libselinux1/copyright		
3ae5501f3df1968f	file	/usr/share/doc/libsemanage-common/copyright		
15758b78a2aa02ad	file	/usr/share/doc/libsemanage2/copyright		
fbcbd6039d019190	file	/usr/share/doc/libsepol2/copyright		
aac067f3f7ae6d9c	file	/usr/share/doc/libsmartcols1/copyright		
bd6146e6845c9014	file	/usr/share/doc/libss2/copyright		
66f03f3a9b887e99	file	/usr/share/doc/libsystemd0/copyright		
63e66bcbb5de829d	file	/usr/share/doc/libtasn1-6/copyright		
d7e7fdd41e893768	file	/usr/share/doc/libtinfo6/copyright		
f65fef227329795e	file	/usr/share/doc/libudev1/copyright		
ded7f70bedb5ab4d	file	/usr/share/doc/libunistring2/copyright		
e2a84518154ccdc1	file	/usr/share/doc/libuuid1/copyright		
51393af9f6f7e326	file	/usr/share/doc/libxxhash0/copyright		
445680d7d8804b9f	file	/usr/share/doc/libzstd1/copyright		
d079a14d4ce25ac5	file	/usr/share/doc/login/copyright		
c6cc54f771a0e85d	file	/usr/share/doc/logsave/copyright		
394d830881174740	file	/usr/share/doc/mawk/copyright		
8621ed071a5a7e9b	file	/usr/share/doc/mount/copyright		
81450a17900414d3	file	/usr/share/doc/ncurses-base/copyright		
511af159aafc9df9	file	/usr/share/doc/ncurses-bin/copyright		
3313fca3f27081bc	file	/usr/share/doc/passwd/copyright		
b13f0c2dc379a12b	file	/usr/share/doc/perl-base/copyright		
3a277a6a998d9a78	file	/usr/share/doc/sed/copyright		
85b25708aee138c6	file	/usr/share/doc/sysvinit-utils/copyright		
6054a0387747ab3d	file	/usr/share/doc/tar/copyright		
5d83f14a53ea74d2	file	/usr/share/doc/tzdata/copyright		
84d0fd29ccb01b90	file	/usr/share/doc/usr-is-merged/copyright		
ebd579bfebec84aa	file	/usr/share/doc/util-linux-extra/copyright		
8fe7bf5a79236db1	file	/usr/share/doc/util-linux/copyright		
74b9eee0bd19e250	file	/usr/share/doc/zlib1g/copyright		
d1b6ac45f3727fe4	file	/usr/share/dpkg/abitable		
627c6baee44d69e3	file	/usr/share/dpkg/cputable		
9b861d1810d44d8a	file	/usr/share/dpkg/ostable		
bd3c9a5f577591c3	file	/usr/share/dpkg/sh/dpkg-error.sh		
045dab075a562c4b	file	/usr/share/dpkg/tupletable		
05a64bf77938ebeb	file	/usr/share/gcc/python/libstdcxx/__init__.py		
19430376dee4f6f4	file	/usr/share/gcc/python/libstdcxx/v6/__init__.py		
e26c0dd2671baefc	file	/usr/share/gcc/python/libstdcxx/v6/printers.py		
eae7e4220e01d5cb	file	/usr/share/gcc/python/libstdcxx/v6/xmethods.py		
f6454ed91a8387f0	file	/usr/share/gdb/auto-load/usr/lib/x86_64-linux-gnu/libstdc++.so.6.0.30-gdb.py		
a449053dc426b365	file	/usr/share/keyrings/debian-archive-bookworm-automatic.gpg		
475d12d580045580	file	/usr/share/keyrings/debian-archive-bookworm-security-automatic.gpg		
6746195e29ef929a	file	/usr/share/keyrings/debian-archive-bookworm-stable.gpg		
dcca5ae515b939a5	file	/usr/share/keyrings/debian-archive-bullseye-automatic.gpg		
2bd82168fe92a30d	file	/usr/share/keyrings/debian-archive-bullseye-security-automatic.gpg		
45bbf67678cbb0bc	file	/usr/share/keyrings/debian-archive-bullseye-stable.gpg		
ba8f50f89b1a93df	file	/usr/share/keyrings/debian-archive-keyring.gpg		
1aea761c1f1291ef	file	/usr/share/keyrings/debian-archive-removed-keys.gpg		
6744176ff5c2a0e0	file	/usr/share/keyrings/debian-archive-trixie-automatic.gpg		
88c251630ea35a02	file	/usr/share/keyrings/debian-archive-trixie-security-automatic.gpg		
5886fe3569a862c4	file	/usr/share/keyrings/debian-archive-trixie-stable.gpg		
3c50e02007b79a16	file	/usr/share/libc-bin/nsswitch.conf		
66d340a116a8b425	file	/usr/share/libgcrypt20/clean-up-unmanaged-libraries		
80be72ad96fe5426	file	/usr/share/lintian/profiles/dpkg/main.profile		
9cd631d357998e5d	file	/usr/share/menu/bash		
5db5572ba7e23990	file	/usr/share/menu/dash		
fd183b225d66122b	file	/usr/share/pam-configs/mkhomedir		
8cb6492964319ca1	file	/usr/share/pam-configs/unix		
fe9fc2ca97990708	file	/usr/share/pam/common-account		
9cd9eeba13786f67	file	/usr/share/pam/common-account.md5sums		
edc5c81ea7b23e2e	file	/usr/share/pam/common-auth		
8ed6c56d12d1ff4d	file	/usr/share/pam/common-auth.md5sums		
826fb6e7e8fc7c78	file	/usr/share/pam/common-password		
38467198f63215d2	file	/usr/share/pam/common-password.md5sums		
f8d8e099e6179758	file	/usr/share/pam/common-session		
1607bf3947c5d361	file	/usr/share/pam/common-session-noninteractive		
6f928b33d52e4f65	file	/usr/share/pam/common-session-noninteractive.md5sums		
de2e0f07d0e11950	file	/usr/share/pam/common-session.md5sums		
3cf70ee64ade9a23	file	/usr/share/perl5/Debconf/AutoSelect.pm		
970d53547ed9130e	file	/usr/share/perl5/Debconf/Base.pm		
312440a99b6d353a	file	/usr/share/perl5/Debconf/Client/ConfModule.pm		
1a0b9f94194b207b	file	/usr/share/perl5/Debconf/ConfModule.pm		
edb93df8c2bdd6c9	file	/usr/share/perl5/Debconf/Config.pm		
9d0921632ceea20e	file	/usr/share/perl5/Debconf/Db.pm		
5af5365b4537fc9a	file	/usr/share/perl5/Debconf/DbDriver.pm		
74d8f2dda5f822ae	file	/usr/share/perl5/Debconf/DbDriver/Backup.pm		
cf84062fc3e2cf9e	file	/usr/share/perl5/Debconf/DbDriver/Cache.pm		
11c9f5af04be085c	file	/usr/share/perl5/Debconf/DbDriver/Copy.pm		
6ede1360bfc9f2ad	file	/usr/share/perl5/Debconf/DbDriver/Debug.pm		
faf6a962b9aa45d4	file	/usr/share/perl5/Debconf/DbDriver/DirTree.pm		
e5afc7a9f3cc3ad1	file	/usr/share/perl5/Debconf/DbDriver/Directory.pm		
e80a981e71a5b2d5	file	/usr/share/perl5/Debconf/DbDriver/File.pm		
613c8115714fca66	file	/usr/share/perl5/Debconf/DbDriver/LDAP.pm		
611484c812f12537	file	/usr/share/perl5/Debconf/DbDriver/PackageDir.pm		
9b278f1733773d65	file	/usr/share/perl5/Debconf/DbDriver/Pipe.pm		
c8700198b7127de7	file	/usr/share/perl5/Debconf/DbDriver/Stack.pm		
9caac0cd177c6e99	file	/usr/share/perl5/Debconf/Element.pm		
5da5772c4b9e4859	file	/usr/share/perl5/Debconf/Element/Dialog/Boolean.pm		
c91070f3c0309f87	file	/usr/share/perl5/Debconf/Element/Dialog/Error.pm		
587fd710e415532d	file	/usr/share/perl5/Debconf/Element/Dialog/Multiselect.pm		
dda386f758c0eda8	file	/usr/share/perl5/Debconf/Element/Dialog/Note.pm		
e2e4a3a92550f014	file	/usr/share/perl5/Debconf/Element/Dialog/Password.pm		
422beb88c45318f3	file	/usr/share/perl5/Debconf/Element/Dialog/Progress.pm		
3665d78c96ba645f	file	/usr/share/perl5/Debconf/Element/Dialog/Select.pm		
8af59fafe398309f	file	/usr/share/perl5/Debconf/Element/Dialog/String.pm		
66608355a31ed993	file	/usr/share/perl5/Debconf/Element/Dialog/Text.pm		
e345999b9da2093e	file	/usr/share/perl5/Debconf/Element/Editor/Boolean.pm		
c81ef9299606a0bc	file	/usr/share/perl5/Debconf/Element/Editor/Error.pm		
7840190b79ccdf38	file	/usr/share/perl5/Debconf/Element/Editor/Multiselect.pm		
d004c9e6abac816e	file	/usr/share/perl5/Debconf/Element/Editor/Note.pm		
71419a1f5bb16a11	file	/usr/share/perl5/Debconf/Element/Editor/Password.pm		
e44ef7e5788513fa	file	/usr/share/perl5/Debconf/Element/Editor/Progress.pm		
cf2fa61d59712a7a	file	/usr/share/perl5/Debconf/Element/Editor/Select.pm		
2d07557641f518b7	file	/usr/share/perl5/Debconf/Element/Editor/String.pm		
a38c361d3d02cb80	file	/usr/share/perl5/Debconf/Element/Editor/Text.pm		
4721a9d5ccad7cd9	file	/usr/share/perl5/Debconf/Element/Gnome.pm		
a53e8c7b4a930f4e	file	/usr/share/perl5/Debconf/Element/Gnome/Boolean.pm		
949eb8d407a124f4	file	/usr/share/perl5/Debconf/Element/Gnome/Error.pm		
d919662c24e3872c	file	/usr/share/perl5/Debconf/Element/Gnome/Multiselect.pm		
545a397631fd9200	file	/usr/share/perl5/Debconf/Element/Gnome/Note.pm		
1c82a6628784a096	file	/usr/share/perl5/Debconf/Element/Gnome/Password.pm		
ba01824a4130814a	file	/usr/share/perl5/Debconf/Element/Gnome/Progress.pm		
4254c2eac83582b9	file	/usr/share/perl5/Debconf/Element/Gnome/Select.pm		
80cadeb762624384	file	/usr/share/perl5/Debconf/Element/Gnome/String.pm		
a160860dacadaa4f	file	/usr/share/perl5/Debconf/Element/Gnome/Text.pm		
8c94bdf6bbd95bf5	file	/usr/share/perl5/Debconf/Element/Multiselect.pm		
061f5c01ee79b3c7	file	/usr/share/perl5/Debconf/Element/Noninteractive.pm		
2a6a7542da8a03b4	file	/usr/share/perl5/Debconf/Element/Noninteractive/Boolean.pm		
51c7de5540b3eeda	file	/usr/share/perl5/Debconf/Element/Noninteractive/Error.pm		
07588666e5d37ea5	file	/usr/share/perl5/Debconf/Element/Noninteractive/Multiselect.pm		
ab5c1c4d9fe6c6e2	file	/usr/share/perl5/Debconf/Element/Noninteractive/Note.pm		
ec4da99d45fa6f77	file	/usr/share/perl5/Debconf/Element/Noninteractive/Password.pm		
f9946aef3020a6d6	file	/usr/share/perl5/Debconf/Element/Noninteractive/Progress.pm		
a09b66da1f7fd91b	file	/usr/share/perl5/Debconf/Element/Noninteractive/Select.pm		
4810473d8fb7cc9c	file	/usr/share/perl5/Debconf/Element/Noninteractive/String.pm		
83d64c0dfb11863e	file	/usr/share/perl5/Debconf/Element/Noninteractive/Text.pm		
4f1bcf13423040b8	file	/usr/share/perl5/Debconf/Element/Select.pm		
e42567dc8cc9fa32	file	/usr/share/perl5/Debconf/Element/Teletype/Boolean.pm		
e7439192fd3ae5c7	file	/usr/share/perl5/Debconf/Element/Teletype/Error.pm		
28b16eeb2fe1f65a	file	/usr/share/perl5/Debconf/Element/Teletype/Multiselect.pm		
0f38b5333c86e129	file	/usr/share/perl5/Debconf/Element/Teletype/Note.pm		
40321825ea7b177c	file	/usr/share/perl5/Debconf/Element/Teletype/Password.pm		
94ea5be066845ff0	file	/usr/share/perl5/Debconf/Element/Teletype/Progress.pm		
6077935302d3899b	file	/usr/share/perl5/Debconf/Element/Teletype/Select.pm		
c9413aa478158a6d	file	/usr/share/perl5/Debconf/Element/Teletype/String.pm		
dc77ca28a558febc	file	/usr/share/perl5/Debconf/Element/Teletype/Text.pm		
acfb3aa40f790ba0	file	/usr/share/perl5/Debconf/Element/Web/Boolean.pm		
b8d318da83eb0939	file	/usr/share/perl5/Debconf/Element/Web/Error.pm		
fc37972dc0ef6f86	file	/usr/share/perl5/Debconf/Element/Web/Multiselect.pm		
2148cf33cbfb99f9	file	/usr/share/perl5/Debconf/Element/Web/Note.pm		
928f17f762ddeef0	file	/usr/share/perl5/Debconf/Element/Web/Password.pm		
63c5f2cd02db3a09	file	/usr/share/perl5/Debconf/Element/Web/Progress.pm		
38a44ecc8969ed4f	file	/usr/share/perl5/Debconf/Element/Web/Select.pm		
780e83078155bc25	file	/usr/share/perl5/Debconf/Element/Web/String.pm		
cc1095627ebf866c	file	/usr/share/perl5/Debconf/Element/Web/Text.pm		
781ea5411c35b07c	file	/usr/share/perl5/Debconf/Encoding.pm		
199d96ea353b1559	file	/usr/share/perl5/Debconf/Format.pm		
17d176b4d73e7ef8	file	/usr/share/perl5/Debconf/Format/822.pm		
eaf2cec3c54e4ddf	file	/usr/share/perl5/Debconf/FrontEnd.pm		
2d65021b062aaeff	file	/usr/share/perl5/Debconf/FrontEnd/Dialog.pm		
efeafec2f3e178ce	file	/usr/share/perl5/Debconf/FrontEnd/Editor.pm		
ae6bf2477df23733	file	/usr/share/perl5/Debconf/FrontEnd/Gnome.pm		
6f8c9203a8b690e4	file	/usr/share/perl5/Debconf/FrontEnd/Kde.pm		
a8ebf53b0913a2c2	file	/usr/share/perl5/Debconf/FrontEnd/Noninteractive.pm		
66935874a4208006	file	/usr/share/perl5/Debconf/FrontEnd/Passthrough.pm		
efe5e89e9d117c47	file	/usr/share/perl5/Debconf/FrontEnd/Readline.pm		
ecb015efa0b028fb	file	/usr/share/perl5/Debconf/FrontEnd/ScreenSize.pm		
56a1054f1e4d7158	file	/usr/share/perl5/Debconf/FrontEnd/Teletype.pm		
932fedc9cb388331	file	/usr/share/perl5/Debconf/FrontEnd/Text.pm		
0769c3ebfec4dcdb	file	/usr/share/perl5/Debconf/FrontEnd/Web.pm		
124bb6cb7653673a	file	/usr/share/perl5/Debconf/Gettext.pm		
0ffd9aa1380d67e0	file	/usr/share/perl5/Debconf/Iterator.pm		
e80d49a7b31a00aa	file	/usr/share/perl5/Debconf/Log.pm		
c1e6c2c67295b758	file	/usr/share/perl5/Debconf/Path.pm		
15e5ba39bed3cd00	file	/usr/share/perl5/Debconf/Priority.pm		
ea5016c229714828	file	/usr/share/perl5/Debconf/Question.pm		
8aaa62e3eee5bd22	file	/usr/share/perl5/Debconf/Template.pm		
b069bba566e0ffb4	file	/usr/share/perl5/Debconf/Template/Transient.pm		
79010b203496a3a0	file	/usr/share/perl5/Debconf/TmpFile.pm		
d1fce151e6cc41c0	file	/usr/share/perl5/Debian/AdduserCommon.pm		
b6eed8db22a12ee6	file	/usr/share/perl5/Debian/DebConf/Client/ConfModule.pm		
23c430e5f1a04875	file	/usr/share/pixmaps/debian-logo.png		
4c539f8b192187af	file	/usr/share/polkit-1/actions/org.dpkg.pkexec.update-alternatives.policy		
2b46b1b00b22da92	file	/usr/share/tabset/std		
60d309bdd492d1e7	file	/usr/share/tabset/stdcrt		
f30f8b84ade916b7	file	/usr/share/tabset/vt100		
10f15e04c9844fb8	file	/usr/share/tabset/vt300		
bd04689924a5c682	file	/usr/share/util-linux/logcheck/ignore.d.server/util-linux		
6a9e934ff5130337	file	/usr/share/zoneinfo/Africa/Abidjan		
71375f9606ab7eca	file	/usr/share/zoneinfo/Africa/Accra		
f797f159bf3c5f6a	file	/usr/share/zoneinfo/Africa/Addis_Ababa		
f5dd349c1351caf8	file	/usr/share/zoneinfo/Africa/Algiers		
97b50006d6e8eef5	file	/usr/share/zoneinfo/Africa/Asmara		
5b75b9c41fd6de68	file	/usr/share/zoneinfo/Africa/Bamako		
9cb230d40ca3020f	file	/usr/share/zoneinfo/Africa/Bangui		
e80884689209d2b3	file	/usr/share/zoneinfo/Africa/Banjul		
ff9e0f78bb4e1980	file	/usr/share/zoneinfo/Africa/Bissau		
6e6c5e0509e984b1	file	/usr/share/zoneinfo/Africa/Blantyre		
f5d7c1cc6ab5d231	file	/usr/share/zoneinfo/Africa/Brazzaville		
8c7d7324fcf1eaab	file	/usr/share/zoneinfo/Africa/Bujumbura		
4b92015e59914386	file	/usr/share/zoneinfo/Africa/Cairo		
155e3449a0bfe4b6	file	/usr/share/zoneinfo/Africa/Casablanca		
43ee6c42712ec798	file	/usr/share/zoneinfo/Africa/Ceuta		
00d6cf01d4207fea	file	/usr/share/zoneinfo/Africa/Conakry		
8e036aed5cdfc38a	file	/usr/share/zoneinfo/Africa/Dakar		
47b202db1735af45	file	/usr/share/zoneinfo/Africa/Dar_es_Salaam		
f6e03297d26c8750	file	/usr/share/zoneinfo/Africa/Djibouti		
5844ce73b573875b	file	/usr/share/zoneinfo/Africa/Douala		
601e050a2bff12a7	file	/usr/share/zoneinfo/Africa/El_Aaiun		
f8381658b1805787	file	/usr/share/zoneinfo/Africa/Freetown		
9397421183d342c0	file	/usr/share/zoneinfo/Africa/Gaborone		
c1b4c61acfae17e0	file	/usr/share/zoneinfo/Africa/Harare		
37c41f80fd20c3b4	file	/usr/share/zoneinfo/Africa/Johannesburg		
edac7959e86104f7	file	/usr/share/zoneinfo/Africa/Juba		
8d7d48d6ab90f6cb	file	/usr/share/zoneinfo/Africa/Kampala		
d3922c07d2d82bc7	file	/usr/share/zoneinfo/Africa/Khartoum		
c3697c8823a093a2	file	/usr/share/zoneinfo/Africa/Kigali		
aec331035bd21658	file	/usr/share/zoneinfo/Africa/Kinshasa		
c97d20f547703dea	file	/usr/share/zoneinfo/Africa/Lagos		
ffd3ba54cc722d5f	file	/usr/share/zoneinfo/Africa/Libreville		
aaba08b5673f89c1	file	/usr/share/zoneinfo/Africa/Lome		
4fb6273b4e3a091c	file	/usr/share/zoneinfo/Africa/Luanda		
c50af06c8baf21e6	file	/usr/share/zoneinfo/Africa/Lubumbashi		
13113a72f498131c	file	/usr/share/zoneinfo/Africa/Lusaka		
b57a9e40fa1d1be3	file	/usr/share/zoneinfo/Africa/Malabo		
f51e0d8bb6cd057f	file	/usr/share/zoneinfo/Africa/Maputo		
7971e999e09f0d9b	file	/usr/share/zoneinfo/Africa/Maseru		
562541a900833488	file	/usr/share/zoneinfo/Africa/Mbabane		
379c1bb3735f61de	file	/usr/share/zoneinfo/Africa/Mogadishu		
0b238a856c92ba27	file	/usr/share/zoneinfo/Africa/Monrovia		
a7439f80b84c372c	file	/usr/share/zoneinfo/Africa/Nairobi		
4358a54a8638e4fd	file	/usr/share/zoneinfo/Africa/Ndjamena		
ca34cf8abd85a4e4	file	/usr/share/zoneinfo/Africa/Niamey		
fa8f33e82f4e42c9	file	/usr/share/zoneinfo/Africa/Nouakchott		
49ebf89e55ce1568	file	/usr/share/zoneinfo/Africa/Ouagadougou		
c2136688bf4bc087	file	/usr/share/zoneinfo/Africa/Porto-Novo		
d043e6ba283bfd8b	file	/usr/share/zoneinfo/Africa/Sao_Tome		
f5ca4f0342b206d8	file	/usr/share/zoneinfo/Africa/Tripoli		
df399f374bb7810b	file	/usr/share/zoneinfo/Africa/Tunis		
29d853e4637f241b	file	/usr/share/zoneinfo/Africa/Windhoek		
0d564ee3280b2cf7	file	/usr/share/zoneinfo/America/Adak		
f1ad786c12646187	file	/usr/share/zoneinfo/America/Anchorage		
aacb1158b2d81eb0	file	/usr/share/zoneinfo/America/Anguilla		
0e28b721f98373a5	file	/usr/share/zoneinfo/America/Antigua		
d56f6387cceda1ad	file	/usr/share/zoneinfo/America/Araguaina		
8ca239bee7f636e4	file	/usr/share/zoneinfo/America/Argentina/Buenos_Aires		
840713076dbbbd1e	file	/usr/share/zoneinfo/America/Argentina/Catamarca		
e0846a82ce63a34a	file	/usr/share/zoneinfo/America/Argentina/Cordoba		
097cd65bc9472cb7	file	/usr/share/zoneinfo/America/Argentina/Jujuy		
60b6e774e823fef9	file	/usr/share/zoneinfo/America/Argentina/La_Rioja		
b2e85a5ad90a032c	file	/usr/share/zoneinfo/America/Argentina/Mendoza		
e54ff24f0b8a4c9e	file	/usr/share/zoneinfo/America/Argentina/Rio_Gallegos		
db7b1105a4d94c0f	file	/usr/share/zoneinfo/America/Argentina/Salta		
42bf48e17bc2bc74	file	/usr/share/zoneinfo/America/Argentina/San_Juan		
702f138f22ddbef4	file	/usr/share/zoneinfo/America/Argentina/San_Luis		
acca0f106b617c9a	file	/usr/share/zoneinfo/America/Argentina/Tucuman		
fd8f860905d9e21a	file	/usr/share/zoneinfo/America/Argentina/Ushuaia		
ed86cabf6d9b6055	file	/usr/share/zoneinfo/America/Aruba		
aab110c2a6da9dd8	file	/usr/share/zoneinfo/America/Asuncion		
2c9404a2a8f426bb	file	/usr/share/zoneinfo/America/Atikokan		
27d4a9c0b28cb41a	file	/usr/share/zoneinfo/America/Bahia		
fe20f69c2b5155ac	file	/usr/share/zoneinfo/America/Bahia_Banderas		
6270b2f2cda6702f	file	/usr/share/zoneinfo/America/Barbados		
b59955933515c30a	file	/usr/share/zoneinfo/America/Belem		
07ece55eb42403cf	file	/usr/share/zoneinfo/America/Belize		
95bd325a61c80581	file	/usr/share/zoneinfo/America/Blanc-Sablon		
3ccd4b8490f733ec	file	/usr/share/zoneinfo/America/Boa_Vista		
dc4861e5b8789a09	file	/usr/share/zoneinfo/America/Bogota		
07c02f047027eaca	file	/usr/share/zoneinfo/America/Boise		
b4c7298f16ecb240	file	/usr/share/zoneinfo/America/Cambridge_Bay		
84a229f1f57406a1	file	/usr/share/zoneinfo/America/Campo_Grande		
3def69e2b14fd645	file	/usr/share/zoneinfo/America/Cancun		
18ee1a8636bcfec2	file	/usr/share/zoneinfo/America/Caracas		
947a72453000cb3b	file	/usr/share/zoneinfo/America/Cayenne		
103194df778289f0	file	/usr/share/zoneinfo/America/Cayman		
bf8eb7ecba0c2638	file	/usr/share/zoneinfo/America/Chicago		
ed66b60eac0182cc	file	/usr/share/zoneinfo/America/Chihuahua		
3d2b4839cc423deb	file	/usr/share/zoneinfo/America/Ciudad_Juarez		
f85b63146e158a22	file	/usr/share/zoneinfo/America/Costa_Rica		
0af59f920625dbfe	file	/usr/share/zoneinfo/America/Coyhaique		
bce1823980eef89e	file	/usr/share/zoneinfo/America/Creston		
94d66bed1831eea1	file	/usr/share/zoneinfo/America/Cuiaba		
f3328a0e0554d098	file	/usr/share/zoneinfo/America/Curacao		
b6a5f29773cb26a8	file	/usr/share/zoneinfo/America/Danmarkshavn		
501daf66062e3b34	file	/usr/share/zoneinfo/America/Dawson		
03a2b487fb1e7345	file	/usr/share/zoneinfo/America/Dawson_Creek		
f71bdb62596f4188	file	/usr/share/zoneinfo/America/Denver		
e75c0073f93f741c	file	/usr/share/zoneinfo/America/Detroit		
aba50e75fac3383a	file	/usr/share/zoneinfo/America/Dominica		
080b9e4d6b058ce1	file	/usr/share/zoneinfo/America/Edmonton		
441cacf1aec62d35	file	/usr/share/zoneinfo/America/Eirunepe		
87c2ee7127d84f35	file	/usr/share/zoneinfo/America/El_Salvador		
ba8a0559bc70cd89	file	/usr/share/zoneinfo/America/Fort_Nelson		
b8fa00eb5c2ff83f	file	/usr/share/zoneinfo/America/Fortaleza		
6458bda84755cf6d	file	/usr/share/zoneinfo/America/Glace_Bay		
b91d6bd0e236adb0	file	/usr/share/zoneinfo/America/Goose_Bay		
0d606a36c95893d0	file	/usr/share/zoneinfo/America/Grand_Turk		
372c4101f7fd5309	file	/usr/share/zoneinfo/America/Grenada		
839a6b2d72cfbd60	file	/usr/share/zoneinfo/America/Guadeloupe		
3e0a9286bff2f2a3	file	/usr/share/zoneinfo/America/Guatemala		
5808d3932c0f480a	file	/usr/share/zoneinfo/America/Guayaquil		
93e2181e97acc819	file	/usr/share/zoneinfo/America/Guyana		
5d49f65aec3dfc4c	file	/usr/share/zoneinfo/America/Halifax		
0497c8552246e230	file	/usr/share/zoneinfo/America/Havana		
02ec70244b68d798	file	/usr/share/zoneinfo/America/Hermosillo		
047fea34280e4300	file	/usr/share/zoneinfo/America/Indiana/Indianapolis		
a43a2283bab881dd	file	/usr/share/zoneinfo/America/Indiana/Knox		
562fd84a69664f97	file	/usr/share/zoneinfo/America/Indiana/Marengo		
800249c45c91494e	file	/usr/share/zoneinfo/America/Indiana/Petersburg		
741d08fe704c4ba6	file	/usr/share/zoneinfo/America/Indiana/Tell_City		
46716ab5aee92543	file	/usr/share/zoneinfo/America/Indiana/Vevay		
fdb99087b1edfa33	file	/usr/share/zoneinfo/America/Indiana/Vincennes		
e2a09c17016f468f	file	/usr/share/zoneinfo/America/Indiana/Winamac		
7c57f9df40978ada	file	/usr/share/zoneinfo/America/Inuvik		
da800e925bada69a	file	/usr/share/zoneinfo/America/Iqaluit		
7db07d379ff084dd	file	/usr/share/zoneinfo/America/Jamaica		
53e5bde7ef52539e	file	/usr/share/zoneinfo/America/Juneau		
5487f73dd5354c07	file	/usr/share/zoneinfo/America/Kentucky/Louisville		
a39b8242d57fc776	file	/usr/share/zoneinfo/America/Kentucky/Monticello		
ab473f5292c8ca2b	file	/usr/share/zoneinfo/America/La_Paz		
929c47a8e1684cbc	file	/usr/share/zoneinfo/America/Lima		
9f18533a15bf2d27	file	/usr/share/zoneinfo/America/Los_Angeles		
bddface790a3d4c7	file	/usr/share/zoneinfo/America/Maceio		
13675a12c466f7bc	file	/usr/share/zoneinfo/America/Managua		
2d8e164095cbea98	file	/usr/share/zoneinfo/America/Manaus		
59f6f19854560d4a	file	/usr/share/zoneinfo/America/Martinique		
0616ad15abefeb10	file	/usr/share/zoneinfo/America/Matamoros		
a8092bcc23bc845a	file	/usr/share/zoneinfo/America/Mazatlan		
2ff6062df912f9a0	file	/usr/share/zoneinfo/America/Menominee		
eee3d5a523d430a4	file	/usr/share/zoneinfo/America/Merida		
9c2de79bc140eafc	file	/usr/share/zoneinfo/America/Metlakatla		
31bdba7757449018	file	/usr/share/zoneinfo/America/Mexico_City		
c9fb4e21f5e8afeb	file	/usr/share/zoneinfo/America/Miquelon		
c45c4a999b4c207a	file	/usr/share/zoneinfo/America/Moncton		
8767e3ee39a35e8a	file	/usr/share/zoneinfo/America/Monterrey		
0e0782b516889e2c	file	/usr/share/zoneinfo/America/Montevideo		
bedcfb382121e2f6	file	/usr/share/zoneinfo/America/Montserrat		
470a46987e3c6412	file	/usr/share/zoneinfo/America/Nassau		
2989ebc04a7a01eb	file	/usr/share/zoneinfo/America/New_York		
7cbb16cc4992db62	file	/usr/share/zoneinfo/America/Nome		
a18b7d1c9af61413	file	/usr/share/zoneinfo/America/Noronha		
cde089f4a5ba9e53	file	/usr/share/zoneinfo/America/North_Dakota/Beulah		
be4036c1e1e7d625	file	/usr/share/zoneinfo/America/North_Dakota/Center		
863ab992dff828b7	file	/usr/share/zoneinfo/America/North_Dakota/New_Salem		
a958b877fbf8f436	file	/usr/share/zoneinfo/America/Nuuk		
8572f624dbbdbc30	file	/usr/share/zoneinfo/America/Ojinaga		
d296aa5f1e744efe	file	/usr/share/zoneinfo/America/Panama		
a3b02d687e07f450	file	/usr/share/zoneinfo/America/Paramaribo		
44eab851dcb7f4f7	file	/usr/share/zoneinfo/America/Phoenix		
a5b22a8dcea52e3c	file	/usr/share/zoneinfo/America/Port-au-Prince		
4ee5041a4863f27b	file	/usr/share/zoneinfo/America/Port_of_Spain		
0f47cb59f41db129	file	/usr/share/zoneinfo/America/Porto_Velho		
8f75c0a9c02bf87f	file	/usr/share/zoneinfo/America/Puerto_Rico		
1b424b05bb0bbf63	file	/usr/share/zoneinfo/America/Punta_Arenas		
e34dd6bf37045dfb	file	/usr/share/zoneinfo/America/Rankin_Inlet		
318e67fc76dcd5f1	file	/usr/share/zoneinfo/America/Recife		
87c2e4abb7148f14	file	/usr/share/zoneinfo/America/Regina		
97871f0e3e37884b	file	/usr/share/zoneinfo/America/Resolute		
a39bfa692b18a1cb	file	/usr/share/zoneinfo/America/Rio_Branco		
ed9bb2cb13665ba6	file	/usr/share/zoneinfo/America/Santarem		
a5909e279654ad51	file	/usr/share/zoneinfo/America/Santiago		
29a684242e1c3c89	file	/usr/share/zoneinfo/America/Santo_Domingo		
e515d96ecd05d2cb	file	/usr/share/zoneinfo/America/Sao_Paulo		
a8130cf1f9789c73	file	/usr/share/zoneinfo/America/Scoresbysund		
0b3f566995f2538c	file	/usr/share/zoneinfo/America/Sitka		
1b3c23d93da25c13	file	/usr/share/zoneinfo/America/St_Johns		
0456b01da0ab06e0	file	/usr/share/zoneinfo/America/St_Kitts		
b987426f2e1dc81b	file	/usr/share/zoneinfo/America/St_Lucia		
67516d7f59ed7bfa	file	/usr/share/zoneinfo/America/St_Thomas		
2b342b19437fe51e	file	/usr/share/zoneinfo/America/St_Vincent		
6e45fcb8d1e241e0	file	/usr/share/zoneinfo/America/Swift_Current		
f7f7b9a7bc3ceddf	file	/usr/share/zoneinfo/America/Tegucigalpa		
c68b883b48993aa3	file	/usr/share/zoneinfo/America/Thule		
1c01818e741f2ef8	file	/usr/share/zoneinfo/America/Tijuana		
3725fa0d3af646c2	file	/usr/share/zoneinfo/America/Toronto		
4d67e141523b7922	file	/usr/share/zoneinfo/America/Tortola		
5af0e798a5354b39	file	/usr/share/zoneinfo/America/Vancouver		
648dff542a998f44	file	/usr/share/zoneinfo/America/Whitehorse		
82673dfc706cc9c7	file	/usr/share/zoneinfo/America/Winnipeg		
a175872efb8aebfb	file	/usr/share/zoneinfo/America/Yakutat		
f8f6601425966356	file	/usr/share/zoneinfo/Antarctica/Casey		
3bcb5c57737fe9c9	file	/usr/share/zoneinfo/Antarctica/Davis		
f70c263c3082e4d3	file	/usr/share/zoneinfo/Antarctica/DumontDUrville		
1fd1275e879b1241	file	/usr/share/zoneinfo/Antarctica/Macquarie		
cb9658af24c3ceef	file	/usr/share/zoneinfo/Antarctica/Mawson		
c453117ca33fe3c0	file	/usr/share/zoneinfo/Antarctica/McMurdo		
3ae8d2e401e2b47d	file	/usr/share/zoneinfo/Antarctica/Palmer		
657dd8a80004ecac	file	/usr/share/zoneinfo/Antarctica/Rothera		
9f7c0c21ad9bf80c	file	/usr/share/zoneinfo/Antarctica/Syowa		
1c65bf2e5407744b	file	/usr/share/zoneinfo/Antarctica/Troll		
236779dec86fca5b	file	/usr/share/zoneinfo/Antarctica/Vostok		
63371b1be752ec90	file	/usr/share/zoneinfo/Asia/Aden		
b2a1a0a2c4e521c1	file	/usr/share/zoneinfo/Asia/Almaty		
e2b920a11f274337	file	/usr/share/zoneinfo/Asia/Amman		
37b3e53c3701b44c	file	/usr/share/zoneinfo/Asia/Anadyr		
1c0a52ef53a4b41e	file	/usr/share/zoneinfo/Asia/Aqtau		
3988816a4ab5ce06	file	/usr/share/zoneinfo/Asia/Aqtobe		
d99807587522ff3c	file	/usr/share/zoneinfo/Asia/Ashgabat		
6de8661aff29128f	file	/usr/share/zoneinfo/Asia/Atyrau		
8a6df1d984e169bc	file	/usr/share/zoneinfo/Asia/Baghdad		
820d40dcc8265899	file	/usr/share/zoneinfo/Asia/Bahrain		
2d77d910c30c68f0	file	/usr/share/zoneinfo/Asia/Baku		
e07383a78d0e5518	file	/usr/share/zoneinfo/Asia/Bangkok		
036ec73ee7c77811	file	/usr/share/zoneinfo/Asia/Barnaul		
21fe69fba6d467dd	file	/usr/share/zoneinfo/Asia/Beirut		
171cdd179ab67009	file	/usr/share/zoneinfo/Asia/Bishkek		
7e21d4b452371da4	file	/usr/share/zoneinfo/Asia/Brunei		
57749f2bb7c901c2	file	/usr/share/zoneinfo/Asia/Chita		
750ef28567978b12	file	/usr/share/zoneinfo/Asia/Colombo		
5ee151ca138d8fb7	file	/usr/share/zoneinfo/Asia/Damascus		
c8aa97253ec156bc	file	/usr/share/zoneinfo/Asia/Dhaka		
ad154b25f564a153	file	/usr/share/zoneinfo/Asia/Dili		
85b3d458af6352b8	file	/usr/share/zoneinfo/Asia/Dubai		
6b41019ecf93e374	file	/usr/share/zoneinfo/Asia/Dushanbe		
3438dabce69c7234	file	/usr/share/zoneinfo/Asia/Famagusta		
a6a8434484d6fe48	file	/usr/share/zoneinfo/Asia/Gaza		
e8f1d6020b96ff2c	file	/usr/share/zoneinfo/Asia/Hebron		
3c1de12d1398863c	file	/usr/share/zoneinfo/Asia/Ho_Chi_Minh		
d85506ac0241a254	file	/usr/share/zoneinfo/Asia/Hong_Kong		
10d143a0d356366a	file	/usr/share/zoneinfo/Asia/Hovd		
b96d45bc4ffc8226	file	/usr/share/zoneinfo/Asia/Irkutsk		
16fad53380c0bf00	file	/usr/share/zoneinfo/Asia/Jakarta		
89498d0ff138d665	file	/usr/share/zoneinfo/Asia/Jayapura		
43d04d70c6b76c21	file	/usr/share/zoneinfo/Asia/Jerusalem		
0e8b582d925d0d9c	file	/usr/share/zoneinfo/Asia/Kabul		
b3598debebf2912a	file	/usr/share/zoneinfo/Asia/Kamchatka		
e8123a825c2689ac	file	/usr/share/zoneinfo/Asia/Karachi		
cdfbbf9719d76728	file	/usr/share/zoneinfo/Asia/Kathmandu		
2313b07f88db767b	file	/usr/share/zoneinfo/Asia/Khandyga		
6f147ed7c106e457	file	/usr/share/zoneinfo/Asia/Kolkata		
68d0e0d209bb3021	file	/usr/share/zoneinfo/Asia/Krasnoyarsk		
0a3e132960041d82	file	/usr/share/zoneinfo/Asia/Kuala_Lumpur		
fbbf1ffbef0b40cb	file	/usr/share/zoneinfo/Asia/Kuching		
21776923df51a211	file	/usr/share/zoneinfo/Asia/Kuwait		
a7d109e3d786c5ba	file	/usr/share/zoneinfo/Asia/Macau		
85857b98a1153267	file	/usr/share/zoneinfo/Asia/Magadan		
b3db82f2a135c11b	file	/usr/share/zoneinfo/Asia/Makassar		
eb308101c28c4133	file	/usr/share/zoneinfo/Asia/Manila		
be119c2eba241c0f	file	/usr/share/zoneinfo/Asia/Muscat		
1b590fa4649616b1	file	/usr/share/zoneinfo/Asia/Nicosia		
406f87a5bedab970	file	/usr/share/zoneinfo/Asia/Novokuznetsk		
60aeef9660085ce2	file	/usr/share/zoneinfo/Asia/Novosibirsk		
fb12f5f92c6e41c7	file	/usr/share/zoneinfo/Asia/Omsk		
35c0105f0705b1dc	file	/usr/share/zoneinfo/Asia/Oral		
512e5e7716e37c2d	file	/usr/share/zoneinfo/Asia/Phnom_Penh		
6c7d7c47d6c536c3	file	/usr/share/zoneinfo/Asia/Pontianak		
6bff62a464942a20	file	/usr/share/zoneinfo/Asia/Pyongyang		
6db75ab8581378a1	file	/usr/share/zoneinfo/Asia/Qatar		
396f87a062328718	file	/usr/share/zoneinfo/Asia/Qostanay		
a35ad925ca98de63	file	/usr/share/zoneinfo/Asia/Qyzylorda		
daad8b27635a829c	file	/usr/share/zoneinfo/Asia/Riyadh		
78fbf7055a9be26c	file	/usr/share/zoneinfo/Asia/Sakhalin		
ca8677f31c685733	file	/usr/share/zoneinfo/Asia/Samarkand		
3d3c41ea8d3aaf68	file	/usr/share/zoneinfo/Asia/Seoul		
9379410189b8187d	file	/usr/share/zoneinfo/Asia/Shanghai		
a3bda494d31333bd	file	/usr/share/zoneinfo/Asia/Singapore		
d07f291df9849946	file	/usr/share/zoneinfo/Asia/Srednekolymsk		
d0598cfe17ee736a	file	/usr/share/zoneinfo/Asia/Taipei		
e866c2c320469589	file	/usr/share/zoneinfo/Asia/Tashkent		
a31f138cd81f9e06	file	/usr/share/zoneinfo/Asia/Tbilisi		
2b3dc8edaded0e11	file	/usr/share/zoneinfo/Asia/Tehran		
425444bcc15e5171	file	/usr/share/zoneinfo/Asia/Thimphu		
8b52acffb345b22e	file	/usr/share/zoneinfo/Asia/Tokyo		
7db7de3a189544ba	file	/usr/share/zoneinfo/Asia/Tomsk		
beca939310ed4141	file	/usr/share/zoneinfo/Asia/Ulaanbaatar		
e3d84d1a545a76b4	file	/usr/share/zoneinfo/Asia/Urumqi		
53a50e3cc2b1314a	file	/usr/share/zoneinfo/Asia/Ust-Nera		
e855cbc7c3544427	file	/usr/share/zoneinfo/Asia/Vientiane		
2b5829823505dc4a	file	/usr/share/zoneinfo/Asia/Vladivostok		
893304b9c5afa113	file	/usr/share/zoneinfo/Asia/Yakutsk		
4108ad755f22c73d	file	/usr/share/zoneinfo/Asia/Yangon		
7c9499e8414ae510	file	/usr/share/zoneinfo/Asia/Yekaterinburg		
f467924bc3fb9392	file	/usr/share/zoneinfo/Asia/Yerevan		
4a778bc4c7132d67	file	/usr/share/zoneinfo/Atlantic/Azores		
16ea34ab94a450a6	file	/usr/share/zoneinfo/Atlantic/Bermuda		
7b446db1de31429d	file	/usr/share/zoneinfo/Atlantic/Canary		
a7b1645344b01aad	file	/usr/share/zoneinfo/Atlantic/Cape_Verde		
2aa1923076d1c604	file	/usr/share/zoneinfo/Atlantic/Faroe		
223ba8038ffb54b9	file	/usr/share/zoneinfo/Atlantic/Madeira		
d76142ba07c9daa5	file	/usr/share/zoneinfo/Atlantic/Reykjavik		
b3d8bcf90fc651e5	file	/usr/share/zoneinfo/Atlantic/South_Georgia		
83b307895cc18875	file	/usr/share/zoneinfo/Atlantic/St_Helena		
b3e81f82e2626a11	file	/usr/share/zoneinfo/Atlantic/Stanley		
b2873622de9440c5	file	/usr/share/zoneinfo/Australia/Adelaide		
344baf019984efb0	file	/usr/share/zoneinfo/Australia/Brisbane		
9a00c1f88ae42742	file	/usr/share/zoneinfo/Australia/Broken_Hill		
d4dbfa4504a332ff	file	/usr/share/zoneinfo/Australia/Darwin		
a7cdc15e9d200c71	file	/usr/share/zoneinfo/Australia/Eucla		
f9bbbbadf6382bb7	file	/usr/share/zoneinfo/Australia/Hobart		
bc26d6b77cfac545	file	/usr/share/zoneinfo/Australia/Lindeman		
0886a6c73417f3c9	file	/usr/share/zoneinfo/Australia/Lord_Howe		
fc3ef946f5db1511	file	/usr/share/zoneinfo/Australia/Melbourne		
c52db572be21f1de	file	/usr/share/zoneinfo/Australia/Perth		
e0245718538f35b6	file	/usr/share/zoneinfo/Australia/Sydney		
249cb5cf661f412c	file	/usr/share/zoneinfo/CET		
24d7541639a33d5b	file	/usr/share/zoneinfo/CST6CDT		
731dcb500ee9d9b1	file	/usr/share/zoneinfo/EET		
e6661bf02cdfa68f	file	/usr/share/zoneinfo/EST		
3dce6da9dd653ef9	file	/usr/share/zoneinfo/EST5EDT		
1837b77d15062f41	file	/usr/share/zoneinfo/Etc/GMT		
67afdf41c1b967ca	file	/usr/share/zoneinfo/Etc/GMT+1		
ee30d85668fb2c16	file	/usr/share/zoneinfo/Etc/GMT+10		
21fa828b02c6e1c3	file	/usr/share/zoneinfo/Etc/GMT+11		
d43e6ed375895386	file	/usr/share/zoneinfo/Etc/GMT+12		
93a46d0555871cbd	file	/usr/share/zoneinfo/Etc/GMT+2		
8ff87d3a86e17bf6	file	/usr/share/zoneinfo/Etc/GMT+3		
882734b2e561471c	file	/usr/share/zoneinfo/Etc/GMT+4		
8ba5f67427dab91f	file	/usr/share/zoneinfo/Etc/GMT+5		
6442ff4a697d6f92	file	/usr/share/zoneinfo/Etc/GMT+6		
411f6f689dcef6d0	file	/usr/share/zoneinfo/Etc/GMT+7		
935ae685d2cda965	file	/usr/share/zoneinfo/Etc/GMT+8		
76fac476658cd74e	file	/usr/share/zoneinfo/Etc/GMT+9		
77427e098bffbf7c	file	/usr/share/zoneinfo/Etc/GMT-1		
b8949893fb31e227	file	/usr/share/zoneinfo/Etc/GMT-10		
7ef487f739b9a018	file	/usr/share/zoneinfo/Etc/GMT-11		
3b88019090dda20b	file	/usr/share/zoneinfo/Etc/GMT-12		
5bb7ebb7d8c6a644	file	/usr/share/zoneinfo/Etc/GMT-13		
da26f254da66bdc1	file	/usr/share/zoneinfo/Etc/GMT-14		
e7591d48da395cc5	file	/usr/share/zoneinfo/Etc/GMT-2		
c957476bcdda9aff	file	/usr/share/zoneinfo/Etc/GMT-3		
e42ad280ce1eb391	file	/usr/share/zoneinfo/Etc/GMT-4		
f13d5046a7cd7a40	file	/usr/share/zoneinfo/Etc/GMT-5		
8fec944f452dae5e	file	/usr/share/zoneinfo/Etc/GMT-6		
489e123074323089	file	/usr/share/zoneinfo/Etc/GMT-7		
2a530117b894659f	file	/usr/share/zoneinfo/Etc/GMT-8		
a93ef634625ab6d8	file	/usr/share/zoneinfo/Etc/GMT-9		
cbc653e2f62e35f3	file	/usr/share/zoneinfo/Etc/UTC		
f33eefe2f7a6f019	file	/usr/share/zoneinfo/Europe/Amsterdam		
2d48fa22b5c73fa7	file	/usr/share/zoneinfo/Europe/Andorra		
97e5d8f1e714913e	file	/usr/share/zoneinfo/Europe/Astrakhan		
cc43b004ea619e05	file	/usr/share/zoneinfo/Europe/Athens		
913bcf033a104f21	file	/usr/share/zoneinfo/Europe/Belgrade		
afe2e4bb82b8a377	file	/usr/share/zoneinfo/Europe/Berlin		
694c8c70b5376ae5	file	/usr/share/zoneinfo/Europe/Brussels		
f28168a48226237b	file	/usr/share/zoneinfo/Europe/Bucharest		
d652fa377e391e08	file	/usr/share/zoneinfo/Europe/Budapest		
2296276df9b32fae	file	/usr/share/zoneinfo/Europe/Chisinau		
79f693848fe7e114	file	/usr/share/zoneinfo/Europe/Copenhagen		
9f7fbfc6ea85f65f	file	/usr/share/zoneinfo/Europe/Dublin		
2196680c11c930cb	file	/usr/share/zoneinfo/Europe/Gibraltar		
4ca73204c202b04b	file	/usr/share/zoneinfo/Europe/Guernsey		
7e1d3ec142713771	file	/usr/share/zoneinfo/Europe/Helsinki		
ae3344ff2e17fb37	file	/usr/share/zoneinfo/Europe/Isle_of_Man		
9953d90bede3a1f3	file	/usr/share/zoneinfo/Europe/Istanbul		
5370f1759f57c95f	file	/usr/share/zoneinfo/Europe/Jersey		
b3cd574607508be3	file	/usr/share/zoneinfo/Europe/Kaliningrad		
84583bb750d762f3	file	/usr/share/zoneinfo/Europe/Kirov		
e63b7513169c5418	file	/usr/share/zoneinfo/Europe/Kyiv		
e7e778cd0652398f	file	/usr/share/zoneinfo/Europe/Lisbon		
1cde379bb1be8fd9	file	/usr/share/zoneinfo/Europe/Ljubljana		
33063d9796190984	file	/usr/share/zoneinfo/Europe/London		
9e9ec1ce3104ef23	file	/usr/share/zoneinfo/Europe/Luxembourg		
59136e445713f24c	file	/usr/share/zoneinfo/Europe/Madrid		
a4439d90d3279250	file	/usr/share/zoneinfo/Europe/Malta		
adb72829833feda6	file	/usr/share/zoneinfo/Europe/Minsk		
86332217831fae76	file	/usr/share/zoneinfo/Europe/Monaco		
91e6f9bd8d999f4a	file	/usr/share/zoneinfo/Europe/Moscow		
5ef28ea3370d2388	file	/usr/share/zoneinfo/Europe/Oslo		
3f000d3be2987833	file	/usr/share/zoneinfo/Europe/Paris		
a88c00b35d1189d6	file	/usr/share/zoneinfo/Europe/Prague		
e32da60ff71965b5	file	/usr/share/zoneinfo/Europe/Riga		
1b0757a730891378	file	/usr/share/zoneinfo/Europe/Rome		
779d136749e26d35	file	/usr/share/zoneinfo/Europe/Samara		
495e692881f961f0	file	/usr/share/zoneinfo/Europe/Sarajevo		
9e7a79e9fda88019	file	/usr/share/zoneinfo/Europe/Saratov		
5519fedf7708afd6	file	/usr/share/zoneinfo/Europe/Simferopol		
f4c4d1626d4d25aa	file	/usr/share/zoneinfo/Europe/Skopje		
b25295d157ba032f	file	/usr/share/zoneinfo/Europe/Sofia		
cbf23df46a41519f	file	/usr/share/zoneinfo/Europe/Stockholm		
d27635b9e6e5f3f3	file	/usr/share/zoneinfo/Europe/Tallinn		
acc61726240014bf	file	/usr/share/zoneinfo/Europe/Tirane		
2f2ee97063218da7	file	/usr/share/zoneinfo/Europe/Ulyanovsk		
84d8037f8d630d07	file	/usr/share/zoneinfo/Europe/Vaduz		
979fd340a0240658	file	/usr/share/zoneinfo/Europe/Vienna		
c2875a12047e65bd	file	/usr/share/zoneinfo/Europe/Vilnius		
d050a3eced7e8a99	file	/usr/share/zoneinfo/Europe/Volgograd		
44d81c530420ccae	file	/usr/share/zoneinfo/Europe/Warsaw		
ecf772a8d1b6da8b	file	/usr/share/zoneinfo/Europe/Zagreb		
f27dd5f0dab6015d	file	/usr/share/zoneinfo/Europe/Zurich		
fe50f110b433333b	file	/usr/share/zoneinfo/Factory		
1e9adf9909df600a	file	/usr/share/zoneinfo/HST		
8a65f96772b7540f	file	/usr/share/zoneinfo/Indian/Antananarivo		
4516e9fed5074e1c	file	/usr/share/zoneinfo/Indian/Chagos		
ec5344d5c6819696	file	/usr/share/zoneinfo/Indian/Christmas		
37c5579bb7fdf448	file	/usr/share/zoneinfo/Indian/Cocos		
8f24495dcefb268c	file	/usr/share/zoneinfo/Indian/Comoro		
6e7a3e9943ebe87e	file	/usr/share/zoneinfo/Indian/Kerguelen		
0aff52f1a9f579f3	file	/usr/share/zoneinfo/Indian/Mahe		
0e3361e71566b1c1	file	/usr/share/zoneinfo/Indian/Maldives		
c903e62a2912b276	file	/usr/share/zoneinfo/Indian/Mauritius		
de381a9f79010ae1	file	/usr/share/zoneinfo/Indian/Mayotte		
31e638de600c549e	file	/usr/share/zoneinfo/Indian/Reunion		
04d8c04c69ed7f17	file	/usr/share/zoneinfo/MET		
8d391e2506da2f10	file	/usr/share/zoneinfo/MST		
fb7db86184619808	file	/usr/share/zoneinfo/MST7MDT		
f6dd31a922eb7fc1	file	/usr/share/zoneinfo/PST8PDT		
0498db9886199701	file	/usr/share/zoneinfo/Pacific/Apia		
37c861f460e66c8e	file	/usr/share/zoneinfo/Pacific/Auckland		
16594ea35b45728c	file	/usr/share/zoneinfo/Pacific/Bougainville		
015c1e20ce5664c3	file	/usr/share/zoneinfo/Pacific/Chatham		
af4a0dbdb471b144	file	/usr/share/zoneinfo/Pacific/Chuuk		
7fe90609bbf28b51	file	/usr/share/zoneinfo/Pacific/Easter		
64319f3b69d170fd	file	/usr/share/zoneinfo/Pacific/Efate		
026f65ce1fd8d1f9	file	/usr/share/zoneinfo/Pacific/Fakaofo		
c68ae594abd01431	file	/usr/share/zoneinfo/Pacific/Fiji		
45577f424d9d76b3	file	/usr/share/zoneinfo/Pacific/Funafuti		
fd9ce57801f73a63	file	/usr/share/zoneinfo/Pacific/Galapagos		
303c73167252b8b8	file	/usr/share/zoneinfo/Pacific/Gambier		
ecc23337f86b34c8	file	/usr/share/zoneinfo/Pacific/Guadalcanal		
51f22af973cce997	file	/usr/share/zoneinfo/Pacific/Guam		
4b49c7df10944ebc	file	/usr/share/zoneinfo/Pacific/Honolulu		
055ab1ea2a3aa4cc	file	/usr/share/zoneinfo/Pacific/Kanton		
b3a5eeb5d10d808e	file	/usr/share/zoneinfo/Pacific/Kiritimati		
dc1aee8860cb1f05	file	/usr/share/zoneinfo/Pacific/Kosrae		
ff800d4fc4da1fb4	file	/usr/share/zoneinfo/Pacific/Kwajalein		
bceb18137743ea39	file	/usr/share/zoneinfo/Pacific/Majuro		
be6b0fde21aa514b	file	/usr/share/zoneinfo/Pacific/Marquesas		
f1462624e6321062	file	/usr/share/zoneinfo/Pacific/Midway		
7ef1feca5499f621	file	/usr/share/zoneinfo/Pacific/Nauru		
7dc63234adbf777d	file	/usr/share/zoneinfo/Pacific/Niue		
733f67e1c63f8ed6	file	/usr/share/zoneinfo/Pacific/Norfolk		
8eb13df0b837b480	file	/usr/share/zoneinfo/Pacific/Noumea		
2ba4b7a6d5cc8981	file	/usr/share/zoneinfo/Pacific/Pago_Pago		
32f2a8230cf780ce	file	/usr/share/zoneinfo/Pacific/Palau		
37d8e928131b15ca	file	/usr/share/zoneinfo/Pacific/Pitcairn		
8eaf90ceed6cc06f	file	/usr/share/zoneinfo/Pacific/Pohnpei		
b1ae1575d67bfff5	file	/usr/share/zoneinfo/Pacific/Port_Moresby		
9de82a50396facbb	file	/usr/share/zoneinfo/Pacific/Rarotonga		
f0eca010253e6742	file	/usr/share/zoneinfo/Pacific/Saipan		
e3995f1a9e355889	file	/usr/share/zoneinfo/Pacific/Tahiti		
58e790aa2b6d5e34	file	/usr/share/zoneinfo/Pacific/Tarawa		
c8a3f17b4df52a48	file	/usr/share/zoneinfo/Pacific/Tongatapu		
01f9bb7d3861197e	file	/usr/share/zoneinfo/Pacific/Wake		
2f98fc805e24a87b	file	/usr/share/zoneinfo/Pacific/Wallis		
2dd55a2117ec600d	file	/usr/share/zoneinfo/WET		
fd2eeedcabe81d7f	file	/usr/share/zoneinfo/iso3166.tab		
f03e8a2fe716ce17	file	/usr/share/zoneinfo/leap-seconds.list		
46ff1c8948d3f97e	file	/usr/share/zoneinfo/leapseconds		
2c09f2e3035b355b	file	/usr/share/zoneinfo/right/Africa/Abidjan		
32ec2109e64be554	file	/usr/share/zoneinfo/right/Africa/Accra		
43936a04d5989c78	file	/usr/share/zoneinfo/right/Africa/Addis_Ababa		
5723c34b923e62c4	file	/usr/share/zoneinfo/right/Africa/Algiers		
676e919c5177e331	file	/usr/share/zoneinfo/right/Africa/Asmara		
dae929ab6adf5873	file	/usr/share/zoneinfo/right/Africa/Bamako		
9c5e73df8d198a83	file	/usr/share/zoneinfo/right/Africa/Bangui		
dcc000c66617470e	file	/usr/share/zoneinfo/right/Africa/Banjul		
8e8b3f9bcdabcb56	file	/usr/share/zoneinfo/right/Africa/Bissau		
4a5e6d513f31ea32	file	/usr/share/zoneinfo/right/Africa/Blantyre		
c1543511d0f8e7c3	file	/usr/share/zoneinfo/right/Africa/Brazzaville		
3a84da58027a2812	file	/usr/share/zoneinfo/right/Africa/Bujumbura		
833f5db4ba64f2ea	file	/usr/share/zoneinfo/right/Africa/Cairo		
55bdccd6398ee0a2	file	/usr/share/zoneinfo/right/Africa/Casablanca		
fcc54f8e0f436041	file	/usr/share/zoneinfo/right/Africa/Ceuta		
1bef19f487f06b7f	file	/usr/share/zoneinfo/right/Africa/Conakry		
d2920caf85f66b01	file	/usr/share/zoneinfo/right/Africa/Dakar		
6ae0197c2ec00b45	file	/usr/share/zoneinfo/right/Africa/Dar_es_Salaam		
7cf023ee599fe907	file	/usr/share/zoneinfo/right/Africa/Djibouti		
a185e242133a6ba8	file	/usr/share/zoneinfo/right/Africa/Douala		
5d41b92168446853	file	/usr/share/zoneinfo/right/Africa/El_Aaiun		
08a47226be5500aa	file	/usr/share/zoneinfo/right/Africa/Freetown		
c057efe1780216a9	file	/usr/share/zoneinfo/right/Africa/Gaborone		
06e033a669f3974e	file	/usr/share/zoneinfo/right/Africa/Harare		
53fead415170023d	file	/usr/share/zoneinfo/right/Africa/Johannesburg		
bf43e5a915442208	file	/usr/share/zoneinfo/right/Africa/Juba		
afefd1fafe9025a6	file	/usr/share/zoneinfo/right/Africa/Kampala		
2b234b0210ab5c56	file	/usr/share/zoneinfo/right/Africa/Khartoum		
c0e6315d99c18fe0	file	/usr/share/zoneinfo/right/Africa/Kigali		
e68090fab16879e7	file	/usr/share/zoneinfo/right/Africa/Kinshasa		
896de1959a3c9e52	file	/usr/share/zoneinfo/right/Africa/Lagos		
1b46008989f00959	file	/usr/share/zoneinfo/right/Africa/Libreville		
ed784bee1c7fcf17	file	/usr/share/zoneinfo/right/Africa/Lome		
ff14b1003b19c3d8	file	/usr/share/zoneinfo/right/Africa/Luanda		
b9c74803c1aad021	file	/usr/share/zoneinfo/right/Africa/Lubumbashi		
950c8e3acafed9c7	file	/usr/share/zoneinfo/right/Africa/Lusaka		
ecb392623e2daed8	file	/usr/share/zoneinfo/right/Africa/Malabo		
42fd861c2af70bfd	file	/usr/share/zoneinfo/right/Africa/Maputo		
2e6039c210ef5fb8	file	/usr/share/zoneinfo/right/Africa/Maseru		
811b8055812cd7ba	file	/usr/share/zoneinfo/right/Africa/Mbabane		
25ff0146e5939500	file	/usr/share/zoneinfo/right/Africa/Mogadishu		
346bfd4680682d03	file	/usr/share/zoneinfo/right/Africa/Monrovia		
590252ac34122cf4	file	/usr/share/zoneinfo/right/Africa/Nairobi		
cac9298a714e3ecb	file	/usr/share/zoneinfo/right/Africa/Ndjamena		
7eb91c8c659b3268	file	/usr/share/zoneinfo/right/Africa/Niamey		
552844c3c6c4bfb8	file	/usr/share/zoneinfo/right/Africa/Nouakchott		
afdc68a6e20f7329	file	/usr/share/zoneinfo/right/Africa/Ouagadougou		
e70fc1bbd925982d	file	/usr/share/zoneinfo/right/Africa/Porto-Novo		
c44ee53cb039426b	file	/usr/share/zoneinfo/right/Africa/Sao_Tome		
495061423c6b141c	file	/usr/share/zoneinfo/right/Africa/Tripoli		
5719e97cf9e30afb	file	/usr/share/zoneinfo/right/Africa/Tunis		
10782e38c343b2e5	file	/usr/share/zoneinfo/right/Africa/Windhoek		
e0a9b63295f3359d	file	/usr/share/zoneinfo/right/America/Adak		
98a90fe7ef703afb	file	/usr/share/zoneinfo/right/America/Anchorage		
480106ba41b46062	file	/usr/share/zoneinfo/right/America/Anguilla		
af1c88b082fdc4f9	file	/usr/share/zoneinfo/right/America/Antigua		
ba8768dee0889fe2	file	/usr/share/zoneinfo/right/America/Araguaina		
166c27e22e1b19d1	file	/usr/share/zoneinfo/right/America/Argentina/Buenos_Aires		
d0e8cc993bee205f	file	/usr/share/zoneinfo/right/America/Argentina/Catamarca		
53df7d5bd9ae8375	file	/usr/share/zoneinfo/right/America/Argentina/Cordoba		
6da3c30f86d2d5cd	file	/usr/share/zoneinfo/right/America/Argentina/Jujuy		
942abbb2202a2fdc	file	/usr/share/zoneinfo/right/America/Argentina/La_Rioja		
f72089c31b045c03	file	/usr/share/zoneinfo/right/America/Argentina/Mendoza		
9fda1eb2245263c7	file	/usr/share/zoneinfo/right/America/Argentina/Rio_Gallegos		
44760f4480611b12	file	/usr/share/zoneinfo/right/America/Argentina/Salta		
9cff40b7c8f660f5	file	/usr/share/zoneinfo/right/America/Argentina/San_Juan		
70f203c0a56fab41	file	/usr/share/zoneinfo/right/America/Argentina/San_Luis		
4016a9f115c2d7ac	file	/usr/share/zoneinfo/right/America/Argentina/Tucuman		
9974645da7a382fe	file	/usr/share/zoneinfo/right/America/Argentina/Ushuaia		
d0dc5a095e7a53fd	file	/usr/share/zoneinfo/right/America/Aruba		
8802ee75c39189dd	file	/usr/share/zoneinfo/right/America/Asuncion		
dabe3967f1c2f947	file	/usr/share/zoneinfo/right/America/Atikokan		
68cf4c4cc4ca9e5c	file	/usr/share/zoneinfo/right/America/Bahia		
7b2efdc6406258cd	file	/usr/share/zoneinfo/right/America/Bahia_Banderas		
d58e3feedb4582e4	file	/usr/share/zoneinfo/right/America/Barbados		
7e3cd69ebcb60fe4	file	/usr/share/zoneinfo/right/America/Belem		
63de29a3f5266c8a	file	/usr/share/zoneinfo/right/America/Belize		
344c83478551cccd	file	/usr/share/zoneinfo/right/America/Blanc-Sablon		
9ebf180bd56677cd	file	/usr/share/zoneinfo/right/America/Boa_Vista		
31224b1972b598c7	file	/usr/share/zoneinfo/right/America/Bogota		
2cf895a330ba570b	file	/usr/share/zoneinfo/right/America/Boise		
3ece316baa3bf640	file	/usr/share/zoneinfo/right/America/Cambridge_Bay		
86061efd808b3df7	file	/usr/share/zoneinfo/right/America/Campo_Grande		
c696aeae3ef7bfd2	file	/usr/share/zoneinfo/right/America/Cancun		
0ba47e3e43775ecc	file	/usr/share/zoneinfo/right/America/Caracas		
8208cc4aa4164832	file	/usr/share/zoneinfo/right/America/Cayenne		
be7d730163979e59	file	/usr/share/zoneinfo/right/America/Cayman		
7046ca74d04f416b	file	/usr/share/zoneinfo/right/America/Chicago		
ce0a1be3ace01c86	file	/usr/share/zoneinfo/right/America/Chihuahua		
d29fcdca46a878c2	file	/usr/share/zoneinfo/right/America/Ciudad_Juarez		
aa9d361fa16379a0	file	/usr/share/zoneinfo/right/America/Costa_Rica		
815cc19113879ddc	file	/usr/share/zoneinfo/right/America/Coyhaique		
02652ce320fe5b63	file	/usr/share/zoneinfo/right/America/Creston		
f1af4e5401395709	file	/usr/share/zoneinfo/right/America/Cuiaba		
4419224cf565bdd3	file	/usr/share/zoneinfo/right/America/Curacao		
5754d4b489174225	file	/usr/share/zoneinfo/right/America/Danmarkshavn		
cae4b87df494e7d9	file	/usr/share/zoneinfo/right/America/Dawson		
5ee3837e1aed8a17	file	/usr/share/zoneinfo/right/America/Dawson_Creek		
76a069cd6a1d6111	file	/usr/share/zoneinfo/right/America/Denver		
f4b3a422436bb957	file	/usr/share/zoneinfo/right/America/Detroit		
66041fef1cdfcbfd	file	/usr/share/zoneinfo/right/America/Dominica		
5e136c71b1862d80	file	/usr/share/zoneinfo/right/America/Edmonton		
6a7921f9715f5ccf	file	/usr/share/zoneinfo/right/America/Eirunepe		
63b859833829ce6e	file	/usr/share/zoneinfo/right/America/El_Salvador		
d59c075eff856684	file	/usr/share/zoneinfo/right/America/Fort_Nelson		
e37b385b05617783	file	/usr/share/zoneinfo/right/America/Fortaleza		
97f4c5d7e5c9a314	file	/usr/share/zoneinfo/right/America/Glace_Bay		
ee68081b502ca6c6	file	/usr/share/zoneinfo/right/America/Goose_Bay		
ca683aacbcec5e92	file	/usr/share/zoneinfo/right/America/Grand_Turk		
d3134c79253b26b8	file	/usr/share/zoneinfo/right/America/Grenada		
96e4ebbfc7cf5d58	file	/usr/share/zoneinfo/right/America/Guadeloupe		
786cf6bc3355277c	file	/usr/share/zoneinfo/right/America/Guatemala		
7a9d872f675e92df	file	/usr/share/zoneinfo/right/America/Guayaquil		
823954f571e3888a	file	/usr/share/zoneinfo/right/America/Guyana		
672d9119506dac55	file	/usr/share/zoneinfo/right/America/Halifax		
a56bc33e3c8a03f9	file	/usr/share/zoneinfo/right/America/Havana		
0603ee8d69ebaeb5	file	/usr/share/zoneinfo/right/America/Hermosillo		
f09a8c4798e06e1e	file	/usr/share/zoneinfo/right/America/Indiana/Indianapolis		
34ac185f9adf2ae5	file	/usr/share/zoneinfo/right/America/Indiana/Knox		
c9a7cd78ffa2d769	file	/usr/share/zoneinfo/right/America/Indiana/Marengo		
00620d6341dab627	file	/usr/share/zoneinfo/right/America/Indiana/Petersburg		
10cda274b12685e9	file	/usr/share/zoneinfo/right/America/Indiana/Tell_City		
15ded300e13f620a	file	/usr/share/zoneinfo/right/America/Indiana/Vevay		
dae117cc8f764301	file	/usr/share/zoneinfo/right/America/Indiana/Vincennes		
c50ebed483913df4	file	/usr/share/zoneinfo/right/America/Indiana/Winamac		
d05f563a7fdb88c5	file	/usr/share/zoneinfo/right/America/Inuvik		
69f0af026ab60eff	file	/usr/share/zoneinfo/right/America/Iqaluit		
1ef797dfd798f257	file	/usr/share/zoneinfo/right/America/Jamaica		
1f54880beef6ab24	file	/usr/share/zoneinfo/right/America/Juneau		
e6c5c8820c87fbe9	file	/usr/share/zoneinfo/right/America/Kentucky/Louisville		
710d89accbce388e	file	/usr/share/zoneinfo/right/America/Kentucky/Monticello		
8118fb768d421b60	file	/usr/share/zoneinfo/right/America/La_Paz		
ecaff51ac60d18f8	file	/usr/share/zoneinfo/right/America/Lima		
3ff540a8bfd5d3ed	file	/usr/share/zoneinfo/right/America/Los_Angeles		
aced7c030ee158c1	file	/usr/share/zoneinfo/right/America/Maceio		
458f05fabf6c7f09	file	/usr/share/zoneinfo/right/America/Managua		
5bece25d990525b4	file	/usr/share/zoneinfo/right/America/Manaus		
04ab70a08d53a543	file	/usr/share/zoneinfo/right/America/Martinique		
434b65f4c3fda90a	file	/usr/share/zoneinfo/right/America/Matamoros		
aaad7740883d284c	file	/usr/share/zoneinfo/right/America/Mazatlan		
45697d0c7693a6f3	file	/usr/share/zoneinfo/right/America/Menominee		
f810560d6a536aa3	file	/usr/share/zoneinfo/right/America/Merida		
2f79438ed284d6e1	file	/usr/share/zoneinfo/right/America/Metlakatla		
bf98ac1b5ce5c047	file	/usr/share/zoneinfo/right/America/Mexico_City		
9a602979424b930e	file	/usr/share/zoneinfo/right/America/Miquelon		
c308cd0c47d1c667	file	/usr/share/zoneinfo/right/America/Moncton		
d3a366a856f3e506	file	/usr/share/zoneinfo/right/America/Monterrey		
a86a76ff2411c958	file	/usr/share/zoneinfo/right/America/Montevideo		
abf1e739d980be84	file	/usr/share/zoneinfo/right/America/Montserrat		
736d3a9fc591f1be	file	/usr/share/zoneinfo/right/America/Nassau		
28cf3595383a7c71	file	/usr/share/zoneinfo/right/America/New_York		
7653995d44fff3da	file	/usr/share/zoneinfo/right/America/Nome		
2c6d646e5adeea20	file	/usr/share/zoneinfo/right/America/Noronha		
db0bb7fa989da136	file	/usr/share/zoneinfo/right/America/North_Dakota/Beulah		
6d06f183b7ef63db	file	/usr/share/zoneinfo/right/America/North_Dakota/Center		
f0a32cb8afc1d67d	file	/usr/share/zoneinfo/right/America/North_Dakota/New_Salem		
1bec7dbef7c181cd	file	/usr/share/zoneinfo/right/America/Nuuk		
a30221ca9560393b	file	/usr/share/zoneinfo/right/America/Ojinaga		
9ffcc53b03e85dbe	file	/usr/share/zoneinfo/right/America/Panama		
5842146a24441ca4	file	/usr/share/zoneinfo/right/America/Paramaribo		
40b1f7001f040db4	file	/usr/share/zoneinfo/right/America/Phoenix		
d21373376f606cbe	file	/usr/share/zoneinfo/right/America/Port-au-Prince		
93bc1506191a4d0f	file	/usr/share/zoneinfo/right/America/Port_of_Spain		
17079b1f20d3c5b4	file	/usr/share/zoneinfo/right/America/Porto_Velho		
5ab40e8bc4a9fca6	file	/usr/share/zoneinfo/right/America/Puerto_Rico		
30473924032d5a97	file	/usr/share/zoneinfo/right/America/Punta_Arenas		
7d80d9f62e58d3f9	file	/usr/share/zoneinfo/right/America/Rankin_Inlet		
5571e487d4c39fa1	file	/usr/share/zoneinfo/right/America/Recife		
c3a2e84d13c7a3d8	file	/usr/share/zoneinfo/right/America/Regina		
028f4fcf9b010da0	file	/usr/share/zoneinfo/right/America/Resolute		
7ee9df1c06788411	file	/usr/share/zoneinfo/right/America/Rio_Branco		
2f12d97c315a7eef	file	/usr/share/zoneinfo/right/America/Santarem		
3d637c5aea906f1d	file	/usr/share/zoneinfo/right/America/Santiago		
a041f74cbc6014db	file	/usr/share/zoneinfo/right/America/Santo_Domingo		
8877714333e06819	file	/usr/share/zoneinfo/right/America/Sao_Paulo		
05ef4adfe31822b1	file	/usr/share/zoneinfo/right/America/Scoresbysund		
0760c7ba5b2813d8	file	/usr/share/zoneinfo/right/America/Sitka		
052f54b9f880a526	file	/usr/share/zoneinfo/right/America/St_Johns		
23d041384c9c7676	file	/usr/share/zoneinfo/right/America/St_Kitts		
d96c3787c376ed9f	file	/usr/share/zoneinfo/right/America/St_Lucia		
da6cedc3e166f368	file	/usr/share/zoneinfo/right/America/St_Thomas		
67714e16b09063b9	file	/usr/share/zoneinfo/right/America/St_Vincent		
701eb757f1a68f7a	file	/usr/share/zoneinfo/right/America/Swift_Current		
71a484c734501458	file	/usr/share/zoneinfo/right/America/Tegucigalpa		
bffce33e59ab1247	file	/usr/share/zoneinfo/right/America/Thule		
beb82439614efe9d	file	/usr/share/zoneinfo/right/America/Tijuana		
9b1104bd963670cc	file	/usr/share/zoneinfo/right/America/Toronto		
02eca7efda0d40ae	file	/usr/share/zoneinfo/right/America/Tortola		
582f7b2de280a967	file	/usr/share/zoneinfo/right/America/Vancouver		
83705e3863affa6c	file	/usr/share/zoneinfo/right/America/Whitehorse		
105c21bbc4c860f6	file	/usr/share/zoneinfo/right/America/Winnipeg		
79ccbaf72add3ddb	file	/usr/share/zoneinfo/right/America/Yakutat		
8df1489b69361d14	file	/usr/share/zoneinfo/right/Antarctica/Casey		
821159140f28b376	file	/usr/share/zoneinfo/right/Antarctica/Davis		
92cb63b9afaa6925	file	/usr/share/zoneinfo/right/Antarctica/DumontDUrville		
db8c63da954c8710	file	/usr/share/zoneinfo/right/Antarctica/Macquarie		
04a2b83507b7a79b	file	/usr/share/zoneinfo/right/Antarctica/Mawson		
a1336eb4c6f7b2ce	file	/usr/share/zoneinfo/right/Antarctica/McMurdo		
99b960ee01d96ba6	file	/usr/share/zoneinfo/right/Antarctica/Palmer		
fe954f2b0fe215db	file	/usr/share/zoneinfo/right/Antarctica/Rothera		
c4d2d9b7bb8b1656	file	/usr/share/zoneinfo/right/Antarctica/Syowa		
9700e856958177a0	file	/usr/share/zoneinfo/right/Antarctica/Troll		
f728073e653663f0	file	/usr/share/zoneinfo/right/Antarctica/Vostok		
9989e8aaaba909d4	file	/usr/share/zoneinfo/right/Asia/Aden		
d5577ce1d57b037a	file	/usr/share/zoneinfo/right/Asia/Almaty		
4aa1d4caa8c05673	file	/usr/share/zoneinfo/right/Asia/Amman		
8a0a1b53e9efcfb8	file	/usr/share/zoneinfo/right/Asia/Anadyr		
92c6ae153747b87c	file	/usr/share/zoneinfo/right/Asia/Aqtau		
4f7275081a46e1f0	file	/usr/share/zoneinfo/right/Asia/Aqtobe		
c1ce205a68a4b4a0	file	/usr/share/zoneinfo/right/Asia/Ashgabat		
9302fd1150723032	file	/usr/share/zoneinfo/right/Asia/Atyrau		
a7154eafcc205f20	file	/usr/share/zoneinfo/right/Asia/Baghdad		
d7ffed4fef14c365	file	/usr/share/zoneinfo/right/Asia/Bahrain		
89a8af36b9733418	file	/usr/share/zoneinfo/right/Asia/Baku		
c987bf9d0d6d4133	file	/usr/share/zoneinfo/right/Asia/Bangkok		
e60854a4ab23fdf1	file	/usr/share/zoneinfo/right/Asia/Barnaul		
35fa254f40a4e4ce	file	/usr/share/zoneinfo/right/Asia/Beirut		
c55920a174a810da	file	/usr/share/zoneinfo/right/Asia/Bishkek		
833f4a10ae14bfc4	file	/usr/share/zoneinfo/right/Asia/Brunei		
fce9213c8baf3b51	file	/usr/share/zoneinfo/right/Asia/Chita		
37a83db43d3a8150	file	/usr/share/zoneinfo/right/Asia/Colombo		
e0aee3cb99f0490a	file	/usr/share/zoneinfo/right/Asia/Damascus		
05730c4e1d886c75	file	/usr/share/zoneinfo/right/Asia/Dhaka		
1e827b31b7d22da3	file	/usr/share/zoneinfo/right/Asia/Dili		
ae9d1a681679c9a5	file	/usr/share/zoneinfo/right/Asia/Dubai		
1c6e3f16bc3af800	file	/usr/share/zoneinfo/right/Asia/Dushanbe		
a3da2181217e6b41	file	/usr/share/zoneinfo/right/Asia/Famagusta		
e4d2ff2be39a7ffb	file	/usr/share/zoneinfo/right/Asia/Gaza		
75e684f68e90b0e0	file	/usr/share/zoneinfo/right/Asia/Hebron		
3768a00fcec01fcd	file	/usr/share/zoneinfo/right/Asia/Ho_Chi_Minh		
2dd8998f97035387	file	/usr/share/zoneinfo/right/Asia/Hong_Kong		
3a1b5f05cb8233f0	file	/usr/share/zoneinfo/right/Asia/Hovd		
daedd3ae5a44b41b	file	/usr/share/zoneinfo/right/Asia/Irkutsk		
3b2c8acf7a7f9392	file	/usr/share/zoneinfo/right/Asia/Jakarta		
558d66f339e7da7b	file	/usr/share/zoneinfo/right/Asia/Jayapura		
66f31d8ee50d7d04	file	/usr/share/zoneinfo/right/Asia/Jerusalem		
838510231a0687d7	file	/usr/share/zoneinfo/right/Asia/Kabul		
bd53a430f6fd4582	file	/usr/share/zoneinfo/right/Asia/Kamchatka		
576241a690a3fdb5	file	/usr/share/zoneinfo/right/Asia/Karachi		
a93d70806a4d7415	file	/usr/share/zoneinfo/right/Asia/Kathmandu		
8369dbf2d92c4d61	file	/usr/share/zoneinfo/right/Asia/Khandyga		
78e588fc8389caf5	file	/usr/share/zoneinfo/right/Asia/Kolkata		
783b46fe1785c504	file	/usr/share/zoneinfo/right/Asia/Krasnoyarsk		
32543f8ff1ff9520	file	/usr/share/zoneinfo/right/Asia/Kuala_Lumpur		
5fb2dcb179859064	file	/usr/share/zoneinfo/right/Asia/Kuching		
786c5216b2ae7b93	file	/usr/share/zoneinfo/right/Asia/Kuwait		
9f619652df4bc74d	file	/usr/share/zoneinfo/right/Asia/Macau		
85c607573a865599	file	/usr/share/zoneinfo/right/Asia/Magadan		
8ff5443db595b9ca	file	/usr/share/zoneinfo/right/Asia/Makassar		
c0c30c3631000c15	file	/usr/share/zoneinfo/right/Asia/Manila		
7e5867ccf56a22c6	file	/usr/share/zoneinfo/right/Asia/Muscat		
26cfe79ed3b7c0da	file	/usr/share/zoneinfo/right/Asia/Nicosia		
0a2c389a906911a3	file	/usr/share/zoneinfo/right/Asia/Novokuznetsk		
a42451b4f3ffe23b	file	/usr/share/zoneinfo/right/Asia/Novosibirsk		
24214d37894ac62f	file	/usr/share/zoneinfo/right/Asia/Omsk		
3f1f26c67e232308	file	/usr/share/zoneinfo/right/Asia/Oral		
1acd89bead25784a	file	/usr/share/zoneinfo/right/Asia/Phnom_Penh		
661b361fa88c9269	file	/usr/share/zoneinfo/right/Asia/Pontianak		
70620fe2ac99efc9	file	/usr/share/zoneinfo/right/Asia/Pyongyang		
ce821c9098e279b8	file	/usr/share/zoneinfo/right/Asia/Qatar		
d2929d1917f5346c	file	/usr/share/zoneinfo/right/Asia/Qostanay		
b5aa28adedec8ebb	file	/usr/share/zoneinfo/right/Asia/Qyzylorda		
2bd54ba5a0b5c903	file	/usr/share/zoneinfo/right/Asia/Riyadh		
2aae7bd9eb67a3bc	file	/usr/share/zoneinfo/right/Asia/Sakhalin		
281fc28b9b8a94a8	file	/usr/share/zoneinfo/right/Asia/Samarkand		
994b7c92c3389c81	file	/usr/share/zoneinfo/right/Asia/Seoul		
a15fb888c4b94f12	file	/usr/share/zoneinfo/right/Asia/Shanghai		
f865cd1ec16cce2d	file	/usr/share/zoneinfo/right/Asia/Singapore		
da1927564f21fbbf	file	/usr/share/zoneinfo/right/Asia/Srednekolymsk		
8187cb94c4c27544	file	/usr/share/zoneinfo/right/Asia/Taipei		
bb694f63c6f8c7c7	file	/usr/share/zoneinfo/right/Asia/Tashkent		
28e78693b461e4d1	file	/usr/share/zoneinfo/right/Asia/Tbilisi		
e71883510f110724	file	/usr/share/zoneinfo/right/Asia/Tehran		
94ba4b3ca7a6d633	file	/usr/share/zoneinfo/right/Asia/Thimphu		
aa167b2cbfd776fe	file	/usr/share/zoneinfo/right/Asia/Tokyo		
61811a711d52670e	file	/usr/share/zoneinfo/right/Asia/Tomsk		
612f19640d248a9c	file	/usr/share/zoneinfo/right/Asia/Ulaanbaatar		
01aaa9095db9ef0f	file	/usr/share/zoneinfo/right/Asia/Urumqi		
c9537624faf68bce	file	/usr/share/zoneinfo/right/Asia/Ust-Nera		
17c7fa0459a640aa	file	/usr/share/zoneinfo/right/Asia/Vientiane		
9192e6ce9b02dbd7	file	/usr/share/zoneinfo/right/Asia/Vladivostok		
8f94a27b4a63690d	file	/usr/share/zoneinfo/right/Asia/Yakutsk		
8f0bed090d1de2ed	file	/usr/share/zoneinfo/right/Asia/Yangon		
55ac58e07cddf660	file	/usr/share/zoneinfo/right/Asia/Yekaterinburg		
00def0dec4f099dc	file	/usr/share/zoneinfo/right/Asia/Yerevan		
e65fd09eea700f27	file	/usr/share/zoneinfo/right/Atlantic/Azores		
1e7b4b545ad3381f	file	/usr/share/zoneinfo/right/Atlantic/Bermuda		
111fba510b87908d	file	/usr/share/zoneinfo/right/Atlantic/Canary		
13be0cdc65bf02ee	file	/usr/share/zoneinfo/right/Atlantic/Cape_Verde		
a0f6ce46a94263bc	file	/usr/share/zoneinfo/right/Atlantic/Faroe		
9eebcac34aeb36ef	file	/usr/share/zoneinfo/right/Atlantic/Madeira		
9ff0224aa98eccb8	file	/usr/share/zoneinfo/right/Atlantic/Reykjavik		
c25352dd818af560	file	/usr/share/zoneinfo/right/Atlantic/South_Georgia		
64e38316df941fbe	file	/usr/share/zoneinfo/right/Atlantic/St_Helena		
70f3a38ece78f4ec	file	/usr/share/zoneinfo/right/Atlantic/Stanley		
bfbd3bc619a0fdb3	file	/usr/share/zoneinfo/right/Australia/Adelaide		
0ee4449183cbe699	file	/usr/share/zoneinfo/right/Australia/Brisbane		
065f82712d4c16af	file	/usr/share/zoneinfo/right/Australia/Broken_Hill		
0001482b846b2281	file	/usr/share/zoneinfo/right/Australia/Darwin		
0269513d726f8f56	file	/usr/share/zoneinfo/right/Australia/Eucla		
9eafd0186edbba60	file	/usr/share/zoneinfo/right/Australia/Hobart		
35214e1221d06386	file	/usr/share/zoneinfo/right/Australia/Lindeman		
3e3de54fe65c60ca	file	/usr/share/zoneinfo/right/Australia/Lord_Howe		
0df8fb503ba5ce03	file	/usr/share/zoneinfo/right/Australia/Melbourne		
19cfea4b54e9d28b	file	/usr/share/zoneinfo/right/Australia/Perth		
0801b6bf38861d08	file	/usr/share/zoneinfo/right/Australia/Sydney		
8020c03fb6ab04a0	file	/usr/share/zoneinfo/right/CET		
2b0b12ad0c33268e	file	/usr/share/zoneinfo/right/CST6CDT		
3d7ce4769939acf8	file	/usr/share/zoneinfo/right/EET		
de5c9d54717ff79e	file	/usr/share/zoneinfo/right/EST		
fb09283f7ad3ca76	file	/usr/share/zoneinfo/right/EST5EDT		
7437232633a993ba	file	/usr/share/zoneinfo/right/Etc/GMT		
1b9e9d0f34fd8c0e	file	/usr/share/zoneinfo/right/Etc/GMT+1		
ef1fcd01063470e2	file	/usr/share/zoneinfo/right/Etc/GMT+10		
50840c9b8d74953e	file	/usr/share/zoneinfo/right/Etc/GMT+11		
437503b3ea5f6008	file	/usr/share/zoneinfo/right/Etc/GMT+12		
f37208cd6effd7b8	file	/usr/share/zoneinfo/right/Etc/GMT+2		
247c252b00d0eb4b	file	/usr/share/zoneinfo/right/Etc/GMT+3		
57d4dadbb9c89ebe	file	/usr/share/zoneinfo/right/Etc/GMT+4		
ef24972cd2b16f8e	file	/usr/share/zoneinfo/right/Etc/GMT+5		
8291b5f0df240a03	file	/usr/share/zoneinfo/right/Etc/GMT+6		
cba7a25f47d4cbd9	file	/usr/share/zoneinfo/right/Etc/GMT+7		
d8264e7e91b7436f	file	/usr/share/zoneinfo/right/Etc/GMT+8		
bde345e1f172f890	file	/usr/share/zoneinfo/right/Etc/GMT+9		
a9e37ed3756c695a	file	/usr/share/zoneinfo/right/Etc/GMT-1		
b9573747f0ac69ac	file	/usr/share/zoneinfo/right/Etc/GMT-10		
dde9ccbc02eced95	file	/usr/share/zoneinfo/right/Etc/GMT-11		
5381e15cffa7874c	file	/usr/share/zoneinfo/right/Etc/GMT-12		
f8b481dbde4d7946	file	/usr/share/zoneinfo/right/Etc/GMT-13		
8530f6097f710198	file	/usr/share/zoneinfo/right/Etc/GMT-14		
1af48eca0ddf1933	file	/usr/share/zoneinfo/right/Etc/GMT-2		
f1ca24a3807e30fb	file	/usr/share/zoneinfo/right/Etc/GMT-3		
f703f29ba3a272e6	file	/usr/share/zoneinfo/right/Etc/GMT-4		
a6181dded0d1df32	file	/usr/share/zoneinfo/right/Etc/GMT-5		
a8d4c92be31ef355	file	/usr/share/zoneinfo/right/Etc/GMT-6		
339cf0081f43efdf	file	/usr/share/zoneinfo/right/Etc/GMT-7		
a9323c4b39a4d787	file	/usr/share/zoneinfo/right/Etc/GMT-8		
f7d6409cfcf52e6d	file	/usr/share/zoneinfo/right/Etc/GMT-9		
e565a962e3e5d370	file	/usr/share/zoneinfo/right/Etc/UTC		
90a1430536aad85a	file	/usr/share/zoneinfo/right/Europe/Amsterdam		
5c370aecfc459915	file	/usr/share/zoneinfo/right/Europe/Andorra		
e465c81323846c07	file	/usr/share/zoneinfo/right/Europe/Astrakhan		
cbc0506a0a5788f5	file	/usr/share/zoneinfo/right/Europe/Athens		
8a082b0dffa9bb54	file	/usr/share/zoneinfo/right/Europe/Belgrade		
2149c2dc098dc306	file	/usr/share/zoneinfo/right/Europe/Berlin		
f995e7415b9e8e80	file	/usr/share/zoneinfo/right/Europe/Brussels		
b46249955a6c5a48	file	/usr/share/zoneinfo/right/Europe/Bucharest		
7637d1ae787d1f9a	file	/usr/share/zoneinfo/right/Europe/Budapest		
77e8c50070ca2dd9	file	/usr/share/zoneinfo/right/Europe/Chisinau		
e01cb74ce7569b8d	file	/usr/share/zoneinfo/right/Europe/Copenhagen		
2b90e64a956589fa	file	/usr/share/zoneinfo/right/Europe/Dublin		
eadc457d34ee81ed	file	/usr/share/zoneinfo/right/Europe/Gibraltar		
3909ada52d933d63	file	/usr/share/zoneinfo/right/Europe/Guernsey		
a319c93c473bad74	file	/usr/share/zoneinfo/right/Europe/Helsinki		
a30b257a595b663a	file	/usr/share/zoneinfo/right/Europe/Isle_of_Man		
8b829f1d845f940e	file	/usr/share/zoneinfo/right/Europe/Istanbul		
089657a610411811	file	/usr/share/zoneinfo/right/Europe/Jersey		
a9f151dcb7998899	file	/usr/share/zoneinfo/right/Europe/Kaliningrad		
61b4cd95c833a8c1	file	/usr/share/zoneinfo/right/Europe/Kirov		
cf4923c594c2b1e7	file	/usr/share/zoneinfo/right/Europe/Kyiv		
b06e10d198d3aa53	file	/usr/share/zoneinfo/right/Europe/Lisbon		
b61957a4664ed0d3	file	/usr/share/zoneinfo/right/Europe/Ljubljana		
4d20dae31e6a0673	file	/usr/share/zoneinfo/right/Europe/London		
747f2b190ceedbc0	file	/usr/share/zoneinfo/right/Europe/Luxembourg		
67530339d380195a	file	/usr/share/zoneinfo/right/Europe/Madrid		
7f57f092517cd160	file	/usr/share/zoneinfo/right/Europe/Malta		
8eeb9282731b5d3c	file	/usr/share/zoneinfo/right/Europe/Minsk		
7b146018691b6d35	file	/usr/share/zoneinfo/right/Europe/Monaco		
ddec9c29b7e823fc	file	/usr/share/zoneinfo/right/Europe/Moscow		
fecfae9e3e286a20	file	/usr/share/zoneinfo/right/Europe/Oslo		
3042066681995faa	file	/usr/share/zoneinfo/right/Europe/Paris		
bb9e8a4a395f911c	file	/usr/share/zoneinfo/right/Europe/Prague		
10120de8239a2438	file	/usr/share/zoneinfo/right/Europe/Riga		
1b58eae12421c7ad	file	/usr/share/zoneinfo/right/Europe/Rome		
d7c9b5b99e1d4951	file	/usr/share/zoneinfo/right/Europe/Samara		
a79177c35e43d2da	file	/usr/share/zoneinfo/right/Europe/Sarajevo		
cbb747c7cc6220d9	file	/usr/share/zoneinfo/right/Europe/Saratov		
c601baa3a6cca0ca	file	/usr/share/zoneinfo/right/Europe/Simferopol		
ceffcec99bfcf360	file	/usr/share/zoneinfo/right/Europe/Skopje		
15b534d9ff5ceca0	file	/usr/share/zoneinfo/right/Europe/Sofia		
fe6ce9bc59541f84	file	/usr/share/zoneinfo/right/Europe/Stockholm		
fa1380a56d6e2c34	file	/usr/share/zoneinfo/right/Europe/Tallinn		
df6e8d00d9c5093e	file	/usr/share/zoneinfo/right/Europe/Tirane		
31c9d96ddd83aba5	file	/usr/share/zoneinfo/right/Europe/Ulyanovsk		
310aae13cdb2a527	file	/usr/share/zoneinfo/right/Europe/Vaduz		
387f7ceb31f6e63e	file	/usr/share/zoneinfo/right/Europe/Vienna		
d719299517351347	file	/usr/share/zoneinfo/right/Europe/Vilnius		
c1125c6597595d0f	file	/usr/share/zoneinfo/right/Europe/Volgograd		
1a046beeeed011c5	file	/usr/share/zoneinfo/right/Europe/Warsaw		
8ce427490e74ee22	file	/usr/share/zoneinfo/right/Europe/Zagreb		
33d691555b147c3a	file	/usr/share/zoneinfo/right/Europe/Zurich		
dc06dcc3e4b07ce4	file	/usr/share/zoneinfo/right/Factory		
ba1bab994daf51af	file	/usr/share/zoneinfo/right/HST		
4ea254b630e6c0bc	file	/usr/share/zoneinfo/right/Indian/Antananarivo		
bc623458fc0ce8a1	file	/usr/share/zoneinfo/right/Indian/Chagos		
4c05600eb55f6b2b	file	/usr/share/zoneinfo/right/Indian/Christmas		
c91eda0940681612	file	/usr/share/zoneinfo/right/Indian/Cocos		
e1801dcd2ed8bee8	file	/usr/share/zoneinfo/right/Indian/Comoro		
30f02424406a7038	file	/usr/share/zoneinfo/right/Indian/Kerguelen		
7c959de7cdd8ac53	file	/usr/share/zoneinfo/right/Indian/Mahe		
b94d0d0c3aacdfc0	file	/usr/share/zoneinfo/right/Indian/Maldives		
5113c334819de5e3	file	/usr/share/zoneinfo/right/Indian/Mauritius		
ae9d5faa38638d70	file	/usr/share/zoneinfo/right/Indian/Mayotte		
172b9fd0d0f16a09	file	/usr/share/zoneinfo/right/Indian/Reunion		
6a9458b4a674e6fb	file	/usr/share/zoneinfo/right/MET		
c9f66a8a4fd6c145	file	/usr/share/zoneinfo/right/MST		
e6278d3e40b22144	file	/usr/share/zoneinfo/right/MST7MDT		
054c38ec04dde1f7	file	/usr/share/zoneinfo/right/PST8PDT		
f4b5ac64fef2700a	file	/usr/share/zoneinfo/right/Pacific/Apia		
35d2c404cd496710	file	/usr/share/zoneinfo/right/Pacific/Auckland		
0adb4e6d42bc52c7	file	/usr/share/zoneinfo/right/Pacific/Bougainville		
0ddd0d2640b3059b	file	/usr/share/zoneinfo/right/Pacific/Chatham		
c5ac780298b2daa3	file	/usr/share/zoneinfo/right/Pacific/Chuuk		
8a5c16ab00c79d16	file	/usr/share/zoneinfo/right/Pacific/Easter		
f992caf1ad694a0f	file	/usr/share/zoneinfo/right/Pacific/Efate		
b08b2803119fb1b6	file	/usr/share/zoneinfo/right/Pacific/Fakaofo		
07b71e6d4c09d77a	file	/usr/share/zoneinfo/right/Pacific/Fiji		
89fd940e55bf8f34	file	/usr/share/zoneinfo/right/Pacific/Funafuti		
280842a43b6e35cc	file	/usr/share/zoneinfo/right/Pacific/Galapagos		
051900fc61d01679	file	/usr/share/zoneinfo/right/Pacific/Gambier		
28751c66d70d0c37	file	/usr/share/zoneinfo/right/Pacific/Guadalcanal		
e4fca65407887e59	file	/usr/share/zoneinfo/right/Pacific/Guam		
cc1df09438defaeb	file	/usr/share/zoneinfo/right/Pacific/Honolulu		
35ef9760a4d858e3	file	/usr/share/zoneinfo/right/Pacific/Kanton		
d8b0c1530a4feff3	file	/usr/share/zoneinfo/right/Pacific/Kiritimati		
c6755ffe06f340af	file	/usr/share/zoneinfo/right/Pacific/Kosrae		
b86a8cbfab81a0dd	file	/usr/share/zoneinfo/right/Pacific/Kwajalein		
e8961b5b9d1b8872	file	/usr/share/zoneinfo/right/Pacific/Majuro		
6030ceb48bff0257	file	/usr/share/zoneinfo/right/Pacific/Marquesas		
3bd0cb656030321f	file	/usr/share/zoneinfo/right/Pacific/Midway		
e770d29ea78cd862	file	/usr/share/zoneinfo/right/Pacific/Nauru		
a1993c82fdf76465	file	/usr/share/zoneinfo/right/Pacific/Niue		
f017f501974b8892	file	/usr/share/zoneinfo/right/Pacific/Norfolk		
9f83f28f63c37edc	file	/usr/share/zoneinfo/right/Pacific/Noumea		
3e0cf22383fe4b24	file	/usr/share/zoneinfo/right/Pacific/Pago_Pago		
3565b00fa6294d8b	file	/usr/share/zoneinfo/right/Pacific/Palau		
f6cacd8554fd935b	file	/usr/share/zoneinfo/right/Pacific/Pitcairn		
7f5734671edb81a4	file	/usr/share/zoneinfo/right/Pacific/Pohnpei		
d426a4cd92c6fafe	file	/usr/share/zoneinfo/right/Pacific/Port_Moresby		
a5712efae5c9c747	file	/usr/share/zoneinfo/right/Pacific/Rarotonga		
fca4595f0ccf6246	file	/usr/share/zoneinfo/right/Pacific/Saipan		
514554ddd1002ce8	file	/usr/share/zoneinfo/right/Pacific/Tahiti		
7af8dac5f36d7169	file	/usr/share/zoneinfo/right/Pacific/Tarawa		
a0ebcf5b59da5df7	file	/usr/share/zoneinfo/right/Pacific/Tongatapu		
b2b074438412c225	file	/usr/share/zoneinfo/right/Pacific/Wake		
e834c8f0c90405b6	file	/usr/share/zoneinfo/right/Pacific/Wallis		
1482a3d1cfd79fb3	file	/usr/share/zoneinfo/right/WET		
f74e8c681c154f70	file	/usr/share/zoneinfo/tzdata.zi		
c85e170c6ec19ef4	file	/usr/share/zoneinfo/zone.tab		
7611af30d38cd0cb	file	/usr/share/zoneinfo/zone1970.tab		
6b7aaab3124f6964	file	/var/lib/dpkg/info/adduser.conffiles		
5cf235e7d6d9d662	file	/var/lib/dpkg/info/adduser.list		
a126f0ac660de536	file	/var/lib/dpkg/info/adduser.md5sums		
988f5f8763e00b01	file	/var/lib/dpkg/info/adduser.postrm		
7c37f07550b8b5f4	file	/var/lib/dpkg/info/adduser.preinst		
667bacb366603e60	file	/var/lib/dpkg/info/apt.conffiles		
fa686e8a2de423b5	file	/var/lib/dpkg/info/apt.list		
e7aa70ca823afdf8	file	/var/lib/dpkg/info/apt.md5sums		
e4c0e9d9a33700de	file	/var/lib/dpkg/info/apt.postinst		
902644ad301146e6	file	/var/lib/dpkg/info/apt.postrm		
ed04ca841ca38d03	file	/var/lib/dpkg/info/apt.preinst		
7530b417e9dd77e5	file	/var/lib/dpkg/info/apt.prerm		
27cc6f8d37a3c8e9	file	/var/lib/dpkg/info/apt.shlibs		
6f18866b77f62ac7	file	/var/lib/dpkg/info/apt.triggers		
0754aed1c28fbe92	file	/var/lib/dpkg/info/base-files.conffiles		
0f25996947db0365	file	/var/lib/dpkg/info/base-files.list		
8b5c52e66d00d5a2	file	/var/lib/dpkg/info/base-files.md5sums		
2250282bc0861e4a	file	/var/lib/dpkg/info/base-files.postinst		
8f5cc12e4a286b72	file	/var/lib/dpkg/info/base-passwd.list		
41eb4a3e9616b409	file	/var/lib/dpkg/info/base-passwd.md5sums		
adbea4b44bd5f285	file	/var/lib/dpkg/info/base-passwd.postinst		
0fb49f1f7f148b1e	file	/var/lib/dpkg/info/base-passwd.postrm		
6cd8525c687a2af4	file	/var/lib/dpkg/info/base-passwd.preinst		
05c2fb3d833f4ba4	file	/var/lib/dpkg/info/base-passwd.templates		
81bb550831893d0b	file	/var/lib/dpkg/info/bash.conffiles		
d91d3c7790172e1a	file	/var/lib/dpkg/info/bash.list		
8a8dc873f59e94d2	file	/var/lib/dpkg/info/bash.md5sums		
13f6378869423dbf	file	/var/lib/dpkg/info/bash.postinst		
5a4ce86440996025	file	/var/lib/dpkg/info/bash.postrm		
64d37c7989344c5e	file	/var/lib/dpkg/info/bash.prerm		
14afe9cb4c56d499	file	/var/lib/dpkg/info/bsdutils.list		
536235cc6ce5d9f6	file	/var/lib/dpkg/info/bsdutils.md5sums		
271f0818516f7843	file	/var/lib/dpkg/info/coreutils.list		
4b9385eeb575dccb	file	/var/lib/dpkg/info/coreutils.md5sums		
73cc06abcc8b3991	file	/var/lib/dpkg/info/coreutils.postinst		
fc87bf5b36411f75	file	/var/lib/dpkg/info/coreutils.postrm		
5ee983632d435a03	file	/var/lib/dpkg/info/dash.list		
149203d75ae65ea7	file	/var/lib/dpkg/info/dash.md5sums		
7d44748fc972a511	file	/var/lib/dpkg/info/dash.postinst		
b05b59e863b0d40c	file	/var/lib/dpkg/info/dash.postrm		
6b7476b7107dc41b	file	/var/lib/dpkg/info/dash.prerm		
4ccf8c2f2468e83f	file	/var/lib/dpkg/info/debconf.conffiles		
6ec6e2a8a6a4dc7b	file	/var/lib/dpkg/info/debconf.config		
d62892fd5404c6fa	file	/var/lib/dpkg/info/debconf.list		
79cc000c58a92961	file	/var/lib/dpkg/info/debconf.md5sums		
895c64b31b20eaad	file	/var/lib/dpkg/info/debconf.postinst		
ef4f53c4a2061b32	file	/var/lib/dpkg/info/debconf.templates		
23dee55aa30751de	file	/var/lib/dpkg/info/debian-archive-keyring.conffiles		
19c19b2640eda3af	file	/var/lib/dpkg/info/debian-archive-keyring.list		
6015bc93a3973071	file	/var/lib/dpkg/info/debian-archive-keyring.md5sums		
14f80c1e32644562	file	/var/lib/dpkg/info/debian-archive-keyring.postinst		
521a0d7c5e9bc9c2	file	/var/lib/dpkg/info/debian-archive-keyring.postrm		
6a1fdb4f59737b1f	file	/var/lib/dpkg/info/debian-archive-keyring.preinst		
43be83541caeafa7	file	/var/lib/dpkg/info/debian-archive-keyring.prerm		
fc4568914881855d	file	/var/lib/dpkg/info/debianutils.list		
508f092a36e6d1e9	file	/var/lib/dpkg/info/debianutils.md5sums		
c29cedb5b5988cbe	file	/var/lib/dpkg/info/debianutils.postinst		
a977a48fcd2d2a29	file	/var/lib/dpkg/info/debianutils.postrm		
f897f32de2926724	file	/var/lib/dpkg/info/debianutils.prerm		
8bf72f8eeba1a8b1	file	/var/lib/dpkg/info/debianutils.triggers		
d5a0bce7010d1597	file	/var/lib/dpkg/info/diffutils.list		
76ca64694f80b6bc	file	/var/lib/dpkg/info/diffutils.md5sums		
aedabeae2607831d	file	/var/lib/dpkg/info/dpkg.conffiles		
de6bd441c245369e	file	/var/lib/dpkg/info/dpkg.list		
ed4c512972480d78	file	/var/lib/dpkg/info/dpkg.md5sums		
baa913c33c51331b	file	/var/lib/dpkg/info/dpkg.postinst		
1e2509aff79b9b8a	file	/var/lib/dpkg/info/dpkg.postrm		
b3946522e83962b4	file	/var/lib/dpkg/info/dpkg.prerm		
1d9cda9760c9350c	file	/var/lib/dpkg/info/e2fsprogs.conffiles		
b5efb61daafe577d	file	/var/lib/dpkg/info/e2fsprogs.list		
4b04d03610fedfbd	file	/var/lib/dpkg/info/e2fsprogs.md5sums		
e868b6ebc0902ec0	file	/var/lib/dpkg/info/e2fsprogs.postinst		
1d9563f6c56b60c1	file	/var/lib/dpkg/info/e2fsprogs.postrm		
9704fae6b89b70a9	file	/var/lib/dpkg/info/e2fsprogs.preinst		
7678980ba834d912	file	/var/lib/dpkg/info/e2fsprogs.prerm		
b7b6877997fc562c	file	/var/lib/dpkg/info/findutils.list		
6dda8334cc129fc0	file	/var/lib/dpkg/info/findutils.md5sums		
fdc2f16af624520a	file	/var/lib/dpkg/info/gcc-12-base:amd64.md5sums		
3e8677847886bc7f	file	/var/lib/dpkg/info/gpgv.list		
315b89a3636f989f	file	/var/lib/dpkg/info/gpgv.md5sums		
b2072e071763e87d	file	/var/lib/dpkg/info/grep.list		
b292508d51ea8e02	file	/var/lib/dpkg/info/grep.md5sums		
b6243b23ce1248e8	file	/var/lib/dpkg/info/gzip.list		
1620d91b00ecee88	file	/var/lib/dpkg/info/gzip.md5sums		
eed2db2d6eefe499	file	/var/lib/dpkg/info/hostname.list		
aa1749134f72fe18	file	/var/lib/dpkg/info/hostname.md5sums		
086107ee28a5d465	file	/var/lib/dpkg/info/init-system-helpers.list		
9cc25b8484211697	file	/var/lib/dpkg/info/init-system-helpers.md5sums		
80cc01d4e9a40005	file	/var/lib/dpkg/info/init-system-helpers.postinst		
9620a072c0c188a8	file	/var/lib/dpkg/info/libacl1:amd64.md5sums		
265389c94c570909	file	/var/lib/dpkg/info/libapt-pkg6.0:amd64.md5sums		
967ba6c3a779dc10	file	/var/lib/dpkg/info/libattr1:amd64.conffiles		
5b04d27faab3f064	file	/var/lib/dpkg/info/libattr1:amd64.md5sums		
c7ac47d52d7793ff	file	/var/lib/dpkg/info/libaudit-common.conffiles		
96d53019ed735875	file	/var/lib/dpkg/info/libaudit-common.list		
d3220a1c21bc0430	file	/var/lib/dpkg/info/libaudit-common.md5sums		
9c45e10ed64663ad	file	/var/lib/dpkg/info/libaudit1:amd64.md5sums		
c7ffec7ab5595a72	file	/var/lib/dpkg/info/libblkid1:amd64.md5sums		
7ab9b606f3b2d7f1	file	/var/lib/dpkg/info/libbz2-1.0:amd64.md5sums		
935a3ad84b7e9fdd	file	/var/lib/dpkg/info/libc-bin.conffiles		
e3bbae7de0cc9f6e	file	/var/lib/dpkg/info/libc-bin.list		
09d01b7d669c0db2	file	/var/lib/dpkg/info/libc-bin.md5sums		
7393bddcc37e3c33	file	/var/lib/dpkg/info/libc-bin.postinst		
c11a338ebc4936ae	file	/var/lib/dpkg/info/libc-bin.triggers		
5edc619df78fbfb0	file	/var/lib/dpkg/info/libc6:amd64.conffiles		
bd67add09c666ad7	file	/var/lib/dpkg/info/libc6:amd64.md5sums		
59d9abcfc7daf1f5	file	/var/lib/dpkg/info/libcap-ng0:amd64.md5sums		
9c788f9a76ce1380	file	/var/lib/dpkg/info/libcap2:amd64.md5sums		
05d0d353fa900b34	file	/var/lib/dpkg/info/libcom-err2:amd64.md5sums		
3902311fb5dd550d	file	/var/lib/dpkg/info/libcrypt1:amd64.md5sums		
86b2ff37d838aa79	file	/var/lib/dpkg/info/libdb5.3:amd64.md5sums		
70acd3c3facae303	file	/var/lib/dpkg/info/libdebconfclient0:amd64.md5sums		
abfc983329d445ae	file	/var/lib/dpkg/info/libext2fs2:amd64.md5sums		
ecb078ad0a047b32	file	/var/lib/dpkg/info/libffi8:amd64.md5sums		
8362b99f91fbc1f4	file	/var/lib/dpkg/info/libgcc-s1:amd64.md5sums		
606a362b5473d7c1	file	/var/lib/dpkg/info/libgcrypt20:amd64.md5sums		
deda9cce5a9de8bb	file	/var/lib/dpkg/info/libgmp10:amd64.md5sums		
9b00485bfef5f922	file	/var/lib/dpkg/info/libgnutls30:amd64.md5sums		
34ab4351348b8c15	file	/var/lib/dpkg/info/libgpg-error0:amd64.md5sums		
29242346e00e98b2	file	/var/lib/dpkg/info/libhogweed6:amd64.md5sums		
07139239d18c2edd	file	/var/lib/dpkg/info/libidn2-0:amd64.md5sums		
b38b5e66b8e6f0e6	file	/var/lib/dpkg/info/liblz4-1:amd64.md5sums		
ab95291ad43e87a4	file	/var/lib/dpkg/info/liblzma5:amd64.md5sums		
abbb9fc33f28e920	file	/var/lib/dpkg/info/libmd0:amd64.md5sums		
58ea76f2273add47	file	/var/lib/dpkg/info/libmount1:amd64.md5sums		
7a92a1664d8eb0e5	file	/var/lib/dpkg/info/libnettle8:amd64.md5sums		
0c5cde44eef9f03f	file	/var/lib/dpkg/info/libp11-kit0:amd64.md5sums		
80a940f2d76427bb	file	/var/lib/dpkg/info/libpam-modules-bin.list		
db2877467f63c095	file	/var/lib/dpkg/info/libpam-modules-bin.md5sums		
874bbd8a422cc659	file	/var/lib/dpkg/info/libpam-modules:amd64.conffiles		
d36b32fe4ec42543	file	/var/lib/dpkg/info/libpam-modules:amd64.md5sums		
b9037fa5d49ac4bd	file	/var/lib/dpkg/info/libpam-runtime.conffiles		
33c3e4895121c0a4	file	/var/lib/dpkg/info/libpam-runtime.list		
17afa620a8cdaf01	file	/var/lib/dpkg/info/libpam-runtime.md5sums		
ca34192fcc4fc297	file	/var/lib/dpkg/info/libpam-runtime.postinst		
fd3904f25c4a07e2	file	/var/lib/dpkg/info/libpam-runtime.postrm		
f93f0c11ebde2f66	file	/var/lib/dpkg/info/libpam-runtime.prerm		
0bb55a3e06fe34b2	file	/var/lib/dpkg/info/libpam-runtime.templates		
db3066ea0af660c7	file	/var/lib/dpkg/info/libpam0g:amd64.md5sums		
08e353448a62f1c3	file	/var/lib/dpkg/info/libpcre2-8-0:amd64.md5sums		
199c88bea45a0f76	file	/var/lib/dpkg/info/libseccomp2:amd64.md5sums		
1e7f59fdca89f0b2	file	/var/lib/dpkg/info/libselinux1:amd64.md5sums		
8379d4d1d6c5dd3f	file	/var/lib/dpkg/info/libsemanage-common.conffiles		
dd97159a86e39f5d	file	/var/lib/dpkg/info/libsemanage-common.list		
d47cb66cf2061ec0	file	/var/lib/dpkg/info/libsemanage-common.md5sums		
90dc25c4662b9cce	file	/var/lib/dpkg/info/libsemanage2:amd64.md5sums		
72cf66c4c3262296	file	/var/lib/dpkg/info/libsepol2:amd64.md5sums		
edd25989563d5045	file	/var/lib/dpkg/info/libsmartcols1:amd64.md5sums		
505d82cc3c18fec0	file	/var/lib/dpkg/info/libss2:amd64.md5sums		
906aca01d036a7fe	file	/var/lib/dpkg/info/libstdc++6:amd64.md5sums		
6d527c7e85b2e470	file	/var/lib/dpkg/info/libsystemd0:amd64.md5sums		
326e0186def7993f	file	/var/lib/dpkg/info/libtasn1-6:amd64.md5sums		
efc1aff5694dceff	file	/var/lib/dpkg/info/libtinfo6:amd64.md5sums		
832cd854a6f718ed	file	/var/lib/dpkg/info/libudev1:amd64.md5sums		
14cc058d4ab27b1e	file	/var/lib/dpkg/info/libunistring2:amd64.md5sums		
c478e19996ccc061	file	/var/lib/dpkg/info/libuuid1:amd64.md5sums		
d3ae873f841e9aef	file	/var/lib/dpkg/info/libxxhash0:amd64.md5sums		
1c1baa3ff19d624e	file	/var/lib/dpkg/info/libzstd1:amd64.md5sums		
b1b44881611e0342	file	/var/lib/dpkg/info/login.conffiles		
6bba1725b8559f3f	file	/var/lib/dpkg/info/login.list		
33985402ee9d11d2	file	/var/lib/dpkg/info/login.md5sums		
7b1c5e653ade33d7	file	/var/lib/dpkg/info/login.postinst		
83c4d8bc859a347a	file	/var/lib/dpkg/info/login.postrm		
311191cd205a2c6d	file	/var/lib/dpkg/info/login.preinst		
79626f7581e70fc2	file	/var/lib/dpkg/info/login.prerm		
3e311a6f4c4a3053	file	/var/lib/dpkg/info/logsave.list		
f7c2c09e551ba064	file	/var/lib/dpkg/info/logsave.md5sums		
6e1a89b19b2260dc	file	/var/lib/dpkg/info/mawk.list		
b839416c4672df1a	file	/var/lib/dpkg/info/mawk.md5sums		
06b04ad24d6ef8ca	file	/var/lib/dpkg/info/mawk.postinst		
c4769ce4a75d924a	file	/var/lib/dpkg/info/mawk.prerm		
d7a612e1eaef8ac5	file	/var/lib/dpkg/info/mount.list		
278fa72ca529e254	file	/var/lib/dpkg/info/mount.md5sums		
e376c4656f89ef05	file	/var/lib/dpkg/info/ncurses-base.conffiles		
f7fe6786234a26d2	file	/var/lib/dpkg/info/ncurses-base.list		
cda98303243af702	file	/var/lib/dpkg/info/ncurses-base.md5sums		
05d769e779fd0519	file	/var/lib/dpkg/info/ncurses-bin.list		
0b8ff4bfc440914e	file	/var/lib/dpkg/info/ncurses-bin.md5sums		
3c63d68f20a98eb3	file	/var/lib/dpkg/info/passwd.conffiles		
7f8c6ac7380466c8	file	/var/lib/dpkg/info/passwd.list		
7d11228295cb11b4	file	/var/lib/dpkg/info/passwd.md5sums		
e108fbb591033eb2	file	/var/lib/dpkg/info/passwd.postinst		
8d942cc287eaeae7	file	/var/lib/dpkg/info/passwd.postrm		
37d9b69c93027dca	file	/var/lib/dpkg/info/passwd.preinst		
242ca3793a128ea7	file	/var/lib/dpkg/info/passwd.prerm		
952227ea540e4051	file	/var/lib/dpkg/info/perl-base.list		
da27319582648e7c	file	/var/lib/dpkg/info/perl-base.md5sums		
9c21367bb40a7a10	file	/var/lib/dpkg/info/perl-base.postinst		
edbd7efdb32114a6	file	/var/lib/dpkg/info/perl-base.postrm		
29526f95bf64cca0	file	/var/lib/dpkg/info/perl-base.preinst		
f520864e8e9a9b35	file	/var/lib/dpkg/info/perl-base.prerm		
2c9639b4405835bc	file	/var/lib/dpkg/info/sed.list		
1202e6e07f846ff9	file	/var/lib/dpkg/info/sed.md5sums		
141e4294def65990	file	/var/lib/dpkg/info/sysvinit-utils.list		
96f3b1dc002e155b	file	/var/lib/dpkg/info/sysvinit-utils.md5sums		
7ced8a47b4a9e762	file	/var/lib/dpkg/info/tar.list		
809680bb060bc55f	file	/var/lib/dpkg/info/tar.md5sums		
7b65d2aa0ae01b52	file	/var/lib/dpkg/info/tar.postinst		
9b28120e2b30e734	file	/var/lib/dpkg/info/tar.prerm		
a24c2ac4bdf55014	file	/var/lib/dpkg/info/tzdata.config		
c5533adf562b77fd	file	/var/lib/dpkg/info/tzdata.list		
e3aaa6090a7fbe43	file	/var/lib/dpkg/info/tzdata.md5sums		
12b58c9594464ba0	file	/var/lib/dpkg/info/tzdata.postinst		
c6be71b064624d96	file	/var/lib/dpkg/info/tzdata.postrm		
7d837a724db22274	file	/var/lib/dpkg/info/tzdata.preinst		
29fea395da56f7ee	file	/var/lib/dpkg/info/tzdata.prerm		
fdb4a7a3b52532c9	file	/var/lib/dpkg/info/tzdata.templates		
e407d108f453230e	file	/var/lib/dpkg/info/usr-is-merged.list		
1f7f19b9290a7231	file	/var/lib/dpkg/info/usr-is-merged.md5sums		
d380eb99a549de9c	file	/var/lib/dpkg/info/usr-is-merged.postinst		
7376bfb8bb039070	file	/var/lib/dpkg/info/usr-is-merged.preinst		
de66925d88fc00a6	file	/var/lib/dpkg/info/util-linux-extra.conffiles		
9a67456566dded7c	file	/var/lib/dpkg/info/util-linux-extra.list		
1ff3842f1138fdf5	file	/var/lib/dpkg/info/util-linux-extra.md5sums		
9216686b3933251f	file	/var/lib/dpkg/info/util-linux-extra.postinst		
f7e07a920d2650fb	file	/var/lib/dpkg/info/util-linux-extra.postrm		
2a94c098a8036d34	file	/var/lib/dpkg/info/util-linux-extra.preinst		
d5bb14f5bb10a575	file	/var/lib/dpkg/info/util-linux.conffiles		
db14e76a58489a8e	file	/var/lib/dpkg/info/util-linux.list		
2ff0404ee65260ed	file	/var/lib/dpkg/info/util-linux.md5sums		
4ace2291378c6e87	file	/var/lib/dpkg/info/util-linux.postinst		
ae82aa2bf116668f	file	/var/lib/dpkg/info/util-linux.postrm		
0b9f6377ef3a2336	file	/var/lib/dpkg/info/util-linux.prerm		
42469d866a818ddf	file	/var/lib/dpkg/info/zlib1g:amd64.md5sums		
e97430e7f3ccf3bb	file	/usr/local/bin/node		
0e7823a1c193215e	file	/usr/local/lib/node_modules/corepack/package.json		
c50197125d84fb9d	file	/usr/local/lib/node_modules/npm/node_modules/@isaacs/cliui/node_modules/ansi-regex/package.json		
75188e052e19838c	file	/usr/local/lib/node_modules/npm/node_modules/@isaacs/cliui/node_modules/emoji-regex/package.json		
1265486e53cbf8c6	file	/usr/local/lib/node_modules/npm/node_modules/@isaacs/cliui/node_modules/string-width/package.json		
5390e1ad37d883d2	file	/usr/local/lib/node_modules/npm/node_modules/@isaacs/cliui/node_modules/strip-ansi/package.json		
26db554672227068	file	/usr/local/lib/node_modules/npm/node_modules/@isaacs/cliui/package.json		
b4e83833efd832f0	file	/usr/local/lib/node_modules/npm/node_modules/@isaacs/fs-minipass/package.json		
808bb8dc649cc7f3	file	/usr/local/lib/node_modules/npm/node_modules/@isaacs/string-locale-compare/package.json		
7258b355b0e57c3b	file	/usr/local/lib/node_modules/npm/node_modules/@npmcli/agent/package.json		
286a4e4d9596289b	file	/usr/local/lib/node_modules/npm/node_modules/@npmcli/arborist/package.json		
decf4a208f5cf325	file	/usr/local/lib/node_modules/npm/node_modules/@npmcli/config/package.json		
3b8ce971668f51ab	file	/usr/local/lib/node_modules/npm/node_modules/@npmcli/fs/package.json		
112d6a228b666369	file	/usr/local/lib/node_modules/npm/node_modules/@npmcli/git/package.json		
02a8d9bc0b2723ae	file	/usr/local/lib/node_modules/npm/node_modules/@npmcli/installed-package-contents/package.json		
fad2416a9c45e521	file	/usr/local/lib/node_modules/npm/node_modules/@npmcli/map-workspaces/package.json		
c8378cf62a2b619d	file	/usr/local/lib/node_modules/npm/node_modules/@npmcli/metavuln-calculator/node_modules/pacote/package.json		
4792275167ce7768	file	/usr/local/lib/node_modules/npm/node_modules/@npmcli/metavuln-calculator/package.json		
0a4b891977775b1d	file	/usr/local/lib/node_modules/npm/node_modules/@npmcli/name-from-folder/package.json		
492898cbe6871e18	file	/usr/local/lib/node_modules/npm/node_modules/@npmcli/node-gyp/package.json		
c29271604892e85d	file	/usr/local/lib/node_modules/npm/node_modules/@npmcli/package-json/package.json		
f8a9073152f8dce8	file	/usr/local/lib/node_modules/npm/node_modules/@npmcli/promise-spawn/package.json		
0de61c59e2b5b050	file	/usr/local/lib/node_modules/npm/node_modules/@npmcli/query/package.json		
58af6b459ff62997	file	/usr/local/lib/node_modules/npm/node_modules/@npmcli/redact/package.json		
a76351015f649c46	file	/usr/local/lib/node_modules/npm/node_modules/@npmcli/run-script/package.json		
49473ce097235df2	file	/usr/local/lib/node_modules/npm/node_modules/@pkgjs/parseargs/package.json		
fe8572b58cf82bc2	file	/usr/local/lib/node_modules/npm/node_modules/@sigstore/protobuf-specs/package.json		
f3cd4a00e04835e0	file	/usr/local/lib/node_modules/npm/node_modules/@sigstore/tuf/package.json		
94e5a09805b3b514	file	/usr/local/lib/node_modules/npm/node_modules/@tufjs/canonical-json/package.json		
08be7027e4628f3a	file	/usr/local/lib/node_modules/npm/node_modules/abbrev/package.json		
5cd2782771d569ae	file	/usr/local/lib/node_modules/npm/node_modules/agent-base/package.json		
8831e73a3cf5255f	file	/usr/local/lib/node_modules/npm/node_modules/ansi-regex/package.json		
bd924339d47ac8d2	file	/usr/local/lib/node_modules/npm/node_modules/ansi-styles/package.json		
f558678a7ea40a65	file	/usr/local/lib/node_modules/npm/node_modules/aproba/package.json		
45d7542b2d8a398e	file	/usr/local/lib/node_modules/npm/node_modules/archy/package.json		
5987c26a67385241	file	/usr/local/lib/node_modules/npm/node_modules/balanced-match/package.json		
37dae791000c9455	file	/usr/local/lib/node_modules/npm/node_modules/bin-links/package.json		
3268ef02b6274f1c	file	/usr/local/lib/node_modules/npm/node_modules/binary-extensions/package.json		
ea3eb42363e1354f	file	/usr/local/lib/node_modules/npm/node_modules/brace-expansion/package.json		
3c30903e247aa2cc	file	/usr/local/lib/node_modules/npm/node_modules/cacache/node_modules/chownr/package.json		
3e49193650e9ad5d	file	/usr/local/lib/node_modules/npm/node_modules/cacache/node_modules/mkdirp/dist/cjs/package.json		
b04d5ce80a5d0dc5	file	/usr/local/lib/node_modules/npm/node_modules/cacache/node_modules/mkdirp/package.json		
d7c8cf61073c9b66	file	/usr/local/lib/node_modules/npm/node_modules/cacache/node_modules/tar/package.json		
48594b0393a2c355	file	/usr/local/lib/node_modules/npm/node_modules/cacache/node_modules/yallist/package.json		
2a0af8477883ed97	file	/usr/local/lib/node_modules/npm/node_modules/cacache/package.json		
f423ca981b986c69	file	/usr/local/lib/node_modules/npm/node_modules/chalk/package.json		
f6e70b73f363835e	file	/usr/local/lib/node_modules/npm/node_modules/chownr/package.json		
9388d40442a1a7e7	file	/usr/local/lib/node_modules/npm/node_modules/ci-info/package.json		
73ea58b0105e74c9	file	/usr/local/lib/node_modules/npm/node_modules/cidr-regex/package.json		
3f5f013dc8494e27	file	/usr/local/lib/node_modules/npm/node_modules/cli-columns/package.json		
84235900cd2e18b5	file	/usr/local/lib/node_modules/npm/node_modules/cmd-shim/package.json		
bbf9d09e0816e681	file	/usr/local/lib/node_modules/npm/node_modules/color-convert/package.json		
380877cc8bd98689	file	/usr/local/lib/node_modules/npm/node_modules/color-name/package.json		
80e048783e898501	file	/usr/local/lib/node_modules/npm/node_modules/common-ancestor-path/package.json		
63d3a500b08ecd38	file	/usr/local/lib/node_modules/npm/node_modules/cross-spawn/node_modules/which/package.json		
2cc090d03ee2896b	file	/usr/local/lib/node_modules/npm/node_modules/cross-spawn/package.json		
efbf2fe0fc6523bd	file	/usr/local/lib/node_modules/npm/node_modules/cssesc/package.json		
8dd5fdb4586f7289	file	/usr/local/lib/node_modules/npm/node_modules/debug/package.json		
e6339e31d853f28e	file	/usr/local/lib/node_modules/npm/node_modules/diff/package.json		
3e3b5dbe462722e0	file	/usr/local/lib/node_modules/npm/node_modules/eastasianwidth/package.json		
28af1ee7ee15019a	file	/usr/local/lib/node_modules/npm/node_modules/emoji-regex/package.json		
7815c52c32eccad6	file	/usr/local/lib/node_modules/npm/node_modules/encoding/package.json		
9e01ac9faacc084f	file	/usr/local/lib/node_modules/npm/node_modules/env-paths/package.json		
af561a5bb109135e	file	/usr/local/lib/node_modules/npm/node_modules/err-code/package.json		
10770dfaf310d5d1	file	/usr/local/lib/node_modules/npm/node_modules/exponential-backoff/package.json		
42e9a4d5501a9285	file	/usr/local/lib/node_modules/npm/node_modules/fastest-levenshtein/package.json		
4056de0c9dca57a7	file	/usr/local/lib/node_modules/npm/node_modules/foreground-child/package.json		
73c0fa586c696ecc	file	/usr/local/lib/node_modules/npm/node_modules/fs-minipass/package.json		
6d5e2e87b57e168a	file	/usr/local/lib/node_modules/npm/node_modules/glob/package.json		
b89ae394ece5fba4	file	/usr/local/lib/node_modules/npm/node_modules/graceful-fs/package.json		
bdf9e844d09f0ac9	file	/usr/local/lib/node_modules/npm/node_modules/hosted-git-info/package.json		
a9d16124bf42e9ce	file	/usr/local/lib/node_modules/npm/node_modules/http-cache-semantics/package.json		
21c8c2399c49b50c	file	/usr/local/lib/node_modules/npm/node_modules/http-proxy-agent/package.json		
2fb4d1ce7648266d	file	/usr/local/lib/node_modules/npm/node_modules/https-proxy-agent/package.json		
74f5db6c1dda6107	file	/usr/local/lib/node_modules/npm/node_modules/iconv-lite/package.json		
fd406e922bad9f77	file	/usr/local/lib/node_modules/npm/node_modules/ignore-walk/package.json		
be35ab75072189a1	file	/usr/local/lib/node_modules/npm/node_modules/imurmurhash/package.json		
7d6a21e1cd27a739	file	/usr/local/lib/node_modules/npm/node_modules/ini/package.json		
bed308b6ef860f28	file	/usr/local/lib/node_modules/npm/node_modules/init-package-json/package.json		
3f54e15c8a408c63	file	/usr/local/lib/node_modules/npm/node_modules/ip-address/package.json		
f55f14fb5a95501d	file	/usr/local/lib/node_modules/npm/node_modules/ip-regex/package.json		
f754c58966852bf7	file	/usr/local/lib/node_modules/npm/node_modules/is-cidr/package.json		
2ab87ac1614bc91a	file	/usr/local/lib/node_modules/npm/node_modules/is-fullwidth-code-point/package.json		
f1712bc77050eca8	file	/usr/local/lib/node_modules/npm/node_modules/isexe/package.json		
73499dbbe1d55095	file	/usr/local/lib/node_modules/npm/node_modules/jackspeak/package.json		
f79ad6c1dad72e20	file	/usr/local/lib/node_modules/npm/node_modules/jsbn/package.json		
834d0b942751bcce	file	/usr/local/lib/node_modules/npm/node_modules/json-parse-even-better-errors/package.json		
0c4f0e2267dbc9c5	file	/usr/local/lib/node_modules/npm/node_modules/json-stringify-nice/package.json		
34045c0e82582e22	file	/usr/local/lib/node_modules/npm/node_modules/jsonparse/package.json		
8263e99e202cef02	file	/usr/local/lib/node_modules/npm/node_modules/just-diff-apply/package.json		
6304514bf0f647c6	file	/usr/local/lib/node_modules/npm/node_modules/just-diff/package.json		
07ebb90bbdef58f6	file	/usr/local/lib/node_modules/npm/node_modules/libnpmaccess/package.json		
ffaa7a6738c44208	file	/usr/local/lib/node_modules/npm/node_modules/libnpmdiff/package.json		
88fd79e932551e44	file	/usr/local/lib/node_modules/npm/node_modules/libnpmexec/package.json		
3b579b06ee7d08ef	file	/usr/local/lib/node_modules/npm/node_modules/libnpmfund/package.json		
f86ff60f0dc2fbe6	file	/usr/local/lib/node_modules/npm/node_modules/libnpmhook/package.json		
0f106a90d3022928	file	/usr/local/lib/node_modules/npm/node_modules/libnpmorg/package.json		
b511100c89130d54	file	/usr/local/lib/node_modules/npm/node_modules/libnpmpack/package.json		
fcef6b6228456c81	file	/usr/local/lib/node_modules/npm/node_modules/libnpmpublish/package.json		
8cfea1627944e328	file	/usr/local/lib/node_modules/npm/node_modules/libnpmsearch/package.json		
08feccf801762abc	file	/usr/local/lib/node_modules/npm/node_modules/libnpmteam/package.json		
e1d3e560d72bca02	file	/usr/local/lib/node_modules/npm/node_modules/libnpmversion/package.json		
9b964f5ab1cb319c	file	/usr/local/lib/node_modules/npm/node_modules/lru-cache/package.json		
774ee298242692a5	file	/usr/local/lib/node_modules/npm/node_modules/make-fetch-happen/node_modules/negotiator/package.json		
95bb868929d2e847	file	/usr/local/lib/node_modules/npm/node_modules/make-fetch-happen/package.json		
ae93256e0caed6c5	file	/usr/local/lib/node_modules/npm/node_modules/minimatch/package.json		
398b09031d2d3fd7	file	/usr/local/lib/node_modules/npm/node_modules/minipass-collect/package.json		
1099e8fc6b085c60	file	/usr/local/lib/node_modules/npm/node_modules/minipass-fetch/package.json		
64cc376659d88a7c	file	/usr/local/lib/node_modules/npm/node_modules/minipass-flush/node_modules/minipass/package.json		
a2bd1c5c2cd32b4e	file	/usr/local/lib/node_modules/npm/node_modules/minipass-flush/package.json		
c96b449b54b995af	file	/usr/local/lib/node_modules/npm/node_modules/minipass-pipeline/node_modules/minipass/package.json		
a8506139911b9038	file	/usr/local/lib/node_modules/npm/node_modules/minipass-pipeline/package.json		
f862e0642570bc63	file	/usr/local/lib/node_modules/npm/node_modules/minipass-sized/node_modules/minipass/package.json		
382643d2b3c5a9a6	file	/usr/local/lib/node_modules/npm/node_modules/minipass-sized/package.json		
6ddc97755b104a47	file	/usr/local/lib/node_modules/npm/node_modules/minipass/package.json		
c0799aeb62dceb0a	file	/usr/local/lib/node_modules/npm/node_modules/minizlib/package.json		
02a273c1ec38d1f5	file	/usr/local/lib/node_modules/npm/node_modules/mkdirp/package.json		
1f7cad3e6b6b5829	file	/usr/local/lib/node_modules/npm/node_modules/ms/package.json		
07f39835f33ef17f	file	/usr/local/lib/node_modules/npm/node_modules/mute-stream/package.json		
311f6ae6b5337f5e	file	/usr/local/lib/node_modules/npm/node_modules/node-gyp/node_modules/chownr/package.json		
2c2037ad0e7b87e2	file	/usr/local/lib/node_modules/npm/node_modules/node-gyp/node_modules/mkdirp/dist/cjs/package.json		
43c6569f944049f0	file	/usr/local/lib/node_modules/npm/node_modules/node-gyp/node_modules/mkdirp/package.json		
c153721ab67b4b86	file	/usr/local/lib/node_modules/npm/node_modules/node-gyp/node_modules/tar/package.json		
42dca57da630bb3b	file	/usr/local/lib/node_modules/npm/node_modules/node-gyp/node_modules/yallist/package.json		
34957cf620b6cb6c	file	/usr/local/lib/node_modules/npm/node_modules/node-gyp/package.json		
125c8313123e6db8	file	/usr/local/lib/node_modules/npm/node_modules/nopt/package.json		
6cfa1492345d7617	file	/usr/local/lib/node_modules/npm/node_modules/normalize-package-data/package.json		
8fbf56d00360b045	file	/usr/local/lib/node_modules/npm/node_modules/npm-audit-report/package.json		
8829b566a116c8bf	file	/usr/local/lib/node_modules/npm/node_modules/npm-bundled/package.json		
af3c42acfe7ca493	file	/usr/local/lib/node_modules/npm/node_modules/npm-install-checks/package.json		
34711bb8ea5f6fc6	file	/usr/local/lib/node_modules/npm/node_modules/npm-normalize-package-bin/package.json		
53e6ebf0c557826a	file	/usr/local/lib/node_modules/npm/node_modules/npm-package-arg/package.json		
1bfd78a098428ab2	file	/usr/local/lib/node_modules/npm/node_modules/npm-packlist/package.json		
f0a7461d36fb7a78	file	/usr/local/lib/node_modules/npm/node_modules/npm-pick-manifest/package.json		
31aa911010426513	file	/usr/local/lib/node_modules/npm/node_modules/npm-profile/package.json		
fa783a1422b02ce1	file	/usr/local/lib/node_modules/npm/node_modules/npm-registry-fetch/package.json		
ff9ae49bc78cc2c9	file	/usr/local/lib/node_modules/npm/node_modules/npm-user-validate/package.json		
198caa188e92d812	file	/usr/local/lib/node_modules/npm/node_modules/p-map/package.json		
f8fc9cd797c35f6f	file	/usr/local/lib/node_modules/npm/node_modules/package-json-from-dist/package.json		
ba94d6832ff451b0	file	/usr/local/lib/node_modules/npm/node_modules/pacote/package.json		
cbfea8f909df8b90	file	/usr/local/lib/node_modules/npm/node_modules/parse-conflict-json/package.json		
3197f7e41defd42c	file	/usr/local/lib/node_modules/npm/node_modules/path-key/package.json		
e4d86a6b81ef44e2	file	/usr/local/lib/node_modules/npm/node_modules/path-scurry/package.json		
7a97e29c641b278e	file	/usr/local/lib/node_modules/npm/node_modules/postcss-selector-parser/package.json		
75105f7c3158b238	file	/usr/local/lib/node_modules/npm/node_modules/proc-log/package.json		
103f9633b9abe2a1	file	/usr/local/lib/node_modules/npm/node_modules/proggy/package.json		
4c108a3d5f0119b2	file	/usr/local/lib/node_modules/npm/node_modules/promise-all-reject-late/package.json		
077e4b9e0a75c9cd	file	/usr/local/lib/node_modules/npm/node_modules/promise-call-limit/package.json		
4a9981f7f6f707ea	file	/usr/local/lib/node_modules/npm/node_modules/promise-retry/package.json		
53b10bd3c4eeeec9	file	/usr/local/lib/node_modules/npm/node_modules/promzard/package.json		
d4f629b402f3ce11	file	/usr/local/lib/node_modules/npm/node_modules/qrcode-terminal/package.json		
88e87e1bf6924e1d	file	/usr/local/lib/node_modules/npm/node_modules/read-cmd-shim/package.json		
118dd5320cfa8c14	file	/usr/local/lib/node_modules/npm/node_modules/read-package-json-fast/package.json		
e025168ed6d4a22c	file	/usr/local/lib/node_modules/npm/node_modules/read/package.json		
8b1564948001fac7	file	/usr/local/lib/node_modules/npm/node_modules/retry/package.json		
f43d359a31766464	file	/usr/local/lib/node_modules/npm/node_modules/safer-buffer/package.json		
0e0e74b83ea4f1b1	file	/usr/local/lib/node_modules/npm/node_modules/semver/package.json		
1ab49faf5312f235	file	/usr/local/lib/node_modules/npm/node_modules/shebang-command/package.json		
702e462fdcc73092	file	/usr/local/lib/node_modules/npm/node_modules/shebang-regex/package.json		
abb67bac4bed9b12	file	/usr/local/lib/node_modules/npm/node_modules/signal-exit/package.json		
a3cca3144844d131	file	/usr/local/lib/node_modules/npm/node_modules/sigstore/node_modules/@sigstore/bundle/package.json		
66dc4894e7c1cb14	file	/usr/local/lib/node_modules/npm/node_modules/sigstore/node_modules/@sigstore/core/package.json		
18521008a3204e32	file	/usr/local/lib/node_modules/npm/node_modules/sigstore/node_modules/@sigstore/sign/package.json		
7df0a2ec06d5f1db	file	/usr/local/lib/node_modules/npm/node_modules/sigstore/node_modules/@sigstore/verify/package.json		
2980be26873d9c4b	file	/usr/local/lib/node_modules/npm/node_modules/sigstore/package.json		
0adcc9bf3cecea7d	file	/usr/local/lib/node_modules/npm/node_modules/smart-buffer/package.json		
8fa252e965ccd1bf	file	/usr/local/lib/node_modules/npm/node_modules/socks-proxy-agent/package.json		
ad25c995c60a58b7	file	/usr/local/lib/node_modules/npm/node_modules/socks/package.json		
fc74df0dd15548a0	file	/usr/local/lib/node_modules/npm/node_modules/spdx-correct/node_modules/spdx-expression-parse/package.json		
501b06e521d5b5b7	file	/usr/local/lib/node_modules/npm/node_modules/spdx-correct/package.json		
5f6a17e2dc0dc0ee	file	/usr/local/lib/node_modules/npm/node_modules/spdx-exceptions/package.json		
221c7cfe643a1f61	file	/usr/local/lib/node_modules/npm/node_modules/spdx-expression-parse/package.json		
1ddf38aefc9232ee	file	/usr/local/lib/node_modules/npm/node_modules/spdx-license-ids/package.json		
a35fed737409d8d3	file	/usr/local/lib/node_modules/npm/node_modules/sprintf-js/package.json		
681b8d19a1fdcae6	file	/usr/local/lib/node_modules/npm/node_modules/ssri/package.json		
4513035521ac5506	file	/usr/local/lib/node_modules/npm/node_modules/string-width-cjs/package.json		
e4c50a45d69fc25a	file	/usr/local/lib/node_modules/npm/node_modules/string-width/package.json		
b509c3540832f027	file	/usr/local/lib/node_modules/npm/node_modules/strip-ansi-cjs/package.json		
f219c1a3c7b6d4a3	file	/usr/local/lib/node_modules/npm/node_modules/strip-ansi/package.json		
39e412159ef18223	file	/usr/local/lib/node_modules/npm/node_modules/supports-color/package.json		
ceea0581fb987172	file	/usr/local/lib/node_modules/npm/node_modules/tar/node_modules/fs-minipass/node_modules/minipass/package.json		
0bc1a556c8563ec8	file	/usr/local/lib/node_modules/npm/node_modules/tar/node_modules/fs-minipass/package.json		
c549bf405618caa7	file	/usr/local/lib/node_modules/npm/node_modules/tar/node_modules/minipass/package.json		
fb04ead17ec3ba59	file	/usr/local/lib/node_modules/npm/node_modules/tar/node_modules/minizlib/node_modules/minipass/package.json		
beeb5b7fc8155749	file	/usr/local/lib/node_modules/npm/node_modules/tar/node_modules/minizlib/package.json		
43e0483748582a19	file	/usr/local/lib/node_modules/npm/node_modules/tar/package.json		
306b449049e7ddd1	file	/usr/local/lib/node_modules/npm/node_modules/text-table/package.json		
f2a0c9d11d1ec54e	file	/usr/local/lib/node_modules/npm/node_modules/tiny-relative-date/package.json		
2babc174e170f646	file	/usr/local/lib/node_modules/npm/node_modules/tinyglobby/node_modules/fdir/package.json		
2b03440a525e053a	file	/usr/local/lib/node_modules/npm/node_modules/tinyglobby/node_modules/picomatch/package.json		
496e38a3d44cbbac	file	/usr/local/lib/node_modules/npm/node_modules/tinyglobby/package.json		
ebdb534b0ef50f95	file	/usr/local/lib/node_modules/npm/node_modules/treeverse/package.json		
2c4652df627f214a	file	/usr/local/lib/node_modules/npm/node_modules/tuf-js/node_modules/@tufjs/models/package.json		
2f5aaa74af9b1519	file	/usr/local/lib/node_modules/npm/node_modules/tuf-js/package.json		
ce8b5f35ba18f30f	file	/usr/local/lib/node_modules/npm/node_modules/unique-filename/package.json		
5c50931832a43406	file	/usr/local/lib/node_modules/npm/node_modules/unique-slug/package.json		
861407d8430f0a32	file	/usr/local/lib/node_modules/npm/node_modules/util-deprecate/package.json		
3f17f9d24d63c58d	file	/usr/local/lib/node_modules/npm/node_modules/validate-npm-package-license/node_modules/spdx-expression-parse/package.json		
a6f55adcffdabe26	file	/usr/local/lib/node_modules/npm/node_modules/validate-npm-package-license/package.json		
acb081c8cf71c35c	file	/usr/local/lib/node_modules/npm/node_modules/validate-npm-package-name/package.json		
160bc7024953e381	file	/usr/local/lib/node_modules/npm/node_modules/walk-up-path/package.json		
6ef0cfc56b5f958e	file	/usr/local/lib/node_modules/npm/node_modules/which/node_modules/isexe/package.json		
039ac8f1e2b95e37	file	/usr/local/lib/node_modules/npm/node_modules/which/package.json		
4322f3fdc3223012	file	/usr/local/lib/node_modules/npm/node_modules/wrap-ansi-cjs/node_modules/ansi-styles/package.json		
6ae6cff807eac60a	file	/usr/local/lib/node_modules/npm/node_modules/wrap-ansi-cjs/package.json		
813bcaf3cb0e72c4	file	/usr/local/lib/node_modules/npm/node_modules/wrap-ansi/node_modules/ansi-regex/package.json		
22a7157331a1e056	file	/usr/local/lib/node_modules/npm/node_modules/wrap-ansi/node_modules/emoji-regex/package.json		
0beb7ad528289d4e	file	/usr/local/lib/node_modules/npm/node_modules/wrap-ansi/node_modules/string-width/package.json		
673f988d0f2c41b6	file	/usr/local/lib/node_modules/npm/node_modules/wrap-ansi/node_modules/strip-ansi/package.json		
07c1872cfa7476ff	file	/usr/local/lib/node_modules/npm/node_modules/wrap-ansi/package.json		
3816621cede0bce1	file	/usr/local/lib/node_modules/npm/node_modules/write-file-atomic/package.json		
9a16da3c6932056e	file	/usr/local/lib/node_modules/npm/node_modules/yallist/package.json		
1612d2f81847cb2e	file	/usr/local/lib/node_modules/npm/package.json		
dbd34ba6bf22b801	file	/opt/yarn-v1.22.22/package.json		
aa86960918081b17	file	/etc/fonts/conf.avail/20-unhint-small-dejavu-lgc-sans-mono.conf		
7a1b29e091502c07	file	/etc/fonts/conf.avail/20-unhint-small-dejavu-lgc-sans.conf		
77639fdc28ac5a25	file	/etc/fonts/conf.avail/20-unhint-small-dejavu-lgc-serif.conf		
62d109a25c9a07bf	file	/etc/fonts/conf.avail/20-unhint-small-dejavu-sans-mono.conf		
a7fafc03443834ea	file	/etc/fonts/conf.avail/20-unhint-small-dejavu-sans.conf		
40f6666a82ca3155	file	/etc/fonts/conf.avail/20-unhint-small-dejavu-serif.conf		
27ad9e1c1e5f4eb0	file	/etc/fonts/conf.avail/57-dejavu-sans-mono.conf		
9f95ca4714eb7ffc	file	/etc/fonts/conf.avail/57-dejavu-sans.conf		
6d27a75314515aad	file	/etc/fonts/conf.avail/57-dejavu-serif.conf		
85fb67e49e8a6d34	file	/etc/fonts/conf.avail/58-dejavu-lgc-sans-mono.conf		
6d7f75534f939a84	file	/etc/fonts/conf.avail/58-dejavu-lgc-sans.conf		
8e8dee5de3d6c69d	file	/etc/fonts/conf.avail/58-dejavu-lgc-serif.conf		
0394173d65f9e298	file	/etc/fonts/conf.d/README		
eda652a996c1b88f	file	/etc/fonts/fonts.conf		
5d4ab6a16485bc1e	file	/etc/gprofng.rc		
fcfe66f41cbcd04c	file	/etc/init.d/uuidd		
dd0a0b9f871b3a6c	file	/etc/ldap/ldap.conf		
3e10f9a1fcbc3cb9	file	/etc/netconfig		
5c8bc7bc6aa39ecc	file	/etc/ssl/openssl.cnf		
fc35623efafbb2e5	file	/usr/bin/c89-gcc		
99843e9f25b7d330	file	/usr/bin/c99-gcc		
34ca7232c835aad2	file	/usr/bin/c_rehash		
4cbddedbead4780c	file	/usr/bin/curl		
b1704e26687457e7	file	/usr/bin/funzip		
5adb35a2f4bbc867	file	/usr/bin/gencat		
6b5aae7a6acdc322	file	/usr/bin/memusage		
79a4f54b4ed1ea4f	file	/usr/bin/memusagestat		
17fab0a27ddc9592	file	/usr/bin/mtrace		
bed8e99863872062	file	/usr/bin/openssl		
666cee88f909b175	file	/usr/bin/rpcgen		
207e9918aa0ff2c2	file	/usr/bin/sotruss		
fe71f33ab6b8f33a	file	/usr/bin/sprof		
422da1c936aa2f62	file	/usr/bin/unzip		
0ab2f58f28652a8f	file	/usr/bin/unzipsfx		
3ef1313fcfbf621d	file	/usr/bin/uuidgen		
8cdce2318b529ab4	file	/usr/bin/uuidparse		
0670df0bf59d4a3d	file	/usr/bin/x86_64-linux-gnu-addr2line		
53431a50cc8abdbb	file	/usr/bin/x86_64-linux-gnu-ar		
34975f4481c17f3e	file	/usr/bin/x86_64-linux-gnu-as		
03a83504250823ac	file	/usr/bin/x86_64-linux-gnu-c++filt		
f44387fbbb5f162b	file	/usr/bin/x86_64-linux-gnu-cpp-12		
e5e5263eca4e7be4	file	/usr/bin/x86_64-linux-gnu-dwp		
eab0a8bad842f4d7	file	/usr/bin/x86_64-linux-gnu-elfedit		
d148044b356e0d75	file	/usr/bin/x86_64-linux-gnu-g++-12		
d813f00bb9711961	file	/usr/bin/x86_64-linux-gnu-gcc-12		
e54de68d492dc4b6	file	/usr/bin/x86_64-linux-gnu-gcc-ar-12		
63964ae97b1e71ab	file	/usr/bin/x86_64-linux-gnu-gcc-nm-12		
c1f4f135775ffd8b	file	/usr/bin/x86_64-linux-gnu-gcc-ranlib-12		
afd5b3dabd346957	file	/usr/bin/x86_64-linux-gnu-gcov-12		
f5984cf4a99a767d	file	/usr/bin/x86_64-linux-gnu-gcov-dump-12		
5047fd81a72b6d13	file	/usr/bin/x86_64-linux-gnu-gcov-tool-12		
db1636bdfbaa7f36	file	/usr/bin/x86_64-linux-gnu-gp-archive		
18644ee1a9941888	file	/usr/bin/x86_64-linux-gnu-gp-collect-app		
e271fe63e267922c	file	/usr/bin/x86_64-linux-gnu-gp-display-html		
18aabdb26ce8cb9b	file	/usr/bin/x86_64-linux-gnu-gp-display-src		
0fd017c258e2e825	file	/usr/bin/x86_64-linux-gnu-gp-display-text		
f0884b0b3c571bfb	file	/usr/bin/x86_64-linux-gnu-gprof		
c087b4e076e5625a	file	/usr/bin/x86_64-linux-gnu-gprofng		
e68998e6fe4f0bfe	file	/usr/bin/x86_64-linux-gnu-ld.bfd		
3bf7203da5698031	file	/usr/bin/x86_64-linux-gnu-ld.gold		
288b09016cb47be3	file	/usr/bin/x86_64-linux-gnu-lto-dump-12		
09eac3a4341fc108	file	/usr/bin/x86_64-linux-gnu-nm		
e210ea823628ccd3	file	/usr/bin/x86_64-linux-gnu-objcopy		
a70ea5687b717eea	file	/usr/bin/x86_64-linux-gnu-objdump		
970338f7fa48005a	file	/usr/bin/x86_64-linux-gnu-ranlib		
9b8053b6bde37d04	file	/usr/bin/x86_64-linux-gnu-readelf		
d548e15f17811435	file	/usr/bin/x86_64-linux-gnu-size		
a275704414cc358a	file	/usr/bin/x86_64-linux-gnu-strings		
dd48aede3402e17c	file	/usr/bin/x86_64-linux-gnu-strip		
1868bceee0e506c5	file	/usr/bin/zip		
251b711de8e1fad7	file	/usr/bin/zipcloak		
c24c04146ac402fe	file	/usr/bin/zipgrep		
8704734f4db5dfe1	file	/usr/bin/zipnote		
283f323a6615df98	file	/usr/bin/zipsplit		
f4454586b6b7997f	file	/usr/include/aio.h		
c8810fcefc8a8c1a	file	/usr/include/aliases.h		
40e6226c7a86c7e4	file	/usr/include/alloca.h		
f9facafd842c5391	file	/usr/include/ar.h		
19d546d630e38725	file	/usr/include/argp.h		
c313b38385fc150f	file	/usr/include/argz.h		
a4f692136c2c26ed	file	/usr/include/arpa/ftp.h		
53af7806f3d34f54	file	/usr/include/arpa/inet.h		
cf3c60104ba37096	file	/usr/include/arpa/nameser.h		
c25fe16fcbdbfafe	file	/usr/include/arpa/nameser_compat.h		
e7a6cdf7487139fd	file	/usr/include/arpa/telnet.h		
51f8cbf148742e0c	file	/usr/include/arpa/tftp.h		
0fc77ede42471fb2	file	/usr/include/asm-generic/auxvec.h		
020e7573f845d8f4	file	/usr/include/asm-generic/bitsperlong.h		
260eb3abef67ea45	file	/usr/include/asm-generic/bpf_perf_event.h		
2131348a611e7aae	file	/usr/include/asm-generic/errno-base.h		
7d70a812bde1de91	file	/usr/include/asm-generic/errno.h		
b79d8140c509d61c	file	/usr/include/asm-generic/fcntl.h		
0aad9d83291aa41e	file	/usr/include/asm-generic/hugetlb_encode.h		
1b6822ea5ee21d28	file	/usr/include/asm-generic/int-l64.h		
0a160c83f40bebf0	file	/usr/include/asm-generic/int-ll64.h		
1fec370a08712e57	file	/usr/include/asm-generic/ioctl.h		
803bf7f62e95aeff	file	/usr/include/asm-generic/ioctls.h		
6d023d8744c35b26	file	/usr/include/asm-generic/ipcbuf.h		
3a31ed326e7e1d9b	file	/usr/include/asm-generic/kvm_para.h		
53c44301102373bc	file	/usr/include/asm-generic/mman-common.h		
e510d8cf9f30c620	file	/usr/include/asm-generic/mman.h		
cb40da1c249a8ac8	file	/usr/include/asm-generic/msgbuf.h		
75f1f471a8866efb	file	/usr/include/asm-generic/param.h		
65ea5738cf965bdd	file	/usr/include/asm-generic/poll.h		
865a562fd0e40a43	file	/usr/include/asm-generic/posix_types.h		
71cb19f437a05c97	file	/usr/include/asm-generic/resource.h		
a43902f95e8e22ae	file	/usr/include/asm-generic/sembuf.h		
7c74e9fe0e280395	file	/usr/include/asm-generic/setup.h		
1f65d4f53b3c8633	file	/usr/include/asm-generic/shmbuf.h		
5b32e790f0b60bc2	file	/usr/include/asm-generic/siginfo.h		
3462e9ce6e658723	file	/usr/include/asm-generic/signal-defs.h		
f03727f25247d8dc	file	/usr/include/asm-generic/signal.h		
4a2758eb20bf339d	file	/usr/include/asm-generic/socket.h		
cdd7cb87e2126219	file	/usr/include/asm-generic/sockios.h		
a9ac68f42b352804	file	/usr/include/asm-generic/stat.h		
866a1aa8f089f731	file	/usr/include/asm-generic/statfs.h		
c9c5b363d5e90821	file	/usr/include/asm-generic/swab.h		
53ee602d4c03e149	file	/usr/include/asm-generic/termbits-common.h		
01ed21e48a959d45	file	/usr/include/asm-generic/termbits.h		
e38068eaf0d7c276	file	/usr/include/asm-generic/termios.h		
62f69431ef899027	file	/usr/include/asm-generic/types.h		
b6abbcec685b56db	file	/usr/include/asm-generic/ucontext.h		
a556db0e10180f05	file	/usr/include/asm-generic/unistd.h		
0788e2510ac9ff9c	file	/usr/include/assert.h		
259a9be3d6e3a003	file	/usr/include/byteswap.h		
d9349462e5545df6	file	/usr/include/c++/12/algorithm		
8a45c5d163c244be	file	/usr/include/c++/12/any		
65c2a631e0350c24	file	/usr/include/c++/12/array		
0fe3015accfa3fb4	file	/usr/include/c++/12/atomic		
cf2928fb0ee5bbb6	file	/usr/include/c++/12/backward/auto_ptr.h		
32cb58ed2ff3a07f	file	/usr/include/c++/12/backward/backward_warning.h		
62677e417f451669	file	/usr/include/c++/12/backward/binders.h		
0108561f9a69a7aa	file	/usr/include/c++/12/backward/hash_fun.h		
d2a4cf4d42d8e660	file	/usr/include/c++/12/backward/hash_map		
e980c6385f91ac1f	file	/usr/include/c++/12/backward/hash_set		
2846f1217fabb024	file	/usr/include/c++/12/backward/hashtable.h		
55389a9063ec747a	file	/usr/include/c++/12/backward/strstream		
5f5e722083866460	file	/usr/include/c++/12/barrier		
81782b38d5880345	file	/usr/include/c++/12/bit		
877b8edefcac0f47	file	/usr/include/c++/12/bits/algorithmfwd.h		
03c295c392723eb4	file	/usr/include/c++/12/bits/align.h		
297b1e37e1b528be	file	/usr/include/c++/12/bits/alloc_traits.h		
f036d709d6c8b225	file	/usr/include/c++/12/bits/allocated_ptr.h		
eaa32657f291fdfc	file	/usr/include/c++/12/bits/allocator.h		
5b75bdcc8067e530	file	/usr/include/c++/12/bits/atomic_base.h		
dc1187dfdb3aa1c3	file	/usr/include/c++/12/bits/atomic_futex.h		
371ff7bca5e06589	file	/usr/include/c++/12/bits/atomic_lockfree_defines.h		
1846b6a0e60b9a9a	file	/usr/include/c++/12/bits/atomic_timed_wait.h		
3cc35a0731594f11	file	/usr/include/c++/12/bits/atomic_wait.h		
5316a82bc33b661c	file	/usr/include/c++/12/bits/basic_ios.h		
939d48c415cbe8e4	file	/usr/include/c++/12/bits/basic_ios.tcc		
395fc65f64ce0f6f	file	/usr/include/c++/12/bits/basic_string.h		
efa36e390b954c91	file	/usr/include/c++/12/bits/basic_string.tcc		
d4be0ae85cdb9906	file	/usr/include/c++/12/bits/boost_concept_check.h		
49d18a75974a0443	file	/usr/include/c++/12/bits/c++0x_warning.h		
96e9053c576bb295	file	/usr/include/c++/12/bits/char_traits.h		
137bd6e915dfc494	file	/usr/include/c++/12/bits/charconv.h		
08ade4f16759c158	file	/usr/include/c++/12/bits/chrono.h		
bb0be62158608ec4	file	/usr/include/c++/12/bits/codecvt.h		
f4ac96bf9d58f403	file	/usr/include/c++/12/bits/concept_check.h		
c86dd2674d9f498f	file	/usr/include/c++/12/bits/cow_string.h		
23926a07a044a889	file	/usr/include/c++/12/bits/cpp_type_traits.h		
bc3ec0e8aacf92c4	file	/usr/include/c++/12/bits/cxxabi_forced.h		
a17d2c402619038f	file	/usr/include/c++/12/bits/cxxabi_init_exception.h		
b6c7e527502595ca	file	/usr/include/c++/12/bits/deque.tcc		
8b748c5016b1c3ea	file	/usr/include/c++/12/bits/enable_special_members.h		
8b4a13b7ce9672ed	file	/usr/include/c++/12/bits/erase_if.h		
3fd964ac9a82898e	file	/usr/include/c++/12/bits/exception.h		
bf718eeef73808ca	file	/usr/include/c++/12/bits/exception_defines.h		
2ba806f159324651	file	/usr/include/c++/12/bits/exception_ptr.h		
9a929c0446117ebd	file	/usr/include/c++/12/bits/forward_list.h		
e4f1dda126252d0a	file	/usr/include/c++/12/bits/forward_list.tcc		
46ad480ed20a1849	file	/usr/include/c++/12/bits/fs_dir.h		
3edd60c4667bbb75	file	/usr/include/c++/12/bits/fs_fwd.h		
d9d3a84640a3201c	file	/usr/include/c++/12/bits/fs_ops.h		
03d7f994c22cd7f9	file	/usr/include/c++/12/bits/fs_path.h		
bb1b6e689f7a6a93	file	/usr/include/c++/12/bits/fstream.tcc		
f8d0fea8b40dd50e	file	/usr/include/c++/12/bits/functexcept.h		
f94934a7ffacb9b4	file	/usr/include/c++/12/bits/functional_hash.h		
5aea6e0605d9db71	file	/usr/include/c++/12/bits/gslice.h		
fede73e1b964162f	file	/usr/include/c++/12/bits/gslice_array.h		
df84e0304c05a2d9	file	/usr/include/c++/12/bits/hash_bytes.h		
efb78613ec733dd8	file	/usr/include/c++/12/bits/hashtable.h		
3b02a7e19be1b43a	file	/usr/include/c++/12/bits/hashtable_policy.h		
768c4161d698cfd9	file	/usr/include/c++/12/bits/indirect_array.h		
101268dbee173030	file	/usr/include/c++/12/bits/invoke.h		
77e7b5e061dd5325	file	/usr/include/c++/12/bits/ios_base.h		
61e3feb4ea5a37da	file	/usr/include/c++/12/bits/istream.tcc		
06a3ca63c11d8979	file	/usr/include/c++/12/bits/iterator_concepts.h		
a64221afc16a980f	file	/usr/include/c++/12/bits/list.tcc		
0f77d1ea31efd963	file	/usr/include/c++/12/bits/locale_classes.h		
a583328d9b280c47	file	/usr/include/c++/12/bits/locale_classes.tcc		
2504554670effd76	file	/usr/include/c++/12/bits/locale_conv.h		
d8c6fc0704441ce2	file	/usr/include/c++/12/bits/locale_facets.h		
9ba15945ef0fe258	file	/usr/include/c++/12/bits/locale_facets.tcc		
02860861983225b8	file	/usr/include/c++/12/bits/locale_facets_nonio.h		
cbca2b58e4a031f6	file	/usr/include/c++/12/bits/locale_facets_nonio.tcc		
ec9f497ef2559588	file	/usr/include/c++/12/bits/localefwd.h		
5f56768297a6a9e6	file	/usr/include/c++/12/bits/mask_array.h		
1524d2efa3313484	file	/usr/include/c++/12/bits/max_size_type.h		
7488a38605c1ca68	file	/usr/include/c++/12/bits/memoryfwd.h		
6209c020a86a0270	file	/usr/include/c++/12/bits/mofunc_impl.h		
7f1fc95d078255e3	file	/usr/include/c++/12/bits/move.h		
87c46f9129546c2d	file	/usr/include/c++/12/bits/move_only_function.h		
4ed0d01401cca6aa	file	/usr/include/c++/12/bits/nested_exception.h		
e9ddf23efb2b06bf	file	/usr/include/c++/12/bits/new_allocator.h		
b534f44cdb38a6cb	file	/usr/include/c++/12/bits/node_handle.h		
7de8d73a61f3c19d	file	/usr/include/c++/12/bits/ostream.tcc		
6a6cef53879087b0	file	/usr/include/c++/12/bits/ostream_insert.h		
db9200699235895f	file	/usr/include/c++/12/bits/parse_numbers.h		
bddb24d07e2fa00d	file	/usr/include/c++/12/bits/postypes.h		
b8b092042f1c5dfd	file	/usr/include/c++/12/bits/predefined_ops.h		
358848e8392fca7e	file	/usr/include/c++/12/bits/ptr_traits.h		
9d952609445bf8c0	file	/usr/include/c++/12/bits/quoted_string.h		
cf131290f33f6b9c	file	/usr/include/c++/12/bits/random.h		
039ebc5d8bd863e5	file	/usr/include/c++/12/bits/random.tcc		
1013d6a4a6c57379	file	/usr/include/c++/12/bits/range_access.h		
a4858c20cd92e21d	file	/usr/include/c++/12/bits/ranges_algo.h		
7146ba25c11c132c	file	/usr/include/c++/12/bits/ranges_algobase.h		
9c6bb4d1bf3a8dec	file	/usr/include/c++/12/bits/ranges_base.h		
4fc7d8d178931a8f	file	/usr/include/c++/12/bits/ranges_cmp.h		
dfe6fc2dc94d26dc	file	/usr/include/c++/12/bits/ranges_uninitialized.h		
5d188adcc40e569e	file	/usr/include/c++/12/bits/ranges_util.h		
84127b632479cca0	file	/usr/include/c++/12/bits/refwrap.h		
a19daac97d97799e	file	/usr/include/c++/12/bits/regex.h		
7a278d50867e4081	file	/usr/include/c++/12/bits/regex.tcc		
f272d507530ae638	file	/usr/include/c++/12/bits/regex_automaton.h		
daea107c98773c7b	file	/usr/include/c++/12/bits/regex_automaton.tcc		
008d538aa9b73fd4	file	/usr/include/c++/12/bits/regex_compiler.h		
b412681f58bcb134	file	/usr/include/c++/12/bits/regex_compiler.tcc		
5df5d20b7d8ef84a	file	/usr/include/c++/12/bits/regex_constants.h		
705759d2afc3e413	file	/usr/include/c++/12/bits/regex_error.h		
06894690723be793	file	/usr/include/c++/12/bits/regex_executor.h		
12a4a68aa00cb1a0	file	/usr/include/c++/12/bits/regex_executor.tcc		
8e8c0c47ed634166	file	/usr/include/c++/12/bits/regex_scanner.h		
b24f0b747022d2cc	file	/usr/include/c++/12/bits/regex_scanner.tcc		
2950180068b3fc7d	file	/usr/include/c++/12/bits/semaphore_base.h		
61c630ca4d1673e0	file	/usr/include/c++/12/bits/shared_ptr.h		
e1faa2c8aaeb972f	file	/usr/include/c++/12/bits/shared_ptr_atomic.h		
11f72bf1c2ccd69d	file	/usr/include/c++/12/bits/shared_ptr_base.h		
41ae990a0eb31993	file	/usr/include/c++/12/bits/slice_array.h		
3c76038302d769f9	file	/usr/include/c++/12/bits/specfun.h		
189f1e6b730813be	file	/usr/include/c++/12/bits/sstream.tcc		
5c9631833bc2bdb8	file	/usr/include/c++/12/bits/std_abs.h		
d58d7ca46c85cfe2	file	/usr/include/c++/12/bits/std_function.h		
a956e9abfde50dff	file	/usr/include/c++/12/bits/std_mutex.h		
fa94e8ec8ead7331	file	/usr/include/c++/12/bits/std_thread.h		
13ea51f1ee5650e3	file	/usr/include/c++/12/bits/stl_algo.h		
2ee0237bc3bd3eea	file	/usr/include/c++/12/bits/stl_algobase.h		
6e7d46e72f617ac6	file	/usr/include/c++/12/bits/stl_bvector.h		
c0bb5d018fa3e35d	file	/usr/include/c++/12/bits/stl_construct.h		
b32b240de7343acf	file	/usr/include/c++/12/bits/stl_deque.h		
f5897123f5533a4b	file	/usr/include/c++/12/bits/stl_function.h		
27b263d63590e7f5	file	/usr/include/c++/12/bits/stl_heap.h		
d22b849b3ae92335	file	/usr/include/c++/12/bits/stl_iterator.h		
69ca72e0794501b1	file	/usr/include/c++/12/bits/stl_iterator_base_funcs.h		
af3bba4e1c1d4af2	file	/usr/include/c++/12/bits/stl_iterator_base_types.h		
5830e09785e285c2	file	/usr/include/c++/12/bits/stl_list.h		
f742fd35a8faf988	file	/usr/include/c++/12/bits/stl_map.h		
5802af29a6b4b17a	file	/usr/include/c++/12/bits/stl_multimap.h		
8f02c2a517ac9530	file	/usr/include/c++/12/bits/stl_multiset.h		
0a45d74511c7ce6c	file	/usr/include/c++/12/bits/stl_numeric.h		
bc1f73b5cd66e3fe	file	/usr/include/c++/12/bits/stl_pair.h		
9a801051bdc11d7d	file	/usr/include/c++/12/bits/stl_queue.h		
aeb48794afcfc237	file	/usr/include/c++/12/bits/stl_raw_storage_iter.h		
af2635045f836b4d	file	/usr/include/c++/12/bits/stl_relops.h		
cb754e963b721091	file	/usr/include/c++/12/bits/stl_set.h		
8bda41ab1ed0170c	file	/usr/include/c++/12/bits/stl_stack.h		
9e2867d7179831b2	file	/usr/include/c++/12/bits/stl_tempbuf.h		
8056f36054609ef5	file	/usr/include/c++/12/bits/stl_tree.h		
138500b732e33531	file	/usr/include/c++/12/bits/stl_uninitialized.h		
1a3983a4d1f96541	file	/usr/include/c++/12/bits/stl_vector.h		
aa0c5a7fa3186057	file	/usr/include/c++/12/bits/stream_iterator.h		
d76d416810f89941	file	/usr/include/c++/12/bits/streambuf.tcc		
d5ab6ca2e66eb406	file	/usr/include/c++/12/bits/streambuf_iterator.h		
f9053acc3247187c	file	/usr/include/c++/12/bits/string_view.tcc		
45a75daa9c9e76f9	file	/usr/include/c++/12/bits/stringfwd.h		
2fbee5bebf638bc4	file	/usr/include/c++/12/bits/this_thread_sleep.h		
6175968f26d3f365	file	/usr/include/c++/12/bits/uniform_int_dist.h		
6ef9f6c30e12e3af	file	/usr/include/c++/12/bits/unique_lock.h		
38f12cadf8eb1ebc	file	/usr/include/c++/12/bits/unique_ptr.h		
60abce202930bd87	file	/usr/include/c++/12/bits/unordered_map.h		
7d56071eb0119948	file	/usr/include/c++/12/bits/unordered_set.h		
bace8b88ea20f18d	file	/usr/include/c++/12/bits/uses_allocator.h		
6ff8343fda13042d	file	/usr/include/c++/12/bits/uses_allocator_args.h		
ed0b9449c87d627e	file	/usr/include/c++/12/bits/utility.h		
271d35390c233070	file	/usr/include/c++/12/bits/valarray_after.h		
62f04f93637b9792	file	/usr/include/c++/12/bits/valarray_array.h		
20f457243510ab46	file	/usr/include/c++/12/bits/valarray_array.tcc		
68939a03e00755a5	file	/usr/include/c++/12/bits/valarray_before.h		
7f8d7ec5f712d921	file	/usr/include/c++/12/bits/vector.tcc		
0b7d7d50b1ee5709	file	/usr/include/c++/12/bitset		
36e46cb5f9fcdc94	file	/usr/include/c++/12/cassert		
c70b2c3ef2a0a3a3	file	/usr/include/c++/12/ccomplex		
307093a498e691d2	file	/usr/include/c++/12/cctype		
3c4886eef890c702	file	/usr/include/c++/12/cerrno		
b73cce09733c79cf	file	/usr/include/c++/12/cfenv		
8f7cde860dcf347d	file	/usr/include/c++/12/cfloat		
28d26032e2dbe16d	file	/usr/include/c++/12/charconv		
fe4a3731f636fc4d	file	/usr/include/c++/12/chrono		
d4b384b8d4538038	file	/usr/include/c++/12/cinttypes		
250c4325a71c0579	file	/usr/include/c++/12/ciso646		
a75ba5608b6bcfe4	file	/usr/include/c++/12/climits		
a401482665146f93	file	/usr/include/c++/12/clocale		
61a7ac085073f0a5	file	/usr/include/c++/12/cmath		
885406aea6dbb810	file	/usr/include/c++/12/codecvt		
86840840ae0e85e6	file	/usr/include/c++/12/compare		
7bd9d0580c9ef2a2	file	/usr/include/c++/12/complex		
4db46f70c1a57fd2	file	/usr/include/c++/12/complex.h		
41f0c59a9669842a	file	/usr/include/c++/12/concepts		
02a93f8b7cbb9d41	file	/usr/include/c++/12/condition_variable		
eeeeb9a8d418071b	file	/usr/include/c++/12/coroutine		
12210598ce1470f9	file	/usr/include/c++/12/csetjmp		
d68016465982a1bc	file	/usr/include/c++/12/csignal		
0dee0662f7dd3aad	file	/usr/include/c++/12/cstdalign		
3fcf82a22984745f	file	/usr/include/c++/12/cstdarg		
9689e17c95d17779	file	/usr/include/c++/12/cstdbool		
07308680a26f5136	file	/usr/include/c++/12/cstddef		
d3c1b1f8496b6151	file	/usr/include/c++/12/cstdint		
5c08668e46c48972	file	/usr/include/c++/12/cstdio		
6da918739dc243ce	file	/usr/include/c++/12/cstdlib		
25f483f42539e43f	file	/usr/include/c++/12/cstring		
c2a4fd082ef79ca3	file	/usr/include/c++/12/ctgmath		
413785a17de0653d	file	/usr/include/c++/12/ctime		
9dc2934face8b5eb	file	/usr/include/c++/12/cuchar		
bf92321d07395062	file	/usr/include/c++/12/cwchar		
1443a12e5f590570	file	/usr/include/c++/12/cwctype		
b80946b3be2461d1	file	/usr/include/c++/12/cxxabi.h		
c04b3aed0cc9b98d	file	/usr/include/c++/12/debug/assertions.h		
68b5b06ca24a4bb3	file	/usr/include/c++/12/debug/bitset		
b6ece811612863b5	file	/usr/include/c++/12/debug/debug.h		
beb942f47ea88779	file	/usr/include/c++/12/debug/deque		
1b960686a810ffa1	file	/usr/include/c++/12/debug/formatter.h		
bb9d57db6717499d	file	/usr/include/c++/12/debug/forward_list		
6a2bc91e0ec3f8cf	file	/usr/include/c++/12/debug/functions.h		
79b38cfc7eecb41d	file	/usr/include/c++/12/debug/helper_functions.h		
631e5ab8bee0e53b	file	/usr/include/c++/12/debug/list		
cba83850f2d6b773	file	/usr/include/c++/12/debug/macros.h		
80a13f9df5466e33	file	/usr/include/c++/12/debug/map		
0ab5c07817144bdf	file	/usr/include/c++/12/debug/map.h		
da9b86e55887914f	file	/usr/include/c++/12/debug/multimap.h		
caf580c0116f26aa	file	/usr/include/c++/12/debug/multiset.h		
0f4f120798b4be17	file	/usr/include/c++/12/debug/safe_base.h		
29ea440d6b9f9d7e	file	/usr/include/c++/12/debug/safe_container.h		
eab7bfa79d062106	file	/usr/include/c++/12/debug/safe_iterator.h		
61b65ada4f13469f	file	/usr/include/c++/12/debug/safe_iterator.tcc		
4463961ce1db4c37	file	/usr/include/c++/12/debug/safe_local_iterator.h		
2ea6b1a583d11ef3	file	/usr/include/c++/12/debug/safe_local_iterator.tcc		
d15748222c587e1f	file	/usr/include/c++/12/debug/safe_sequence.h		
b00ceef31cdc7876	file	/usr/include/c++/12/debug/safe_sequence.tcc		
367ebde1a8866e46	file	/usr/include/c++/12/debug/safe_unordered_base.h		
760d35189811dd30	file	/usr/include/c++/12/debug/safe_unordered_container.h		
ae34675e20438605	file	/usr/include/c++/12/debug/safe_unordered_container.tcc		
7ab78d63cb1c84ea	file	/usr/include/c++/12/debug/set		
1ef8afc14ee66f0d	file	/usr/include/c++/12/debug/set.h		
f3f5467f7e28e73d	file	/usr/include/c++/12/debug/stl_iterator.h		
3ef1a71e11adb6e3	file	/usr/include/c++/12/debug/string		
05fc46b248efd39c	file	/usr/include/c++/12/debug/unordered_map		
69ba7b2f39a3ce81	file	/usr/include/c++/12/debug/unordered_set		
518e2894f6b3b14b	file	/usr/include/c++/12/debug/vector		
e1e0aae4a4aceae9	file	/usr/include/c++/12/decimal/decimal		
b9e9274f12cc7005	file	/usr/include/c++/12/decimal/decimal.h		
a7a668f18274f8de	file	/usr/include/c++/12/deque		
cab3e67351eeb95d	file	/usr/include/c++/12/exception		
3fe1fab7f8fef63e	file	/usr/include/c++/12/execution		
4986dba142c5a6e3	file	/usr/include/c++/12/expected		
eff5deb3aba1ed3a	file	/usr/include/c++/12/experimental/algorithm		
be08992030ed972b	file	/usr/include/c++/12/experimental/any		
3d1b8d9d033572c7	file	/usr/include/c++/12/experimental/array		
5eeb5b844a986ebb	file	/usr/include/c++/12/experimental/bits/fs_dir.h		
d8c4a77800fee7ea	file	/usr/include/c++/12/experimental/bits/fs_fwd.h		
d55f939c55836927	file	/usr/include/c++/12/experimental/bits/fs_ops.h		
bdd9dfd4c54023ea	file	/usr/include/c++/12/experimental/bits/fs_path.h		
1abcabb60ecc14ee	file	/usr/include/c++/12/experimental/bits/lfts_config.h		
ae2334454d3a115c	file	/usr/include/c++/12/experimental/bits/net.h		
d575da7f0f8bdbc1	file	/usr/include/c++/12/experimental/bits/numeric_traits.h		
49186dd25fd3e32b	file	/usr/include/c++/12/experimental/bits/shared_ptr.h		
a541bc10c6bb083b	file	/usr/include/c++/12/experimental/bits/simd.h		
f4938411717233f6	file	/usr/include/c++/12/experimental/bits/simd_builtin.h		
043b760fdf265e0b	file	/usr/include/c++/12/experimental/bits/simd_converter.h		
c12839c022417fc2	file	/usr/include/c++/12/experimental/bits/simd_detail.h		
4ed88e8c28497272	file	/usr/include/c++/12/experimental/bits/simd_fixed_size.h		
49aabafa7c3d024f	file	/usr/include/c++/12/experimental/bits/simd_math.h		
6013f18bbfb910ef	file	/usr/include/c++/12/experimental/bits/simd_neon.h		
ae3f0510b9375c67	file	/usr/include/c++/12/experimental/bits/simd_ppc.h		
54ae4ab529aa9a77	file	/usr/include/c++/12/experimental/bits/simd_scalar.h		
080f81d157a1e7cb	file	/usr/include/c++/12/experimental/bits/simd_x86.h		
785a311a804945e4	file	/usr/include/c++/12/experimental/bits/simd_x86_conversions.h		
9694452b9054fea6	file	/usr/include/c++/12/experimental/bits/string_view.tcc		
d6300474dd6a0a59	file	/usr/include/c++/12/experimental/buffer		
63d2cecac98bc5c1	file	/usr/include/c++/12/experimental/chrono		
cdfb08b73e8d5f7f	file	/usr/include/c++/12/experimental/deque		
93ee84dca1a4503e	file	/usr/include/c++/12/experimental/executor		
30f50cd63a5f40da	file	/usr/include/c++/12/experimental/filesystem		
2c130878bc28a365	file	/usr/include/c++/12/experimental/forward_list		
22d9196c156cae2c	file	/usr/include/c++/12/experimental/functional		
9b270a099f17b97e	file	/usr/include/c++/12/experimental/internet		
991a9fb416a6f90e	file	/usr/include/c++/12/experimental/io_context		
b4f4dd7562a4bc05	file	/usr/include/c++/12/experimental/iterator		
599863f35a5ed73b	file	/usr/include/c++/12/experimental/list		
536a8d83c8f25603	file	/usr/include/c++/12/experimental/map		
38fe315cc68539a1	file	/usr/include/c++/12/experimental/memory		
024e4f72c132d7b0	file	/usr/include/c++/12/experimental/memory_resource		
4c2b0414169a85ee	file	/usr/include/c++/12/experimental/net		
80bcb40a0591ffb1	file	/usr/include/c++/12/experimental/netfwd		
5395f14260e72001	file	/usr/include/c++/12/experimental/numeric		
a91c11882deca8aa	file	/usr/include/c++/12/experimental/optional		
0e0d0d1eddf76402	file	/usr/include/c++/12/experimental/propagate_const		
7dbb0c13dbf24687	file	/usr/include/c++/12/experimental/random		
9be88e235649822c	file	/usr/include/c++/12/experimental/ratio		
77f350d5bbad58da	file	/usr/include/c++/12/experimental/regex		
9c6ec5819440ea5a	file	/usr/include/c++/12/experimental/set		
c435ce58df918d67	file	/usr/include/c++/12/experimental/simd		
efc5c2bbdebf5c55	file	/usr/include/c++/12/experimental/socket		
decac4250670df72	file	/usr/include/c++/12/experimental/source_location		
02734a1c36fbc0c9	file	/usr/include/c++/12/experimental/string		
48af29c23e681ac5	file	/usr/include/c++/12/experimental/string_view		
59ddbba6a8d86b28	file	/usr/include/c++/12/experimental/system_error		
d4fc4fe10ba2f2a0	file	/usr/include/c++/12/experimental/timer		
863514cbd17eba68	file	/usr/include/c++/12/experimental/tuple		
0fffacc0e86d3ed4	file	/usr/include/c++/12/experimental/type_traits		
9508bb559e07b9c8	file	/usr/include/c++/12/experimental/unordered_map		
ed5c000d3729cb1e	file	/usr/include/c++/12/experimental/unordered_set		
63a0581dc95daabf	file	/usr/include/c++/12/experimental/utility		
6d332195ae38e7e7	file	/usr/include/c++/12/experimental/vector		
7b7c97fef58af7d1	file	/usr/include/c++/12/ext/algorithm		
009284da59a64493	file	/usr/include/c++/12/ext/aligned_buffer.h		
dc99c5d7a8897b17	file	/usr/include/c++/12/ext/alloc_traits.h		
3cbe4a4cfd5d2f53	file	/usr/include/c++/12/ext/atomicity.h		
984b15cac5ae7648	file	/usr/include/c++/12/ext/bitmap_allocator.h		
5e3e03546e631cc7	file	/usr/include/c++/12/ext/cast.h		
7e828af821b93f8e	file	/usr/include/c++/12/ext/cmath		
34003bfa4d98ad6f	file	/usr/include/c++/12/ext/codecvt_specializations.h		
f683974d975e19b5	file	/usr/include/c++/12/ext/concurrence.h		
e2fc290fb8a52784	file	/usr/include/c++/12/ext/debug_allocator.h		
5d1185775104a609	file	/usr/include/c++/12/ext/enc_filebuf.h		
819a6227974c3fae	file	/usr/include/c++/12/ext/extptr_allocator.h		
d4a1928f8d646586	file	/usr/include/c++/12/ext/functional		
6717fc6868d1968b	file	/usr/include/c++/12/ext/hash_map		
cbd227be8d6efc8a	file	/usr/include/c++/12/ext/hash_set		
9245c1d6a7d870c4	file	/usr/include/c++/12/ext/iterator		
446bf670e6a8df72	file	/usr/include/c++/12/ext/malloc_allocator.h		
b329a189cdb471b1	file	/usr/include/c++/12/ext/memory		
efd77e67088f5fc7	file	/usr/include/c++/12/ext/mt_allocator.h		
284d55432d324ac8	file	/usr/include/c++/12/ext/new_allocator.h		
7829f4732b155cac	file	/usr/include/c++/12/ext/numeric		
edef307ee4d1db9f	file	/usr/include/c++/12/ext/numeric_traits.h		
b8118a91d953410f	file	/usr/include/c++/12/ext/pb_ds/assoc_container.hpp		
0af223e4a9f68c14	file	/usr/include/c++/12/ext/pb_ds/detail/bin_search_tree_/bin_search_tree_.hpp		
65273559a771d848	file	/usr/include/c++/12/ext/pb_ds/detail/bin_search_tree_/constructors_destructor_fn_imps.hpp		
fd95b189ea2112b7	file	/usr/include/c++/12/ext/pb_ds/detail/bin_search_tree_/debug_fn_imps.hpp		
5d77f8cbc60e022d	file	/usr/include/c++/12/ext/pb_ds/detail/bin_search_tree_/erase_fn_imps.hpp		
bcffa81b991dc76c	file	/usr/include/c++/12/ext/pb_ds/detail/bin_search_tree_/find_fn_imps.hpp		
388ad62716384468	file	/usr/include/c++/12/ext/pb_ds/detail/bin_search_tree_/info_fn_imps.hpp		
2ba7466b054771f1	file	/usr/include/c++/12/ext/pb_ds/detail/bin_search_tree_/insert_fn_imps.hpp		
8a8c4b219dd4ee8d	file	/usr/include/c++/12/ext/pb_ds/detail/bin_search_tree_/iterators_fn_imps.hpp		
63a626316e063595	file	/usr/include/c++/12/ext/pb_ds/detail/bin_search_tree_/node_iterators.hpp		
c2e7584ae6d3a4ca	file	/usr/include/c++/12/ext/pb_ds/detail/bin_search_tree_/point_iterators.hpp		
c590fc38d0bc9eed	file	/usr/include/c++/12/ext/pb_ds/detail/bin_search_tree_/policy_access_fn_imps.hpp		
4c2f01f19e0380e7	file	/usr/include/c++/12/ext/pb_ds/detail/bin_search_tree_/r_erase_fn_imps.hpp		
472cd447cde6a9d2	file	/usr/include/c++/12/ext/pb_ds/detail/bin_search_tree_/rotate_fn_imps.hpp		
ad988670f2f03910	file	/usr/include/c++/12/ext/pb_ds/detail/bin_search_tree_/split_join_fn_imps.hpp		
f260bd2d94e51ac8	file	/usr/include/c++/12/ext/pb_ds/detail/bin_search_tree_/traits.hpp		
f81af98da16c1c00	file	/usr/include/c++/12/ext/pb_ds/detail/binary_heap_/binary_heap_.hpp		
8db58ef07dbeef90	file	/usr/include/c++/12/ext/pb_ds/detail/binary_heap_/const_iterator.hpp		
fee072e676dd4138	file	/usr/include/c++/12/ext/pb_ds/detail/binary_heap_/constructors_destructor_fn_imps.hpp		
4016d6011e24fa04	file	/usr/include/c++/12/ext/pb_ds/detail/binary_heap_/debug_fn_imps.hpp		
a6b9605168edd6fd	file	/usr/include/c++/12/ext/pb_ds/detail/binary_heap_/entry_cmp.hpp		
8e07bd08557f2d9d	file	/usr/include/c++/12/ext/pb_ds/detail/binary_heap_/entry_pred.hpp		
762d0d7d78b4efef	file	/usr/include/c++/12/ext/pb_ds/detail/binary_heap_/erase_fn_imps.hpp		
425cd74f3e2cb7aa	file	/usr/include/c++/12/ext/pb_ds/detail/binary_heap_/find_fn_imps.hpp		
27972406a746c55e	file	/usr/include/c++/12/ext/pb_ds/detail/binary_heap_/info_fn_imps.hpp		
8e8e1c7e26b39fd5	file	/usr/include/c++/12/ext/pb_ds/detail/binary_heap_/insert_fn_imps.hpp		
baabf57416e4d0cd	file	/usr/include/c++/12/ext/pb_ds/detail/binary_heap_/iterators_fn_imps.hpp		
eb2556c771d2c2c1	file	/usr/include/c++/12/ext/pb_ds/detail/binary_heap_/point_const_iterator.hpp		
cae2aadd1ae9e3bc	file	/usr/include/c++/12/ext/pb_ds/detail/binary_heap_/policy_access_fn_imps.hpp		
6746c5ee476d35fd	file	/usr/include/c++/12/ext/pb_ds/detail/binary_heap_/resize_policy.hpp		
9ce5290b451d440b	file	/usr/include/c++/12/ext/pb_ds/detail/binary_heap_/split_join_fn_imps.hpp		
5c95631401366522	file	/usr/include/c++/12/ext/pb_ds/detail/binary_heap_/trace_fn_imps.hpp		
76d1d9d570e6e588	file	/usr/include/c++/12/ext/pb_ds/detail/binomial_heap_/binomial_heap_.hpp		
643a887f4eaf4925	file	/usr/include/c++/12/ext/pb_ds/detail/binomial_heap_/constructors_destructor_fn_imps.hpp		
ff4f36b4232eeac5	file	/usr/include/c++/12/ext/pb_ds/detail/binomial_heap_/debug_fn_imps.hpp		
820d89ca886a1e2b	file	/usr/include/c++/12/ext/pb_ds/detail/binomial_heap_base_/binomial_heap_base_.hpp		
eea1f27179932a32	file	/usr/include/c++/12/ext/pb_ds/detail/binomial_heap_base_/constructors_destructor_fn_imps.hpp		
7cbe64374e79ee5a	file	/usr/include/c++/12/ext/pb_ds/detail/binomial_heap_base_/debug_fn_imps.hpp		
7db7c2cba4996cb4	file	/usr/include/c++/12/ext/pb_ds/detail/binomial_heap_base_/erase_fn_imps.hpp		
6a1aca08db4c0b27	file	/usr/include/c++/12/ext/pb_ds/detail/binomial_heap_base_/find_fn_imps.hpp		
cc2a8aef8253d0bb	file	/usr/include/c++/12/ext/pb_ds/detail/binomial_heap_base_/insert_fn_imps.hpp		
0f652e813d4576be	file	/usr/include/c++/12/ext/pb_ds/detail/binomial_heap_base_/split_join_fn_imps.hpp		
bc3f7dd14611c46a	file	/usr/include/c++/12/ext/pb_ds/detail/branch_policy/branch_policy.hpp		
cccff7773d3908d7	file	/usr/include/c++/12/ext/pb_ds/detail/branch_policy/null_node_metadata.hpp		
6749527b4d7a13b7	file	/usr/include/c++/12/ext/pb_ds/detail/branch_policy/traits.hpp		
092e44c61794019f	file	/usr/include/c++/12/ext/pb_ds/detail/cc_hash_table_map_/cc_ht_map_.hpp		
46cd3c9099cfea3f	file	/usr/include/c++/12/ext/pb_ds/detail/cc_hash_table_map_/cmp_fn_imps.hpp		
f212511df32fe657	file	/usr/include/c++/12/ext/pb_ds/detail/cc_hash_table_map_/cond_key_dtor_entry_dealtor.hpp		
8237e6695664cca9	file	/usr/include/c++/12/ext/pb_ds/detail/cc_hash_table_map_/constructor_destructor_fn_imps.hpp		
f29f9bd658c4292e	file	/usr/include/c++/12/ext/pb_ds/detail/cc_hash_table_map_/constructor_destructor_no_store_hash_fn_imps.hpp		
3db5b6c51badb3e6	file	/usr/include/c++/12/ext/pb_ds/detail/cc_hash_table_map_/constructor_destructor_store_hash_fn_imps.hpp		
09be053f9cea78ae	file	/usr/include/c++/12/ext/pb_ds/detail/cc_hash_table_map_/debug_fn_imps.hpp		
fec3d5d51c90b856	file	/usr/include/c++/12/ext/pb_ds/detail/cc_hash_table_map_/debug_no_store_hash_fn_imps.hpp		
a15eed340a224063	file	/usr/include/c++/12/ext/pb_ds/detail/cc_hash_table_map_/debug_store_hash_fn_imps.hpp		
5d41ee112e88a2c2	file	/usr/include/c++/12/ext/pb_ds/detail/cc_hash_table_map_/entry_list_fn_imps.hpp		
54381a600cfd0699	file	/usr/include/c++/12/ext/pb_ds/detail/cc_hash_table_map_/erase_fn_imps.hpp		
844e780d10929337	file	/usr/include/c++/12/ext/pb_ds/detail/cc_hash_table_map_/erase_no_store_hash_fn_imps.hpp		
8b2d397ff1a06bb0	file	/usr/include/c++/12/ext/pb_ds/detail/cc_hash_table_map_/erase_store_hash_fn_imps.hpp		
cc3ebfd58130b574	file	/usr/include/c++/12/ext/pb_ds/detail/cc_hash_table_map_/find_fn_imps.hpp		
b71931b3aab9d097	file	/usr/include/c++/12/ext/pb_ds/detail/cc_hash_table_map_/find_store_hash_fn_imps.hpp		
749aba0b0fb65c35	file	/usr/include/c++/12/ext/pb_ds/detail/cc_hash_table_map_/info_fn_imps.hpp		
2f69fa21c5ba5972	file	/usr/include/c++/12/ext/pb_ds/detail/cc_hash_table_map_/insert_fn_imps.hpp		
00fc8fe7a3ab10f5	file	/usr/include/c++/12/ext/pb_ds/detail/cc_hash_table_map_/insert_no_store_hash_fn_imps.hpp		
de06d5dfdcd855df	file	/usr/include/c++/12/ext/pb_ds/detail/cc_hash_table_map_/insert_store_hash_fn_imps.hpp		
8e2df48520d371a1	file	/usr/include/c++/12/ext/pb_ds/detail/cc_hash_table_map_/iterators_fn_imps.hpp		
2d1c04faefd1de55	file	/usr/include/c++/12/ext/pb_ds/detail/cc_hash_table_map_/policy_access_fn_imps.hpp		
2198ecf55b0b0142	file	/usr/include/c++/12/ext/pb_ds/detail/cc_hash_table_map_/resize_fn_imps.hpp		
4d5471c942ff0daf	file	/usr/include/c++/12/ext/pb_ds/detail/cc_hash_table_map_/resize_no_store_hash_fn_imps.hpp		
7febe83970f1a858	file	/usr/include/c++/12/ext/pb_ds/detail/cc_hash_table_map_/resize_store_hash_fn_imps.hpp		
eeda6870229cd1ea	file	/usr/include/c++/12/ext/pb_ds/detail/cc_hash_table_map_/size_fn_imps.hpp		
c682342f43bfb299	file	/usr/include/c++/12/ext/pb_ds/detail/cc_hash_table_map_/trace_fn_imps.hpp		
b2bd6f7427bf519e	file	/usr/include/c++/12/ext/pb_ds/detail/cond_dealtor.hpp		
d57ede27661b315d	file	/usr/include/c++/12/ext/pb_ds/detail/container_base_dispatch.hpp		
0e3749d054ca8512	file	/usr/include/c++/12/ext/pb_ds/detail/debug_map_base.hpp		
4fa26cdfb5ed8928	file	/usr/include/c++/12/ext/pb_ds/detail/eq_fn/eq_by_less.hpp		
76517cb57e2de5a1	file	/usr/include/c++/12/ext/pb_ds/detail/eq_fn/hash_eq_fn.hpp		
032c1b9e1e1936b9	file	/usr/include/c++/12/ext/pb_ds/detail/gp_hash_table_map_/constructor_destructor_fn_imps.hpp		
d19ba16389649d9e	file	/usr/include/c++/12/ext/pb_ds/detail/gp_hash_table_map_/constructor_destructor_no_store_hash_fn_imps.hpp		
d21096f74db99619	file	/usr/include/c++/12/ext/pb_ds/detail/gp_hash_table_map_/constructor_destructor_store_hash_fn_imps.hpp		
e8c22d30f0adf6ff	file	/usr/include/c++/12/ext/pb_ds/detail/gp_hash_table_map_/debug_fn_imps.hpp		
e5a5f585823c3690	file	/usr/include/c++/12/ext/pb_ds/detail/gp_hash_table_map_/debug_no_store_hash_fn_imps.hpp		
95fdebbcab8b365d	file	/usr/include/c++/12/ext/pb_ds/detail/gp_hash_table_map_/debug_store_hash_fn_imps.hpp		
bd23bed6edd97b53	file	/usr/include/c++/12/ext/pb_ds/detail/gp_hash_table_map_/erase_fn_imps.hpp		
cdae995f0b2d6bba	file	/usr/include/c++/12/ext/pb_ds/detail/gp_hash_table_map_/erase_no_store_hash_fn_imps.hpp		
58e79e93b8fe1e64	file	/usr/include/c++/12/ext/pb_ds/detail/gp_hash_table_map_/erase_store_hash_fn_imps.hpp		
c30f87fc26d29b4b	file	/usr/include/c++/12/ext/pb_ds/detail/gp_hash_table_map_/find_fn_imps.hpp		
eda87280da7d22cb	file	/usr/include/c++/12/ext/pb_ds/detail/gp_hash_table_map_/find_no_store_hash_fn_imps.hpp		
c242ac0acce9e63d	file	/usr/include/c++/12/ext/pb_ds/detail/gp_hash_table_map_/find_store_hash_fn_imps.hpp		
ccd6372dc82724f5	file	/usr/include/c++/12/ext/pb_ds/detail/gp_hash_table_map_/gp_ht_map_.hpp		
fe4d1a6aeb4a5172	file	/usr/include/c++/12/ext/pb_ds/detail/gp_hash_table_map_/info_fn_imps.hpp		
9122b74db353e01b	file	/usr/include/c++/12/ext/pb_ds/detail/gp_hash_table_map_/insert_fn_imps.hpp		
e87a00d54838f77a	file	/usr/include/c++/12/ext/pb_ds/detail/gp_hash_table_map_/insert_no_store_hash_fn_imps.hpp		
9a8346e63574e652	file	/usr/include/c++/12/ext/pb_ds/detail/gp_hash_table_map_/insert_store_hash_fn_imps.hpp		
af583ccae95eb0d3	file	/usr/include/c++/12/ext/pb_ds/detail/gp_hash_table_map_/iterator_fn_imps.hpp		
95e7f655bfe08c76	file	/usr/include/c++/12/ext/pb_ds/detail/gp_hash_table_map_/policy_access_fn_imps.hpp		
2ab9a2c5fef69762	file	/usr/include/c++/12/ext/pb_ds/detail/gp_hash_table_map_/resize_fn_imps.hpp		
79a7ae32f4d9459d	file	/usr/include/c++/12/ext/pb_ds/detail/gp_hash_table_map_/resize_no_store_hash_fn_imps.hpp		
890529da11b05e28	file	/usr/include/c++/12/ext/pb_ds/detail/gp_hash_table_map_/resize_store_hash_fn_imps.hpp		
9a287110dfb79d46	file	/usr/include/c++/12/ext/pb_ds/detail/gp_hash_table_map_/trace_fn_imps.hpp		
14ff673faf83f779	file	/usr/include/c++/12/ext/pb_ds/detail/hash_fn/direct_mask_range_hashing_imp.hpp		
289ccac08d765ab0	file	/usr/include/c++/12/ext/pb_ds/detail/hash_fn/direct_mod_range_hashing_imp.hpp		
713a02cdd16fa62f	file	/usr/include/c++/12/ext/pb_ds/detail/hash_fn/linear_probe_fn_imp.hpp		
8ea1cb6f5e5b9a17	file	/usr/include/c++/12/ext/pb_ds/detail/hash_fn/mask_based_range_hashing.hpp		
93f17cf6a388bc90	file	/usr/include/c++/12/ext/pb_ds/detail/hash_fn/mod_based_range_hashing.hpp		
4c1935a3453426d7	file	/usr/include/c++/12/ext/pb_ds/detail/hash_fn/probe_fn_base.hpp		
011adca981635ead	file	/usr/include/c++/12/ext/pb_ds/detail/hash_fn/quadratic_probe_fn_imp.hpp		
9e6dbaf4a798d2bc	file	/usr/include/c++/12/ext/pb_ds/detail/hash_fn/ranged_hash_fn.hpp		
ccf263ea6e4a44a7	file	/usr/include/c++/12/ext/pb_ds/detail/hash_fn/ranged_probe_fn.hpp		
0b758108280a3de3	file	/usr/include/c++/12/ext/pb_ds/detail/hash_fn/sample_probe_fn.hpp		
09ca71e593cdd180	file	/usr/include/c++/12/ext/pb_ds/detail/hash_fn/sample_range_hashing.hpp		
4bb5b67609d5958c	file	/usr/include/c++/12/ext/pb_ds/detail/hash_fn/sample_ranged_hash_fn.hpp		
08ba274c8d37dc9c	file	/usr/include/c++/12/ext/pb_ds/detail/hash_fn/sample_ranged_probe_fn.hpp		
524f2761b063c2ba	file	/usr/include/c++/12/ext/pb_ds/detail/left_child_next_sibling_heap_/const_iterator.hpp		
dd0f84d0d5660879	file	/usr/include/c++/12/ext/pb_ds/detail/left_child_next_sibling_heap_/constructors_destructor_fn_imps.hpp		
c19a96f93f64b2d8	file	/usr/include/c++/12/ext/pb_ds/detail/left_child_next_sibling_heap_/debug_fn_imps.hpp		
b69a3567579fec40	file	/usr/include/c++/12/ext/pb_ds/detail/left_child_next_sibling_heap_/erase_fn_imps.hpp		
631efb1c4fd71b87	file	/usr/include/c++/12/ext/pb_ds/detail/left_child_next_sibling_heap_/info_fn_imps.hpp		
a29a762b2bfbfe66	file	/usr/include/c++/12/ext/pb_ds/detail/left_child_next_sibling_heap_/insert_fn_imps.hpp		
d8f251ee98c0b346	file	/usr/include/c++/12/ext/pb_ds/detail/left_child_next_sibling_heap_/iterators_fn_imps.hpp		
01bf975255b6cfcd	file	/usr/include/c++/12/ext/pb_ds/detail/left_child_next_sibling_heap_/left_child_next_sibling_heap_.hpp		
16ddf50ff8df225c	file	/usr/include/c++/12/ext/pb_ds/detail/left_child_next_sibling_heap_/node.hpp		
765593d5c8407ddf	file	/usr/include/c++/12/ext/pb_ds/detail/left_child_next_sibling_heap_/point_const_iterator.hpp		
31add95a2d26d5d5	file	/usr/include/c++/12/ext/pb_ds/detail/left_child_next_sibling_heap_/policy_access_fn_imps.hpp		
d9e696f7e7089094	file	/usr/include/c++/12/ext/pb_ds/detail/left_child_next_sibling_heap_/trace_fn_imps.hpp		
25b7087b686d0f74	file	/usr/include/c++/12/ext/pb_ds/detail/list_update_map_/constructor_destructor_fn_imps.hpp		
f1fad3eb4a07c379	file	/usr/include/c++/12/ext/pb_ds/detail/list_update_map_/debug_fn_imps.hpp		
81bb0ca94964d8e4	file	/usr/include/c++/12/ext/pb_ds/detail/list_update_map_/entry_metadata_base.hpp		
9e9b041beebe19d9	file	/usr/include/c++/12/ext/pb_ds/detail/list_update_map_/erase_fn_imps.hpp		
a46d5fcce6a4b001	file	/usr/include/c++/12/ext/pb_ds/detail/list_update_map_/find_fn_imps.hpp		
0c689e6a621f5cec	file	/usr/include/c++/12/ext/pb_ds/detail/list_update_map_/info_fn_imps.hpp		
84c4dfc0225b8a0a	file	/usr/include/c++/12/ext/pb_ds/detail/list_update_map_/insert_fn_imps.hpp		
16f61875c5891de9	file	/usr/include/c++/12/ext/pb_ds/detail/list_update_map_/iterators_fn_imps.hpp		
f8aeef2159c560a1	file	/usr/include/c++/12/ext/pb_ds/detail/list_update_map_/lu_map_.hpp		
bc6ac21b8c1381ac	file	/usr/include/c++/12/ext/pb_ds/detail/list_update_map_/trace_fn_imps.hpp		
10e8f3dd2971128b	file	/usr/include/c++/12/ext/pb_ds/detail/list_update_policy/lu_counter_metadata.hpp		
3704713117ec6fdf	file	/usr/include/c++/12/ext/pb_ds/detail/list_update_policy/sample_update_policy.hpp		
10d5220c5ffc8f4d	file	/usr/include/c++/12/ext/pb_ds/detail/ov_tree_map_/constructors_destructor_fn_imps.hpp		
3142a4f5ed598a8f	file	/usr/include/c++/12/ext/pb_ds/detail/ov_tree_map_/debug_fn_imps.hpp		
5b32a1d69f1a5e5d	file	/usr/include/c++/12/ext/pb_ds/detail/ov_tree_map_/erase_fn_imps.hpp		
1ea92e53cbee423a	file	/usr/include/c++/12/ext/pb_ds/detail/ov_tree_map_/info_fn_imps.hpp		
7e9deb0186eeb380	file	/usr/include/c++/12/ext/pb_ds/detail/ov_tree_map_/insert_fn_imps.hpp		
15c1f3290f4d43a3	file	/usr/include/c++/12/ext/pb_ds/detail/ov_tree_map_/iterators_fn_imps.hpp		
68cf272280fbfa94	file	/usr/include/c++/12/ext/pb_ds/detail/ov_tree_map_/node_iterators.hpp		
801856f28f2268ed	file	/usr/include/c++/12/ext/pb_ds/detail/ov_tree_map_/ov_tree_map_.hpp		
e417449003dc6a91	file	/usr/include/c++/12/ext/pb_ds/detail/ov_tree_map_/policy_access_fn_imps.hpp		
70a13c2f2ebf29f4	file	/usr/include/c++/12/ext/pb_ds/detail/ov_tree_map_/split_join_fn_imps.hpp		
8bdbba1f95e324b0	file	/usr/include/c++/12/ext/pb_ds/detail/ov_tree_map_/traits.hpp		
d4ad927819098117	file	/usr/include/c++/12/ext/pb_ds/detail/pairing_heap_/constructors_destructor_fn_imps.hpp		
59de9a7c5b613647	file	/usr/include/c++/12/ext/pb_ds/detail/pairing_heap_/debug_fn_imps.hpp		
fba05dd9ff202935	file	/usr/include/c++/12/ext/pb_ds/detail/pairing_heap_/erase_fn_imps.hpp		
c477f853fe077b91	file	/usr/include/c++/12/ext/pb_ds/detail/pairing_heap_/find_fn_imps.hpp		
322d505fee6e4536	file	/usr/include/c++/12/ext/pb_ds/detail/pairing_heap_/insert_fn_imps.hpp		
f272862a57430e1f	file	/usr/include/c++/12/ext/pb_ds/detail/pairing_heap_/pairing_heap_.hpp		
5631ab4ec6195f55	file	/usr/include/c++/12/ext/pb_ds/detail/pairing_heap_/split_join_fn_imps.hpp		
93e156120a1a6b18	file	/usr/include/c++/12/ext/pb_ds/detail/pat_trie_/constructors_destructor_fn_imps.hpp		
361cef81b87a9c55	file	/usr/include/c++/12/ext/pb_ds/detail/pat_trie_/debug_fn_imps.hpp		
d775bb9ea5819985	file	/usr/include/c++/12/ext/pb_ds/detail/pat_trie_/erase_fn_imps.hpp		
5825bc6624d3eff4	file	/usr/include/c++/12/ext/pb_ds/detail/pat_trie_/find_fn_imps.hpp		
71914764fa34ab04	file	/usr/include/c++/12/ext/pb_ds/detail/pat_trie_/info_fn_imps.hpp		
30df30b15748d829	file	/usr/include/c++/12/ext/pb_ds/detail/pat_trie_/insert_join_fn_imps.hpp		
a7e8884882226715	file	/usr/include/c++/12/ext/pb_ds/detail/pat_trie_/iterators_fn_imps.hpp		
398964e8304f7ca5	file	/usr/include/c++/12/ext/pb_ds/detail/pat_trie_/pat_trie_.hpp		
880626fe07d1227b	file	/usr/include/c++/12/ext/pb_ds/detail/pat_trie_/pat_trie_base.hpp		
2c0ddd3fcaf6a49e	file	/usr/include/c++/12/ext/pb_ds/detail/pat_trie_/policy_access_fn_imps.hpp		
5a914d9d17bec032	file	/usr/include/c++/12/ext/pb_ds/detail/pat_trie_/r_erase_fn_imps.hpp		
7632f1fda9fc9e21	file	/usr/include/c++/12/ext/pb_ds/detail/pat_trie_/rotate_fn_imps.hpp		
84307d1ce71a71e5	file	/usr/include/c++/12/ext/pb_ds/detail/pat_trie_/split_fn_imps.hpp		
2bf7c204ead45665	file	/usr/include/c++/12/ext/pb_ds/detail/pat_trie_/synth_access_traits.hpp		
ad05093429a6128e	file	/usr/include/c++/12/ext/pb_ds/detail/pat_trie_/trace_fn_imps.hpp		
87ceb7a95b31645e	file	/usr/include/c++/12/ext/pb_ds/detail/pat_trie_/traits.hpp		
225ca3259f38f626	file	/usr/include/c++/12/ext/pb_ds/detail/pat_trie_/update_fn_imps.hpp		
e3d34eb5cd374f28	file	/usr/include/c++/12/ext/pb_ds/detail/priority_queue_base_dispatch.hpp		
bfeea98759b31fb1	file	/usr/include/c++/12/ext/pb_ds/detail/rb_tree_map_/constructors_destructor_fn_imps.hpp		
45f8afcaa441b438	file	/usr/include/c++/12/ext/pb_ds/detail/rb_tree_map_/debug_fn_imps.hpp		
ba27acc916991f7b	file	/usr/include/c++/12/ext/pb_ds/detail/rb_tree_map_/erase_fn_imps.hpp		
d195d8688b5a4fb4	file	/usr/include/c++/12/ext/pb_ds/detail/rb_tree_map_/find_fn_imps.hpp		
b7bbf45763744add	file	/usr/include/c++/12/ext/pb_ds/detail/rb_tree_map_/info_fn_imps.hpp		
d22661a35194ffc0	file	/usr/include/c++/12/ext/pb_ds/detail/rb_tree_map_/insert_fn_imps.hpp		
3d602338a46bdd1b	file	/usr/include/c++/12/ext/pb_ds/detail/rb_tree_map_/node.hpp		
0e94c9ef4bbc6751	file	/usr/include/c++/12/ext/pb_ds/detail/rb_tree_map_/rb_tree_.hpp		
cdb9065ff6486bd7	file	/usr/include/c++/12/ext/pb_ds/detail/rb_tree_map_/split_join_fn_imps.hpp		
4f210fa27323e0f8	file	/usr/include/c++/12/ext/pb_ds/detail/rb_tree_map_/traits.hpp		
e6f4da22900de0b9	file	/usr/include/c++/12/ext/pb_ds/detail/rc_binomial_heap_/constructors_destructor_fn_imps.hpp		
a3446cfdea994476	file	/usr/include/c++/12/ext/pb_ds/detail/rc_binomial_heap_/debug_fn_imps.hpp		
a51591f9762a549b	file	/usr/include/c++/12/ext/pb_ds/detail/rc_binomial_heap_/erase_fn_imps.hpp		
494667fca0481d3e	file	/usr/include/c++/12/ext/pb_ds/detail/rc_binomial_heap_/insert_fn_imps.hpp		
8b27ce61b66fbad9	file	/usr/include/c++/12/ext/pb_ds/detail/rc_binomial_heap_/rc.hpp		
31c6eb1eb73e0517	file	/usr/include/c++/12/ext/pb_ds/detail/rc_binomial_heap_/rc_binomial_heap_.hpp		
8052bb0e29d44741	file	/usr/include/c++/12/ext/pb_ds/detail/rc_binomial_heap_/split_join_fn_imps.hpp		
77245cc1f7f2fbe6	file	/usr/include/c++/12/ext/pb_ds/detail/rc_binomial_heap_/trace_fn_imps.hpp		
1cc1b9af586062a9	file	/usr/include/c++/12/ext/pb_ds/detail/resize_policy/cc_hash_max_collision_check_resize_trigger_imp.hpp		
7ff6d0f1d6621573	file	/usr/include/c++/12/ext/pb_ds/detail/resize_policy/hash_exponential_size_policy_imp.hpp		
652409e93d15331a	file	/usr/include/c++/12/ext/pb_ds/detail/resize_policy/hash_load_check_resize_trigger_imp.hpp		
613abbc957b0b5a8	file	/usr/include/c++/12/ext/pb_ds/detail/resize_policy/hash_load_check_resize_trigger_size_base.hpp		
da3ae53edd9d9e8b	file	/usr/include/c++/12/ext/pb_ds/detail/resize_policy/hash_prime_size_policy_imp.hpp		
4327bbe159c15144	file	/usr/include/c++/12/ext/pb_ds/detail/resize_policy/hash_standard_resize_policy_imp.hpp		
0aca50dc793d86ba	file	/usr/include/c++/12/ext/pb_ds/detail/resize_policy/sample_resize_policy.hpp		
188e735da0b92e05	file	/usr/include/c++/12/ext/pb_ds/detail/resize_policy/sample_resize_trigger.hpp		
4e3af59682c6e6e2	file	/usr/include/c++/12/ext/pb_ds/detail/resize_policy/sample_size_policy.hpp		
a94a8b46703e8a98	file	/usr/include/c++/12/ext/pb_ds/detail/splay_tree_/constructors_destructor_fn_imps.hpp		
3ee00abd4a7387c9	file	/usr/include/c++/12/ext/pb_ds/detail/splay_tree_/debug_fn_imps.hpp		
7812bbe99d9ddc76	file	/usr/include/c++/12/ext/pb_ds/detail/splay_tree_/erase_fn_imps.hpp		
7a4b39cc02a5848b	file	/usr/include/c++/12/ext/pb_ds/detail/splay_tree_/find_fn_imps.hpp		
51e941addc7af520	file	/usr/include/c++/12/ext/pb_ds/detail/splay_tree_/info_fn_imps.hpp		
da02a1a5b007dade	file	/usr/include/c++/12/ext/pb_ds/detail/splay_tree_/insert_fn_imps.hpp		
9d2c692f77510767	file	/usr/include/c++/12/ext/pb_ds/detail/splay_tree_/node.hpp		
86aede71ff7745a2	file	/usr/include/c++/12/ext/pb_ds/detail/splay_tree_/splay_fn_imps.hpp		
40e282e7a2dac995	file	/usr/include/c++/12/ext/pb_ds/detail/splay_tree_/splay_tree_.hpp		
f99b2220c0e89853	file	/usr/include/c++/12/ext/pb_ds/detail/splay_tree_/split_join_fn_imps.hpp		
9c4a14a00bee7b19	file	/usr/include/c++/12/ext/pb_ds/detail/splay_tree_/traits.hpp		
2294d7397b43906a	file	/usr/include/c++/12/ext/pb_ds/detail/standard_policies.hpp		
c7f6f31c999db76d	file	/usr/include/c++/12/ext/pb_ds/detail/thin_heap_/constructors_destructor_fn_imps.hpp		
d0a7c9b7f60fde9a	file	/usr/include/c++/12/ext/pb_ds/detail/thin_heap_/debug_fn_imps.hpp		
389cdd11d79ef818	file	/usr/include/c++/12/ext/pb_ds/detail/thin_heap_/erase_fn_imps.hpp		
e27bcab1ef0d6bee	file	/usr/include/c++/12/ext/pb_ds/detail/thin_heap_/find_fn_imps.hpp		
730004f3c09e6d7e	file	/usr/include/c++/12/ext/pb_ds/detail/thin_heap_/insert_fn_imps.hpp		
cc8f5932673116ab	file	/usr/include/c++/12/ext/pb_ds/detail/thin_heap_/split_join_fn_imps.hpp		
f299c936eac447d9	file	/usr/include/c++/12/ext/pb_ds/detail/thin_heap_/thin_heap_.hpp		
7926a92fcf791f0a	file	/usr/include/c++/12/ext/pb_ds/detail/thin_heap_/trace_fn_imps.hpp		
62bf6d96b97c2c10	file	/usr/include/c++/12/ext/pb_ds/detail/tree_policy/node_metadata_selector.hpp		
22b93669cc6c0a30	file	/usr/include/c++/12/ext/pb_ds/detail/tree_policy/order_statistics_imp.hpp		
0b8bf1a41f26f381	file	/usr/include/c++/12/ext/pb_ds/detail/tree_policy/sample_tree_node_update.hpp		
7851b2152a8a6120	file	/usr/include/c++/12/ext/pb_ds/detail/tree_trace_base.hpp		
80aeb47b666e8583	file	/usr/include/c++/12/ext/pb_ds/detail/trie_policy/node_metadata_selector.hpp		
256e5573987e6eb4	file	/usr/include/c++/12/ext/pb_ds/detail/trie_policy/order_statistics_imp.hpp		
8ed2cd8ce53ec844	file	/usr/include/c++/12/ext/pb_ds/detail/trie_policy/prefix_search_node_update_imp.hpp		
6505dc16d20beb30	file	/usr/include/c++/12/ext/pb_ds/detail/trie_policy/sample_trie_access_traits.hpp		
b880372097771b35	file	/usr/include/c++/12/ext/pb_ds/detail/trie_policy/sample_trie_node_update.hpp		
31eb461d32c5a2f3	file	/usr/include/c++/12/ext/pb_ds/detail/trie_policy/trie_policy_base.hpp		
097f2339a860d036	file	/usr/include/c++/12/ext/pb_ds/detail/trie_policy/trie_string_access_traits_imp.hpp		
10aceac22e474f4a	file	/usr/include/c++/12/ext/pb_ds/detail/type_utils.hpp		
84013ae96107e6c7	file	/usr/include/c++/12/ext/pb_ds/detail/types_traits.hpp		
5616e3c8b7375c64	file	/usr/include/c++/12/ext/pb_ds/detail/unordered_iterator/const_iterator.hpp		
d44b95c8e91a92ad	file	/usr/include/c++/12/ext/pb_ds/detail/unordered_iterator/iterator.hpp		
a3adcc6eb322340a	file	/usr/include/c++/12/ext/pb_ds/detail/unordered_iterator/point_const_iterator.hpp		
2da15242b93e7024	file	/usr/include/c++/12/ext/pb_ds/detail/unordered_iterator/point_iterator.hpp		
0edd2c855fd35c67	file	/usr/include/c++/12/ext/pb_ds/exception.hpp		
254c60e9de0970bd	file	/usr/include/c++/12/ext/pb_ds/hash_policy.hpp		
c083b4a370abda04	file	/usr/include/c++/12/ext/pb_ds/list_update_policy.hpp		
ff80c34585adf2fe	file	/usr/include/c++/12/ext/pb_ds/priority_queue.hpp		
77ca0929b5fde92b	file	/usr/include/c++/12/ext/pb_ds/tag_and_trait.hpp		
bfaeb4a02328d3f6	file	/usr/include/c++/12/ext/pb_ds/tree_policy.hpp		
cd52495671c55d5f	file	/usr/include/c++/12/ext/pb_ds/trie_policy.hpp		
6f051476ddf85a39	file	/usr/include/c++/12/ext/pod_char_traits.h		
4718e0d900b49b39	file	/usr/include/c++/12/ext/pointer.h		
d14f5dbd71b19bc1	file	/usr/include/c++/12/ext/pool_allocator.h		
69dad36a9c24b86e	file	/usr/include/c++/12/ext/random		
bc5476eba032f0eb	file	/usr/include/c++/12/ext/random.tcc		
7284aa5f107584ce	file	/usr/include/c++/12/ext/rb_tree		
eb5278b5682ba728	file	/usr/include/c++/12/ext/rc_string_base.h		
d8f942155c5cf6d7	file	/usr/include/c++/12/ext/rope		
ffb66f764c5b3e27	file	/usr/include/c++/12/ext/ropeimpl.h		
41cbe7017678ffec	file	/usr/include/c++/12/ext/slist		
428ef641e8a451bb	file	/usr/include/c++/12/ext/sso_string_base.h		
f927d49794f798d3	file	/usr/include/c++/12/ext/stdio_filebuf.h		
614f6e0bd0c1c004	file	/usr/include/c++/12/ext/stdio_sync_filebuf.h		
c126e8be39d5c8af	file	/usr/include/c++/12/ext/string_conversions.h		
41df40c400a6dc73	file	/usr/include/c++/12/ext/throw_allocator.h		
144427af3ed44480	file	/usr/include/c++/12/ext/type_traits.h		
e4dfe994a2c20321	file	/usr/include/c++/12/ext/typelist.h		
b05764195bb9a06f	file	/usr/include/c++/12/ext/vstring.h		
f845b51f77505db6	file	/usr/include/c++/12/ext/vstring.tcc		
9d5cc93f22fee8ba	file	/usr/include/c++/12/ext/vstring_fwd.h		
fbc9da492882f53c	file	/usr/include/c++/12/ext/vstring_util.h		
12e9f71de734ad61	file	/usr/include/c++/12/fenv.h		
be856bf63f422397	file	/usr/include/c++/12/filesystem		
245a06e7cbcb487c	file	/usr/include/c++/12/forward_list		
2469e252767f2ce3	file	/usr/include/c++/12/fstream		
2f966736a448c920	file	/usr/include/c++/12/functional		
2f49df70b007ead8	file	/usr/include/c++/12/future		
488af8e91a2c2f35	file	/usr/include/c++/12/initializer_list		
adf8a0a25c6484d3	file	/usr/include/c++/12/iomanip		
28cf201a5997bda9	file	/usr/include/c++/12/ios		
d6ba1efbafe72ea9	file	/usr/include/c++/12/iosfwd		
ba5761aca4eaa550	file	/usr/include/c++/12/iostream		
18fc863a4e6c2ce3	file	/usr/include/c++/12/istream		
40c3f0ea36db6890	file	/usr/include/c++/12/iterator		
7a501c7ca952103c	file	/usr/include/c++/12/latch		
8fc1add629d09561	file	/usr/include/c++/12/limits		
2b848f897a3acc0b	file	/usr/include/c++/12/list		
0a5c1d3884a384e2	file	/usr/include/c++/12/locale		
cc2b771432619d99	file	/usr/include/c++/12/map		
8939de4dcf95bc0a	file	/usr/include/c++/12/math.h		
b4bfd80407aebf6e	file	/usr/include/c++/12/memory		
2ae4f4853b6dd891	file	/usr/include/c++/12/memory_resource		
f1301d3a5762c21e	file	/usr/include/c++/12/mutex		
2c42e9e421775e01	file	/usr/include/c++/12/new		
7e8dee2401da54e7	file	/usr/include/c++/12/numbers		
5c8b18ab49652d85	file	/usr/include/c++/12/numeric		
27d75ba956330970	file	/usr/include/c++/12/optional		
a9d0027243199c49	file	/usr/include/c++/12/ostream		
4feb8544c431ddfb	file	/usr/include/c++/12/parallel/algo.h		
6666c4699bc368f2	file	/usr/include/c++/12/parallel/algobase.h		
56b523330e93a55f	file	/usr/include/c++/12/parallel/algorithm		
5ebf918dcd6ba5e3	file	/usr/include/c++/12/parallel/algorithmfwd.h		
08f3c67c6e6c505d	file	/usr/include/c++/12/parallel/balanced_quicksort.h		
0e1ad9e6689457d2	file	/usr/include/c++/12/parallel/base.h		
02a7fbd0e3ff422a	file	/usr/include/c++/12/parallel/basic_iterator.h		
94cebd842441ebe6	file	/usr/include/c++/12/parallel/checkers.h		
22d0c40bfe3f1097	file	/usr/include/c++/12/parallel/compatibility.h		
27d38990c8e45f2d	file	/usr/include/c++/12/parallel/compiletime_settings.h		
fe3315e8f48b06ae	file	/usr/include/c++/12/parallel/equally_split.h		
ad97d1846f22839b	file	/usr/include/c++/12/parallel/features.h		
64a2d8633901adb6	file	/usr/include/c++/12/parallel/find.h		
84782c78b609920f	file	/usr/include/c++/12/parallel/find_selectors.h		
b811abfa5fc6838f	file	/usr/include/c++/12/parallel/for_each.h		
e72e59ef4611c2ac	file	/usr/include/c++/12/parallel/for_each_selectors.h		
3badde4500cd7f8b	file	/usr/include/c++/12/parallel/iterator.h		
f92dd56fb7be4ac2	file	/usr/include/c++/12/parallel/list_partition.h		
e6e5a299a04f0922	file	/usr/include/c++/12/parallel/losertree.h		
99c3b53d0efc864c	file	/usr/include/c++/12/parallel/merge.h		
bca8a4ccf9b6327a	file	/usr/include/c++/12/parallel/multiseq_selection.h		
09a6396c6733a2a4	file	/usr/include/c++/12/parallel/multiway_merge.h		
3597a8229ed4724b	file	/usr/include/c++/12/parallel/multiway_mergesort.h		
26e23b4d8782cd56	file	/usr/include/c++/12/parallel/numeric		
3b85d3848439cf3f	file	/usr/include/c++/12/parallel/numericfwd.h		
2f4977768f49ad48	file	/usr/include/c++/12/parallel/omp_loop.h		
80ca679af649f90a	file	/usr/include/c++/12/parallel/omp_loop_static.h		
95231758019b35be	file	/usr/include/c++/12/parallel/par_loop.h		
17e4c318e0de584c	file	/usr/include/c++/12/parallel/parallel.h		
a9d5e11acdf818f8	file	/usr/include/c++/12/parallel/partial_sum.h		
a0d89eec955a9377	file	/usr/include/c++/12/parallel/partition.h		
0db46a5a6f51a87c	file	/usr/include/c++/12/parallel/queue.h		
1005a0cc26c1f787	file	/usr/include/c++/12/parallel/quicksort.h		
da9f2bdf91e5f2a3	file	/usr/include/c++/12/parallel/random_number.h		
af9970ad1e649052	file	/usr/include/c++/12/parallel/random_shuffle.h		
024e6db9acb4dbea	file	/usr/include/c++/12/parallel/search.h		
084dd844fbfc3dfc	file	/usr/include/c++/12/parallel/set_operations.h		
83ee0f71e07f1003	file	/usr/include/c++/12/parallel/settings.h		
666a9bed5fbda3ca	file	/usr/include/c++/12/parallel/sort.h		
3e30835b01cda94e	file	/usr/include/c++/12/parallel/tags.h		
a448dbf6c585ecf9	file	/usr/include/c++/12/parallel/types.h		
590b54fb771227a2	file	/usr/include/c++/12/parallel/unique_copy.h		
b64cc2b301ab676e	file	/usr/include/c++/12/parallel/workstealing.h		
a4397bd67ce95825	file	/usr/include/c++/12/pstl/algorithm_fwd.h		
9267d864868e9eac	file	/usr/include/c++/12/pstl/algorithm_impl.h		
ae735e8710430b1d	file	/usr/include/c++/12/pstl/execution_defs.h		
dc74c85d2854f991	file	/usr/include/c++/12/pstl/execution_impl.h		
0ab374ee0265da23	file	/usr/include/c++/12/pstl/glue_algorithm_defs.h		
48b34c926fb76e19	file	/usr/include/c++/12/pstl/glue_algorithm_impl.h		
0955c64d14e7a3af	file	/usr/include/c++/12/pstl/glue_execution_defs.h		
307be8af1afb657d	file	/usr/include/c++/12/pstl/glue_memory_defs.h		
12b9370b8a14ee90	file	/usr/include/c++/12/pstl/glue_memory_impl.h		
cae254952dc9d699	file	/usr/include/c++/12/pstl/glue_numeric_defs.h		
c508d908017e2d71	file	/usr/include/c++/12/pstl/glue_numeric_impl.h		
a53089e63ffbdc66	file	/usr/include/c++/12/pstl/memory_impl.h		
4caa3c0b081449c2	file	/usr/include/c++/12/pstl/numeric_fwd.h		
8d263888f7c0f24e	file	/usr/include/c++/12/pstl/numeric_impl.h		
a0649a1d42e885f1	file	/usr/include/c++/12/pstl/parallel_backend.h		
c4cb89ca5011dc58	file	/usr/include/c++/12/pstl/parallel_backend_serial.h		
94265104e96a5e70	file	/usr/include/c++/12/pstl/parallel_backend_tbb.h		
da12daa10dbc1b92	file	/usr/include/c++/12/pstl/parallel_backend_utils.h		
d66a35e738298990	file	/usr/include/c++/12/pstl/parallel_impl.h		
9b7d781a4228ab61	file	/usr/include/c++/12/pstl/pstl_config.h		
7f77852b39eed290	file	/usr/include/c++/12/pstl/unseq_backend_simd.h		
d2dc779c063a6db2	file	/usr/include/c++/12/pstl/utils.h		
933d0cd1aa7fd27c	file	/usr/include/c++/12/queue		
d0cc4f8add843a6c	file	/usr/include/c++/12/random		
2d794daaea5a77af	file	/usr/include/c++/12/ranges		
949f124bcf8b0c06	file	/usr/include/c++/12/ratio		
30e231edd14f779f	file	/usr/include/c++/12/regex		
72373bc220626cd5	file	/usr/include/c++/12/scoped_allocator		
5f1460f08c91237b	file	/usr/include/c++/12/semaphore		
b172c90e8d13ceee	file	/usr/include/c++/12/set		
93ac14bd1e40c1bf	file	/usr/include/c++/12/shared_mutex		
5f0ab20622bb80b4	file	/usr/include/c++/12/source_location		
6ffe0d740a2a901c	file	/usr/include/c++/12/span		
78a4eeb21da3c0bf	file	/usr/include/c++/12/spanstream		
0c96583fd10c560a	file	/usr/include/c++/12/sstream		
9a0256091587d97d	file	/usr/include/c++/12/stack		
1ab1ae3cd02a7550	file	/usr/include/c++/12/stacktrace		
9b790724dfc46339	file	/usr/include/c++/12/stdatomic.h		
54fd32d3c5bc7cca	file	/usr/include/c++/12/stdexcept		
4ab9b8061838f917	file	/usr/include/c++/12/stdlib.h		
3d837b779e93820f	file	/usr/include/c++/12/stop_token		
fc03e3590f42535c	file	/usr/include/c++/12/streambuf		
56799e970f02571d	file	/usr/include/c++/12/string		
2c6ab0170adcfdb7	file	/usr/include/c++/12/string_view		
929b47f87120b986	file	/usr/include/c++/12/syncstream		
718aecc28f31f6fd	file	/usr/include/c++/12/system_error		
71af0539d84157ff	file	/usr/include/c++/12/tgmath.h		
b73921f4576e7fdf	file	/usr/include/c++/12/thread		
21c6963bb66bd57e	file	/usr/include/c++/12/tr1/array		
e444d4b0ad345561	file	/usr/include/c++/12/tr1/bessel_function.tcc		
ff9727b75271e81d	file	/usr/include/c++/12/tr1/beta_function.tcc		
64ef4a245d5cc69f	file	/usr/include/c++/12/tr1/ccomplex		
709c5f5fae7154f6	file	/usr/include/c++/12/tr1/cctype		
1adbd078025f1ca1	file	/usr/include/c++/12/tr1/cfenv		
ea2d036498a5246c	file	/usr/include/c++/12/tr1/cfloat		
2aec871e72b64706	file	/usr/include/c++/12/tr1/cinttypes		
405631d82adf8301	file	/usr/include/c++/12/tr1/climits		
98da04ed2f096355	file	/usr/include/c++/12/tr1/cmath		
7031db7882402852	file	/usr/include/c++/12/tr1/complex		
ea846af8dfc29f66	file	/usr/include/c++/12/tr1/complex.h		
81e16fe92df73e47	file	/usr/include/c++/12/tr1/cstdarg		
3d0eae31fff2c88a	file	/usr/include/c++/12/tr1/cstdbool		
4da075efbfed6f3b	file	/usr/include/c++/12/tr1/cstdint		
ffd31fd59838a4e1	file	/usr/include/c++/12/tr1/cstdio		
9f87c5bc41dfe19e	file	/usr/include/c++/12/tr1/cstdlib		
0aac2bf979e5c03d	file	/usr/include/c++/12/tr1/ctgmath		
9cc6514eca9e205c	file	/usr/include/c++/12/tr1/ctime		
ec7d5e2c6842dd32	file	/usr/include/c++/12/tr1/ctype.h		
6d80d29357705bd8	file	/usr/include/c++/12/tr1/cwchar		
9f4155bba48ca15a	file	/usr/include/c++/12/tr1/cwctype		
e1521f54e372b98c	file	/usr/include/c++/12/tr1/ell_integral.tcc		
c17cc50247173caf	file	/usr/include/c++/12/tr1/exp_integral.tcc		
f11717651258f226	file	/usr/include/c++/12/tr1/fenv.h		
bb2b37f402a3b310	file	/usr/include/c++/12/tr1/float.h		
b1add170019471ce	file	/usr/include/c++/12/tr1/functional		
760ec3f52c38da6f	file	/usr/include/c++/12/tr1/functional_hash.h		
764ddaac90985efd	file	/usr/include/c++/12/tr1/gamma.tcc		
ff56139a0a784d52	file	/usr/include/c++/12/tr1/hashtable.h		
5eee2555d5f70784	file	/usr/include/c++/12/tr1/hashtable_policy.h		
5a4141da1499d441	file	/usr/include/c++/12/tr1/hypergeometric.tcc		
1f77656353e4fad4	file	/usr/include/c++/12/tr1/inttypes.h		
1a984e01316e41f7	file	/usr/include/c++/12/tr1/legendre_function.tcc		
efb2922b960fbb6c	file	/usr/include/c++/12/tr1/limits.h		
29e57121996b2752	file	/usr/include/c++/12/tr1/math.h		
f1942dea3fce4e1f	file	/usr/include/c++/12/tr1/memory		
e86007c03d37bec0	file	/usr/include/c++/12/tr1/modified_bessel_func.tcc		
bb98cb2fbda729f9	file	/usr/include/c++/12/tr1/poly_hermite.tcc		
d52ed6d40747df62	file	/usr/include/c++/12/tr1/poly_laguerre.tcc		
5d1b911ab81e2135	file	/usr/include/c++/12/tr1/random		
d22187bfb147e8b2	file	/usr/include/c++/12/tr1/random.h		
b2ab78dc09a344ce	file	/usr/include/c++/12/tr1/random.tcc		
063168d1f079c315	file	/usr/include/c++/12/tr1/regex		
281ff35ceeadcbba	file	/usr/include/c++/12/tr1/riemann_zeta.tcc		
fadfa1fa6be702d3	file	/usr/include/c++/12/tr1/shared_ptr.h		
8aaca77ef1f63690	file	/usr/include/c++/12/tr1/special_function_util.h		
b49858bd2a48cb90	file	/usr/include/c++/12/tr1/stdarg.h		
67140b6e136a1157	file	/usr/include/c++/12/tr1/stdbool.h		
2ff26cd043842716	file	/usr/include/c++/12/tr1/stdint.h		
c8a2b6d46d75b49e	file	/usr/include/c++/12/tr1/stdio.h		
495a7ac4a1f52997	file	/usr/include/c++/12/tr1/stdlib.h		
ebfeca81efcedce9	file	/usr/include/c++/12/tr1/tgmath.h		
dbcb79930f960bb5	file	/usr/include/c++/12/tr1/tuple		
edd01394de1a03cf	file	/usr/include/c++/12/tr1/type_traits		
174c6f398aba1097	file	/usr/include/c++/12/tr1/unordered_map		
aea3630cbc293213	file	/usr/include/c++/12/tr1/unordered_map.h		
62c9233578144802	file	/usr/include/c++/12/tr1/unordered_set		
83e040c841cc0e24	file	/usr/include/c++/12/tr1/unordered_set.h		
30837a252d23a164	file	/usr/include/c++/12/tr1/utility		
9c62838bf3ae4cad	file	/usr/include/c++/12/tr1/wchar.h		
4beeaceb1a3b9f02	file	/usr/include/c++/12/tr1/wctype.h		
ba6a0050d3170388	file	/usr/include/c++/12/tr2/bool_set		
91e14d0a453c4eed	file	/usr/include/c++/12/tr2/bool_set.tcc		
080188949ea6617a	file	/usr/include/c++/12/tr2/dynamic_bitset		
e0eed4b6de955aa1	file	/usr/include/c++/12/tr2/dynamic_bitset.tcc		
d0874e12d86bffda	file	/usr/include/c++/12/tr2/ratio		
b9968679dc3a274f	file	/usr/include/c++/12/tr2/type_traits		
9a939e80e5e748f4	file	/usr/include/c++/12/tuple		
2a303361e472e46f	file	/usr/include/c++/12/type_traits		
ee95207741aeb43f	file	/usr/include/c++/12/typeindex		
90795b390ed1c58f	file	/usr/include/c++/12/typeinfo		
011b4c385fe1d489	file	/usr/include/c++/12/unordered_map		
bcd5df98a46a4ae6	file	/usr/include/c++/12/unordered_set		
7979bc3817405a88	file	/usr/include/c++/12/utility		
99d1ea34a9d7fd8e	file	/usr/include/c++/12/valarray		
9fed4e7794730a3d	file	/usr/include/c++/12/variant		
ee80a457f7a8985d	file	/usr/include/c++/12/vector		
aaff64a736503076	file	/usr/include/c++/12/version		
cfe2899b7f0d0a4f	file	/usr/include/complex.h		
f804eb9eeb81d198	file	/usr/include/cpio.h		
5be2e0686f01950c	file	/usr/include/crypt.h		
a176eed7a776f089	file	/usr/include/ctype.h		
3bf90dd1eb15adf2	file	/usr/include/dirent.h		
d2abb6cb81dc1a9b	file	/usr/include/dlfcn.h		
ed3109b482f0dea3	file	/usr/include/elf.h		
15461ae687dde760	file	/usr/include/endian.h		
a4b55396b301e0ea	file	/usr/include/envz.h		
e2063865a3ee62ec	file	/usr/include/err.h		
f087e14b4a49b686	file	/usr/include/errno.h		
e12ccb5c4b23f3b4	file	/usr/include/error.h		
54e38ff96ececd33	file	/usr/include/execinfo.h		
61aa894d482561b4	file	/usr/include/fcntl.h		
108fc67c1c05a411	file	/usr/include/features-time64.h		
2adf367e6bce93c5	file	/usr/include/features.h		
6c991e83384f1f2d	file	/usr/include/fenv.h		
e18a57b96244316c	file	/usr/include/finclude/x86_64-linux-gnu/math-vector-fortran.h		
fc9b810c4a11f9d2	file	/usr/include/fmtmsg.h		
806f0432bf48e920	file	/usr/include/fnmatch.h		
5f094045d118ff82	file	/usr/include/fstab.h		
2a6fa4131f6b6842	file	/usr/include/fts.h		
cd89e4799434f707	file	/usr/include/ftw.h		
c17e85ac66e88911	file	/usr/include/gconv.h		
acec279fad20aa65	file	/usr/include/getopt.h		
3711ee1d5fb957da	file	/usr/include/glob.h		
d86b8983ed20916d	file	/usr/include/gnu-versions.h		
31b2077bd1dd43c5	file	/usr/include/grp.h		
50ba01b673399d8d	file	/usr/include/gshadow.h		
9fb86d620732ebda	file	/usr/include/iconv.h		
c8649e71cffae72e	file	/usr/include/ifaddrs.h		
1437e9afd7b3f136	file	/usr/include/inttypes.h		
974a96bc31a6bd69	file	/usr/include/langinfo.h		
09bc5de52d04a841	file	/usr/include/lastlog.h		
b3135dee0d573ddc	file	/usr/include/libgen.h		
f66dbadc56173bb7	file	/usr/include/libintl.h		
190d68d8b3d40fdc	file	/usr/include/limits.h		
5fc4850c1490efd0	file	/usr/include/link.h		
d049163ab1f5b675	file	/usr/include/linux/a.out.h		
4398b0c781993f41	file	/usr/include/linux/acct.h		
62ea065a65a4d72a	file	/usr/include/linux/acrn.h		
327a75b1a13ebaff	file	/usr/include/linux/adb.h		
61cbd9b095a4a5fe	file	/usr/include/linux/adfs_fs.h		
afb9a571a7314668	file	/usr/include/linux/affs_hardblocks.h		
27cb271e63942dbe	file	/usr/include/linux/agpgart.h		
dd8bca89d387b114	file	/usr/include/linux/aio_abi.h		
974cc17d09f20540	file	/usr/include/linux/am437x-vpfe.h		
6e3c19f30bffc2a1	file	/usr/include/linux/amt.h		
153f9abcd796cdf0	file	/usr/include/linux/android/binder.h		
0387df491649ad64	file	/usr/include/linux/android/binderfs.h		
7b3a956d7ea8091e	file	/usr/include/linux/apm_bios.h		
6e27909e519b53c8	file	/usr/include/linux/arcfb.h		
fdaa83565fa75df1	file	/usr/include/linux/arm_sdei.h		
d6f547533d840905	file	/usr/include/linux/aspeed-lpc-ctrl.h		
f1ed0989fc1f02f2	file	/usr/include/linux/aspeed-p2a-ctrl.h		
99bd982dc3936b98	file	/usr/include/linux/atalk.h		
4ca394e8ee5813e0	file	/usr/include/linux/atm.h		
0de0c1548a2f78e6	file	/usr/include/linux/atm_eni.h		
3e8c4675c45e21c5	file	/usr/include/linux/atm_he.h		
c690d21717b13ca4	file	/usr/include/linux/atm_idt77105.h		
a6b0c6f56b0dca7a	file	/usr/include/linux/atm_nicstar.h		
37d743f481b0a110	file	/usr/include/linux/atm_tcp.h		
9d43c115cec44bc6	file	/usr/include/linux/atm_zatm.h		
995101d5043a80e1	file	/usr/include/linux/atmapi.h		
afde504e4eafcf3d	file	/usr/include/linux/atmarp.h		
70d3ece3fcc80de6	file	/usr/include/linux/atmbr2684.h		
ec6f657fb21d10f4	file	/usr/include/linux/atmclip.h		
fa9a67c77de65ca6	file	/usr/include/linux/atmdev.h		
84b53e8b74c53caf	file	/usr/include/linux/atmioc.h		
4d8ce9c9ef1d851e	file	/usr/include/linux/atmlec.h		
a1ae727337edc6de	file	/usr/include/linux/atmmpc.h		
0448cd32fa8d69d7	file	/usr/include/linux/atmppp.h		
0da658ac3fab1154	file	/usr/include/linux/atmsap.h		
9d895aae5b5f49f4	file	/usr/include/linux/atmsvc.h		
1b7592e20a1c8e52	file	/usr/include/linux/audit.h		
b6dccceb8e631372	file	/usr/include/linux/auto_dev-ioctl.h		
50898e43453bb44f	file	/usr/include/linux/auto_fs.h		
ad0bbf2c41c8df37	file	/usr/include/linux/auto_fs4.h		
cb75a629642f5a87	file	/usr/include/linux/auxvec.h		
99613affcbb7178a	file	/usr/include/linux/ax25.h		
e2dc1c431230e417	file	/usr/include/linux/batadv_packet.h		
2deaaefddd6340fd	file	/usr/include/linux/batman_adv.h		
252ef179f4d12f20	file	/usr/include/linux/baycom.h		
3b675c09c58efb41	file	/usr/include/linux/bcm933xx_hcs.h		
1fcd98ea25c65783	file	/usr/include/linux/bfs_fs.h		
773fce00ad6d02b2	file	/usr/include/linux/binfmts.h		
2140ca21f8116ff1	file	/usr/include/linux/blkpg.h		
5d5c69006e374a94	file	/usr/include/linux/blktrace_api.h		
a86a1b50c7bc2a7e	file	/usr/include/linux/blkzoned.h		
e2abe1cc173424a0	file	/usr/include/linux/bpf.h		
5a03781cf5676dcc	file	/usr/include/linux/bpf_common.h		
f1b5395ea2270eea	file	/usr/include/linux/bpf_perf_event.h		
46b3f0fa90754400	file	/usr/include/linux/bpfilter.h		
a2423ee1f61987a8	file	/usr/include/linux/bpqether.h		
2476d0270b6f5998	file	/usr/include/linux/bsg.h		
62115883189d214e	file	/usr/include/linux/bt-bmc.h		
6bdb48fdd5575ab0	file	/usr/include/linux/btf.h		
82f047e4339d2831	file	/usr/include/linux/btrfs.h		
198ac08146ae95ee	file	/usr/include/linux/btrfs_tree.h		
addcaa66e6bd3dce	file	/usr/include/linux/byteorder/big_endian.h		
0ddc1decb7d16567	file	/usr/include/linux/byteorder/little_endian.h		
e7500b9e42fe9d32	file	/usr/include/linux/cachefiles.h		
3b7695ec727e20f3	file	/usr/include/linux/caif/caif_socket.h		
7e85e7ab2dfead53	file	/usr/include/linux/caif/if_caif.h		
9a6b82c2516bf743	file	/usr/include/linux/can.h		
0cd40fbac67ffb45	file	/usr/include/linux/can/bcm.h		
49cb468672888327	file	/usr/include/linux/can/error.h		
649b09a9ee5af7af	file	/usr/include/linux/can/gw.h		
3226fe92ef216c7e	file	/usr/include/linux/can/isotp.h		
5b140ca37bc62882	file	/usr/include/linux/can/j1939.h		
a516d77066b7ce59	file	/usr/include/linux/can/netlink.h		
dc203e13059eb274	file	/usr/include/linux/can/raw.h		
185cfe70955e6fc2	file	/usr/include/linux/can/vxcan.h		
e21b0788e5d3e7cb	file	/usr/include/linux/capability.h		
b791f1dba6c441e4	file	/usr/include/linux/capi.h		
74617997afef62b0	file	/usr/include/linux/cciss_defs.h		
856955ff18d23e6d	file	/usr/include/linux/cciss_ioctl.h		
9bb58da6dd0f3f1d	file	/usr/include/linux/ccs.h		
6ee88bc5a7f7e289	file	/usr/include/linux/cdrom.h		
8fb029d038c5df2f	file	/usr/include/linux/cec-funcs.h		
2d8b80c5a56370d9	file	/usr/include/linux/cec.h		
2b667da5e5e6d454	file	/usr/include/linux/cfm_bridge.h		
2d44bd43ffcc1fbc	file	/usr/include/linux/cgroupstats.h		
081efab1bfb6310b	file	/usr/include/linux/chio.h		
af0a5c554da9f9c8	file	/usr/include/linux/cifs/cifs_mount.h		
366b4f3fdac2393a	file	/usr/include/linux/cifs/cifs_netlink.h		
eeb4c5d86fe16c42	file	/usr/include/linux/close_range.h		
fdde156ac1af2105	file	/usr/include/linux/cm4000_cs.h		
842f3f4ac0793975	file	/usr/include/linux/cn_proc.h		
04f5eead44860c36	file	/usr/include/linux/coda.h		
a692ca21ca43ad17	file	/usr/include/linux/coff.h		
3cdc6661c7e101de	file	/usr/include/linux/comedi.h		
3292fe4f4a927ef2	file	/usr/include/linux/connector.h		
8ba54f4db2ae9000	file	/usr/include/linux/const.h		
10a0176f1757b077	file	/usr/include/linux/coresight-stm.h		
bd2d12a7ee112f8a	file	/usr/include/linux/counter.h		
f5e02d787102eb28	file	/usr/include/linux/cramfs_fs.h		
f61898244c32783d	file	/usr/include/linux/cryptouser.h		
ebad26ec6ffc3aff	file	/usr/include/linux/cuda.h		
2cd8d6f88453551e	file	/usr/include/linux/cxl_mem.h		
6ccbc11724072e4a	file	/usr/include/linux/cyclades.h		
91c208325d0f4fa6	file	/usr/include/linux/cycx_cfm.h		
a6b5cf850832d58f	file	/usr/include/linux/dcbnl.h		
5e5ae6ede50a32f7	file	/usr/include/linux/dccp.h		
f839247dbe47b7fc	file	/usr/include/linux/devlink.h		
65600a0ee9908204	file	/usr/include/linux/dlm.h		
3d9d238b5b6f4681	file	/usr/include/linux/dlm_device.h		
04e94f4cb930929b	file	/usr/include/linux/dlm_netlink.h		
c295d09977fbc493	file	/usr/include/linux/dlm_plock.h		
6c84864871d33ac4	file	/usr/include/linux/dlmconstants.h		
239b096b0f30bb52	file	/usr/include/linux/dm-ioctl.h		
bd91d221f7342ce7	file	/usr/include/linux/dm-log-userspace.h		
fc3ca615d3eb57c8	file	/usr/include/linux/dma-buf.h		
ad139143d32b601e	file	/usr/include/linux/dma-heap.h		
ec0320f418ccd749	file	/usr/include/linux/dns_resolver.h		
15a1cf4865d3741d	file	/usr/include/linux/dqblk_xfs.h		
45c07d2915ade1e6	file	/usr/include/linux/dvb/audio.h		
c920564f8da0feac	file	/usr/include/linux/dvb/ca.h		
e4b4d4683b527817	file	/usr/include/linux/dvb/dmx.h		
afe7334d45b9febf	file	/usr/include/linux/dvb/frontend.h		
9c69f55d2620d00f	file	/usr/include/linux/dvb/net.h		
5be9f87dfdb7a534	file	/usr/include/linux/dvb/osd.h		
7142df5c0fa5eff1	file	/usr/include/linux/dvb/version.h		
0de74bbdd746412b	file	/usr/include/linux/dvb/video.h		
355deb0a64d75c15	file	/usr/include/linux/dw100.h		
d4e2029fa714bdde	file	/usr/include/linux/edd.h		
c0407f638adfc94d	file	/usr/include/linux/efs_fs_sb.h		
ae412a5d79b30c9c	file	/usr/include/linux/elf-em.h		
7760dc8a3d3aa134	file	/usr/include/linux/elf-fdpic.h		
ad236ec2246e9e0c	file	/usr/include/linux/elf.h		
f277c4442a2910ca	file	/usr/include/linux/errno.h		
340cc4614ab18179	file	/usr/include/linux/errqueue.h		
c060dba9d5a07d25	file	/usr/include/linux/erspan.h		
3d1a0e6fc0fa954b	file	/usr/include/linux/ethtool.h		
fd8707a6e2780624	file	/usr/include/linux/ethtool_netlink.h		
cb1977e52575d1e0	file	/usr/include/linux/eventpoll.h		
beab580e69a9e770	file	/usr/include/linux/f2fs.h		
f380f875bf491d8c	file	/usr/include/linux/fadvise.h		
945a53cac5ca6a92	file	/usr/include/linux/falloc.h		
a04aaa11360c6221	file	/usr/include/linux/fanotify.h		
e2fd181ccbece83f	file	/usr/include/linux/fb.h		
c5f5e6f7114c5670	file	/usr/include/linux/fcntl.h		
3c0489f775cd0fbd	file	/usr/include/linux/fd.h		
ffe6bc758c1b77f3	file	/usr/include/linux/fdreg.h		
d7ab9cc37b216f27	file	/usr/include/linux/fib_rules.h		
1361eb87cf3729a7	file	/usr/include/linux/fiemap.h		
73d3beed69cff85d	file	/usr/include/linux/filter.h		
a85df6674e2a4c83	file	/usr/include/linux/firewire-cdev.h		
baf84fe95073c052	file	/usr/include/linux/firewire-constants.h		
244e686eedd3f332	file	/usr/include/linux/fou.h		
ef88d85496107308	file	/usr/include/linux/fpga-dfl.h		
94efc6728c3665b6	file	/usr/include/linux/fs.h		
6e93d9a2e05a5923	file	/usr/include/linux/fscrypt.h		
1aea1cb75b536913	file	/usr/include/linux/fsi.h		
4ef8eae6c75dd499	file	/usr/include/linux/fsl_hypervisor.h		
dfcffb2a9bdab85a	file	/usr/include/linux/fsl_mc.h		
bcc98a176ffcb581	file	/usr/include/linux/fsmap.h		
3720109e867607d8	file	/usr/include/linux/fsverity.h		
4678a8fa184f14f4	file	/usr/include/linux/fuse.h		
2b7c1fba5ca32d0a	file	/usr/include/linux/futex.h		
6c16a26ed54d4594	file	/usr/include/linux/gameport.h		
f497b01deb340307	file	/usr/include/linux/gen_stats.h		
c56cf207551c4eaa	file	/usr/include/linux/genetlink.h		
a03a524fd92bf4d2	file	/usr/include/linux/genwqe/genwqe_card.h		
4e35cef4a178f34c	file	/usr/include/linux/gfs2_ondisk.h		
0e05b0c7e4827657	file	/usr/include/linux/gpio.h		
9cd96fec24168abd	file	/usr/include/linux/gsmmux.h		
55fe44e667f94f00	file	/usr/include/linux/gtp.h		
3ea04f32ad3a0a5c	file	/usr/include/linux/hash_info.h		
e1794fcb44015d2a	file	/usr/include/linux/hdlc.h		
bef6654997ce0be6	file	/usr/include/linux/hdlc/ioctl.h		
2bd8d4c9285f6fca	file	/usr/include/linux/hdlcdrv.h		
34953d32f7659fcc	file	/usr/include/linux/hdreg.h		
cf6e72ffe43032e0	file	/usr/include/linux/hid.h		
c832d1b0a3161b3a	file	/usr/include/linux/hiddev.h		
7e42f872bafe4e43	file	/usr/include/linux/hidraw.h		
1a9895f5035ed082	file	/usr/include/linux/hpet.h		
2600b6300add31e1	file	/usr/include/linux/hsi/cs-protocol.h		
38a9e6c2466b1b2e	file	/usr/include/linux/hsi/hsi_char.h		
e68315a57f9e097a	file	/usr/include/linux/hsr_netlink.h		
e5286a6553a74186	file	/usr/include/linux/hw_breakpoint.h		
f4d7592beced3d1d	file	/usr/include/linux/hyperv.h		
d31edcb40d88dc4a	file	/usr/include/linux/i2c-dev.h		
5230b2f74c72ad63	file	/usr/include/linux/i2c.h		
48fdad5470531d25	file	/usr/include/linux/i2o-dev.h		
6efdb11c47215634	file	/usr/include/linux/i8k.h		
b1ad3b02fadc2eb2	file	/usr/include/linux/icmp.h		
0a1eeadeddd65acc	file	/usr/include/linux/icmpv6.h		
62fd2e1c5c8703e2	file	/usr/include/linux/idxd.h		
e116b99a0852c3b5	file	/usr/include/linux/if.h		
b625be3bd38061d7	file	/usr/include/linux/if_addr.h		
ddc379b371587531	file	/usr/include/linux/if_addrlabel.h		
01b98a35ed7f6e95	file	/usr/include/linux/if_alg.h		
c523cf087e2cf97e	file	/usr/include/linux/if_arcnet.h		
95c5daf91b7ac72e	file	/usr/include/linux/if_arp.h		
621eb881eb2e77cd	file	/usr/include/linux/if_bonding.h		
f90447a7b881db8c	file	/usr/include/linux/if_bridge.h		
ccf71684f6453046	file	/usr/include/linux/if_cablemodem.h		
376f4f3bb4116f20	file	/usr/include/linux/if_eql.h		
a0192102f7b70181	file	/usr/include/linux/if_ether.h		
14124543a8dd3db1	file	/usr/include/linux/if_fc.h		
9b5333466a59b278	file	/usr/include/linux/if_fddi.h		
0e131d91ff1fb874	file	/usr/include/linux/if_hippi.h		
18bfb11f4cf57e1e	file	/usr/include/linux/if_infiniband.h		
c2b0897f0c6b9129	file	/usr/include/linux/if_link.h		
9bc7468ba8b7a794	file	/usr/include/linux/if_ltalk.h		
0bcf5387e65f397d	file	/usr/include/linux/if_macsec.h		
98f99cfd5086aef2	file	/usr/include/linux/if_packet.h		
f937582e26fe5986	file	/usr/include/linux/if_phonet.h		
092782ff0dc09eab	file	/usr/include/linux/if_plip.h		
1e708fdb822ccf52	file	/usr/include/linux/if_ppp.h		
ffacc5e810753f96	file	/usr/include/linux/if_pppol2tp.h		
4ccda8d4363c5644	file	/usr/include/linux/if_pppox.h		
ed6293f11a4c47e1	file	/usr/include/linux/if_slip.h		
1994369710906ec8	file	/usr/include/linux/if_team.h		
772138d4b32e877e	file	/usr/include/linux/if_tun.h		
4c834190d2770f83	file	/usr/include/linux/if_tunnel.h		
a184ff1c4a5ea938	file	/usr/include/linux/if_vlan.h		
8f53eb001c8c6e5d	file	/usr/include/linux/if_x25.h		
bf5f8b646caad364	file	/usr/include/linux/if_xdp.h		
e9f619a36d5a93f4	file	/usr/include/linux/ife.h		
a633618ecdf69672	file	/usr/include/linux/igmp.h		
4a739e3a1b36f756	file	/usr/include/linux/iio/buffer.h		
ab2a736542870cf0	file	/usr/include/linux/iio/events.h		
aee5861b3b138f14	file	/usr/include/linux/iio/types.h		
ea58f1fcd8edf8f5	file	/usr/include/linux/ila.h		
4b081f481db55798	file	/usr/include/linux/in.h		
9e2e15d9ae5af4ce	file	/usr/include/linux/in6.h		
e04cc922c61fe686	file	/usr/include/linux/in_route.h		
8e334bf779523b79	file	/usr/include/linux/inet_diag.h		
19a9c4928e1857b2	file	/usr/include/linux/inotify.h		
85b08b7330822f9f	file	/usr/include/linux/input-event-codes.h		
4d94fb64b4fdd4c0	file	/usr/include/linux/input.h		
51e61c7378af5468	file	/usr/include/linux/io_uring.h		
9763356c08aabcc2	file	/usr/include/linux/ioam6.h		
393bd05ad61a3c4e	file	/usr/include/linux/ioam6_genl.h		
7c814031ab053cb5	file	/usr/include/linux/ioam6_iptunnel.h		
913479c718ca7813	file	/usr/include/linux/ioctl.h		
d68102cbb1181f65	file	/usr/include/linux/iommu.h		
1288debc16804379	file	/usr/include/linux/ioprio.h		
9b74b0153e6f3991	file	/usr/include/linux/ip.h		
e30856b56f10ffd6	file	/usr/include/linux/ip6_tunnel.h		
cc9e8c10c219f2d6	file	/usr/include/linux/ip_vs.h		
9b2a8467bc8bf9d7	file	/usr/include/linux/ipc.h		
908b1cad4bf659f0	file	/usr/include/linux/ipmi.h		
e92d1d6d510f2ae3	file	/usr/include/linux/ipmi_bmc.h		
e9bf9e71264a2aed	file	/usr/include/linux/ipmi_msgdefs.h		
99df3de69f2fed95	file	/usr/include/linux/ipsec.h		
da56c5445447d843	file	/usr/include/linux/ipv6.h		
602e9f33c2f14b73	file	/usr/include/linux/ipv6_route.h		
ee46c730833b43ac	file	/usr/include/linux/irqnr.h		
88bbfdedfb66d353	file	/usr/include/linux/isdn/capicmd.h		
4bd695a256b0abee	file	/usr/include/linux/iso_fs.h		
d10df07310bf51a8	file	/usr/include/linux/isst_if.h		
74690063ea287ee2	file	/usr/include/linux/ivtv.h		
19e4a28d4876b1a6	file	/usr/include/linux/ivtvfb.h		
f30896c89d6d7a13	file	/usr/include/linux/jffs2.h		
d0c5a3834297936d	file	/usr/include/linux/joystick.h		
e8e938a57e94a3d6	file	/usr/include/linux/kcm.h		
eb38146e76f6de65	file	/usr/include/linux/kcmp.h		
e779eec6f65d656c	file	/usr/include/linux/kcov.h		
f38767753ff7d1b3	file	/usr/include/linux/kd.h		
79de4a1ea2cf23fc	file	/usr/include/linux/kdev_t.h		
fbfd4b81e5d5274d	file	/usr/include/linux/kernel-page-flags.h		
cbfeb57874e85d50	file	/usr/include/linux/kernel.h		
5a5e714349f821f8	file	/usr/include/linux/kernelcapi.h		
c425560e47498600	file	/usr/include/linux/kexec.h		
fe4e526b9adbbe09	file	/usr/include/linux/keyboard.h		
64d8535c4d442fd2	file	/usr/include/linux/keyctl.h		
c94f4b78a2c1dbe2	file	/usr/include/linux/kfd_ioctl.h		
ace1e94aa0cdc9f0	file	/usr/include/linux/kfd_sysfs.h		
68f0b36053561b4b	file	/usr/include/linux/kvm.h		
3836358fe69d35d5	file	/usr/include/linux/kvm_para.h		
67dd1284c0124089	file	/usr/include/linux/l2tp.h		
c94d00ac7965973c	file	/usr/include/linux/landlock.h		
1a2439c1da86accc	file	/usr/include/linux/libc-compat.h		
70420d7f5b71c522	file	/usr/include/linux/limits.h		
b7174e51ffadd8bf	file	/usr/include/linux/lirc.h		
5368b5be37a361b9	file	/usr/include/linux/llc.h		
202f16ee8d181eca	file	/usr/include/linux/loadpin.h		
40bee3ad8b752ad1	file	/usr/include/linux/loop.h		
4711cbd3f6e2edd8	file	/usr/include/linux/lp.h		
e8cc387e93fb9f4d	file	/usr/include/linux/lwtunnel.h		
4643d628e6e24290	file	/usr/include/linux/magic.h		
7fa0ef9deb1fc784	file	/usr/include/linux/major.h		
2ea7a6790a1e773e	file	/usr/include/linux/map_to_14segment.h		
992751d11cc31263	file	/usr/include/linux/map_to_7segment.h		
1484213f29117d77	file	/usr/include/linux/matroxfb.h		
10c66cfc1996ee61	file	/usr/include/linux/max2175.h		
c53e96da34863977	file	/usr/include/linux/mctp.h		
0d57493cd2ed0b38	file	/usr/include/linux/mdio.h		
76a1a5fcfbd14026	file	/usr/include/linux/media-bus-format.h		
18f666bb7a5b66dc	file	/usr/include/linux/media.h		
2ea0628c2311b6cf	file	/usr/include/linux/mei.h		
7e16bca2bfe6733d	file	/usr/include/linux/membarrier.h		
025730134f3ba56d	file	/usr/include/linux/memfd.h		
41132955fede8048	file	/usr/include/linux/mempolicy.h		
1bb49a68d311712b	file	/usr/include/linux/meye.h		
e3bf75e200cecad5	file	/usr/include/linux/mii.h		
681d3a13d1249fb1	file	/usr/include/linux/minix_fs.h		
687ae328156f5cef	file	/usr/include/linux/misc/bcm_vk.h		
ac27043a590a5ea8	file	/usr/include/linux/mman.h		
1c81c5221b5c4284	file	/usr/include/linux/mmc/ioctl.h		
7b82b7decc6edb3c	file	/usr/include/linux/mmtimer.h		
8552d71ac3d6563c	file	/usr/include/linux/module.h		
1875650648f9b791	file	/usr/include/linux/mount.h		
72d31b1246a928e2	file	/usr/include/linux/mpls.h		
e2f2851506a29a9b	file	/usr/include/linux/mpls_iptunnel.h		
bcf675002999d4f4	file	/usr/include/linux/mptcp.h		
58a97281458cc81e	file	/usr/include/linux/mqueue.h		
ca53c35444a6c758	file	/usr/include/linux/mroute.h		
ee233b4fe497e3fd	file	/usr/include/linux/mroute6.h		
6ec9aaf6e0ef1a43	file	/usr/include/linux/mrp_bridge.h		
04252f54d0f43b85	file	/usr/include/linux/msdos_fs.h		
979139319fc2cc84	file	/usr/include/linux/msg.h		
4bca9ef61410f287	file	/usr/include/linux/mtio.h		
4d18f0f8349c457d	file	/usr/include/linux/nbd-netlink.h		
695c846b0eba7d0d	file	/usr/include/linux/nbd.h		
85fbf80f168e0dd9	file	/usr/include/linux/ncsi.h		
f9b0535250d5d352	file	/usr/include/linux/ndctl.h		
2e91745c5613ac4c	file	/usr/include/linux/neighbour.h		
2d0234e80b6b478a	file	/usr/include/linux/net.h		
79086601da2565d3	file	/usr/include/linux/net_dropmon.h		
16f7619f93d633a4	file	/usr/include/linux/net_namespace.h		
7ccc1d0e8d479ea3	file	/usr/include/linux/net_tstamp.h		
ecd5f4fb87e37fe3	file	/usr/include/linux/netconf.h		
5b4b27ac1200a12c	file	/usr/include/linux/netdevice.h		
0637ba162c5439a4	file	/usr/include/linux/netfilter.h		
252016d617abf44e	file	/usr/include/linux/netfilter/ipset/ip_set.h		
f1315de036859f2d	file	/usr/include/linux/netfilter/ipset/ip_set_bitmap.h		
fb0697517e0de8ae	file	/usr/include/linux/netfilter/ipset/ip_set_hash.h		
ead41ffe2932a67c	file	/usr/include/linux/netfilter/ipset/ip_set_list.h		
07afdec3c24ca20a	file	/usr/include/linux/netfilter/nf_conntrack_common.h		
13dac192a0147226	file	/usr/include/linux/netfilter/nf_conntrack_ftp.h		
6b968907768f8da1	file	/usr/include/linux/netfilter/nf_conntrack_sctp.h		
6e999ac457f55675	file	/usr/include/linux/netfilter/nf_conntrack_tcp.h		
abd2dcf1a6bdc493	file	/usr/include/linux/netfilter/nf_conntrack_tuple_common.h		
950c08230be39072	file	/usr/include/linux/netfilter/nf_log.h		
bca5f23bf296140b	file	/usr/include/linux/netfilter/nf_nat.h		
4d92b3d200658af8	file	/usr/include/linux/netfilter/nf_synproxy.h		
212c452530695fa8	file	/usr/include/linux/netfilter/nf_tables.h		
a34199b961f17a74	file	/usr/include/linux/netfilter/nf_tables_compat.h		
de7f4245b9e8c99c	file	/usr/include/linux/netfilter/nfnetlink.h		
c5a2357c44b6c5d9	file	/usr/include/linux/netfilter/nfnetlink_acct.h		
2b4a76cebfa6c749	file	/usr/include/linux/netfilter/nfnetlink_compat.h		
c8fecddd0956b171	file	/usr/include/linux/netfilter/nfnetlink_conntrack.h		
7d698ca0bb7e223e	file	/usr/include/linux/netfilter/nfnetlink_cthelper.h		
176639a81aeb366a	file	/usr/include/linux/netfilter/nfnetlink_cttimeout.h		
7d9bb9a6b5f005f4	file	/usr/include/linux/netfilter/nfnetlink_hook.h		
84a8c718c9eaf6f4	file	/usr/include/linux/netfilter/nfnetlink_log.h		
ea4a85756e1be6e0	file	/usr/include/linux/netfilter/nfnetlink_osf.h		
0078846e79459f6b	file	/usr/include/linux/netfilter/nfnetlink_queue.h		
8bbfd206260e737c	file	/usr/include/linux/netfilter/x_tables.h		
660a51c6f3ffaad0	file	/usr/include/linux/netfilter/xt_AUDIT.h		
2e28fce79f329a4d	file	/usr/include/linux/netfilter/xt_CHECKSUM.h		
4949d9480c19ed2b	file	/usr/include/linux/netfilter/xt_CLASSIFY.h		
f907b276ce0b5ca1	file	/usr/include/linux/netfilter/xt_CONNMARK.h		
541a5d012d7df7c3	file	/usr/include/linux/netfilter/xt_CONNSECMARK.h		
2ee0f26d4906cf16	file	/usr/include/linux/netfilter/xt_CT.h		
ef8ebdf47c0dae44	file	/usr/include/linux/netfilter/xt_DSCP.h		
79f39d194317ed84	file	/usr/include/linux/netfilter/xt_HMARK.h		
f718ad26bcf09b2c	file	/usr/include/linux/netfilter/xt_IDLETIMER.h		
21c9985ea855d635	file	/usr/include/linux/netfilter/xt_LED.h		
6f51965a0a543a36	file	/usr/include/linux/netfilter/xt_LOG.h		
cd58704d776c1fe9	file	/usr/include/linux/netfilter/xt_MARK.h		
32c0ee2f0e190832	file	/usr/include/linux/netfilter/xt_NFLOG.h		
9c7d8200d4711294	file	/usr/include/linux/netfilter/xt_NFQUEUE.h		
074e5f4cee138e99	file	/usr/include/linux/netfilter/xt_RATEEST.h		
0c715b1b6c0a8a26	file	/usr/include/linux/netfilter/xt_SECMARK.h		
11d43123110828bd	file	/usr/include/linux/netfilter/xt_SYNPROXY.h		
b30c96ee66a59f13	file	/usr/include/linux/netfilter/xt_TCPMSS.h		
5f649386c7e8e852	file	/usr/include/linux/netfilter/xt_TCPOPTSTRIP.h		
513d866a2a4f77c4	file	/usr/include/linux/netfilter/xt_TEE.h		
1dfa3b044bc80040	file	/usr/include/linux/netfilter/xt_TPROXY.h		
458e184719f93ade	file	/usr/include/linux/netfilter/xt_addrtype.h		
522c058e36331a1f	file	/usr/include/linux/netfilter/xt_bpf.h		
fc88a39067ab6f94	file	/usr/include/linux/netfilter/xt_cgroup.h		
856d7e609c32ed8d	file	/usr/include/linux/netfilter/xt_cluster.h		
5bf127a76a238229	file	/usr/include/linux/netfilter/xt_comment.h		
9450e453f4847187	file	/usr/include/linux/netfilter/xt_connbytes.h		
098403453f76cbe7	file	/usr/include/linux/netfilter/xt_connlabel.h		
973d5a68e90baa56	file	/usr/include/linux/netfilter/xt_connlimit.h		
ec79326b170d1a37	file	/usr/include/linux/netfilter/xt_connmark.h		
07b134ee6aa793f4	file	/usr/include/linux/netfilter/xt_conntrack.h		
217aee4b8973fcb2	file	/usr/include/linux/netfilter/xt_cpu.h		
b08641d4c0087114	file	/usr/include/linux/netfilter/xt_dccp.h		
09b151720922f4ae	file	/usr/include/linux/netfilter/xt_devgroup.h		
18bde701e6a9abd8	file	/usr/include/linux/netfilter/xt_dscp.h		
653bdb09f3add466	file	/usr/include/linux/netfilter/xt_ecn.h		
d7abd06bd9762249	file	/usr/include/linux/netfilter/xt_esp.h		
0bad7ce242b68014	file	/usr/include/linux/netfilter/xt_hashlimit.h		
15cbdb550b71c870	file	/usr/include/linux/netfilter/xt_helper.h		
eec59c9ea6807819	file	/usr/include/linux/netfilter/xt_ipcomp.h		
267146b4f6244218	file	/usr/include/linux/netfilter/xt_iprange.h		
7347640629b82fea	file	/usr/include/linux/netfilter/xt_ipvs.h		
b750c27185ac3783	file	/usr/include/linux/netfilter/xt_l2tp.h		
3c13e545927ccd98	file	/usr/include/linux/netfilter/xt_length.h		
3bf96b1a899cc4bf	file	/usr/include/linux/netfilter/xt_limit.h		
29b91204f9dee7b4	file	/usr/include/linux/netfilter/xt_mac.h		
95c5d36c8bfa9e39	file	/usr/include/linux/netfilter/xt_mark.h		
f4dca722d2290bc3	file	/usr/include/linux/netfilter/xt_multiport.h		
e3768b36c4343493	file	/usr/include/linux/netfilter/xt_nfacct.h		
b75ee9d73e851b49	file	/usr/include/linux/netfilter/xt_osf.h		
102ddb2b2e0b56e3	file	/usr/include/linux/netfilter/xt_owner.h		
96703eadba838f30	file	/usr/include/linux/netfilter/xt_physdev.h		
ad1ee35698d349e8	file	/usr/include/linux/netfilter/xt_pkttype.h		
099d56b7137220dd	file	/usr/include/linux/netfilter/xt_policy.h		
887e58a21c897c4a	file	/usr/include/linux/netfilter/xt_quota.h		
abd56d702c65507e	file	/usr/include/linux/netfilter/xt_rateest.h		
200d897ac6e44ee5	file	/usr/include/linux/netfilter/xt_realm.h		
2aaf054925162f12	file	/usr/include/linux/netfilter/xt_recent.h		
d337dd42a58f102d	file	/usr/include/linux/netfilter/xt_rpfilter.h		
95d3c5270ddb2e87	file	/usr/include/linux/netfilter/xt_sctp.h		
89e73f4f10ed09ec	file	/usr/include/linux/netfilter/xt_set.h		
1cd2c835ff6972f2	file	/usr/include/linux/netfilter/xt_socket.h		
cf642b1794345b01	file	/usr/include/linux/netfilter/xt_state.h		
b768d771a99f4d60	file	/usr/include/linux/netfilter/xt_statistic.h		
14893c1afcbd0564	file	/usr/include/linux/netfilter/xt_string.h		
d1163d5d37696733	file	/usr/include/linux/netfilter/xt_tcpmss.h		
49db30d4002546c6	file	/usr/include/linux/netfilter/xt_tcpudp.h		
95892efb1dc240b1	file	/usr/include/linux/netfilter/xt_time.h		
9d0aca291703bc2f	file	/usr/include/linux/netfilter/xt_u32.h		
b9dc76079524f728	file	/usr/include/linux/netfilter_arp.h		
ecfb002b45cf09be	file	/usr/include/linux/netfilter_arp/arp_tables.h		
b88bf48467700a8f	file	/usr/include/linux/netfilter_arp/arpt_mangle.h		
7458af16d5a655fd	file	/usr/include/linux/netfilter_bridge.h		
cd0361d6f029a55d	file	/usr/include/linux/netfilter_bridge/ebt_802_3.h		
ae85e09669fd68dc	file	/usr/include/linux/netfilter_bridge/ebt_among.h		
4463f641288e4845	file	/usr/include/linux/netfilter_bridge/ebt_arp.h		
7e779c76d165bfb2	file	/usr/include/linux/netfilter_bridge/ebt_arpreply.h		
9943c4d1c71aa00b	file	/usr/include/linux/netfilter_bridge/ebt_ip.h		
42d276a6c24e9ebf	file	/usr/include/linux/netfilter_bridge/ebt_ip6.h		
5438c21846093a19	file	/usr/include/linux/netfilter_bridge/ebt_limit.h		
6aad49a4fc4fec31	file	/usr/include/linux/netfilter_bridge/ebt_log.h		
98a41cb3fb4d6419	file	/usr/include/linux/netfilter_bridge/ebt_mark_m.h		
900d48dd570eb919	file	/usr/include/linux/netfilter_bridge/ebt_mark_t.h		
68cb827b28218e41	file	/usr/include/linux/netfilter_bridge/ebt_nat.h		
53e72045e5eeb686	file	/usr/include/linux/netfilter_bridge/ebt_nflog.h		
533e1fe838d63a68	file	/usr/include/linux/netfilter_bridge/ebt_pkttype.h		
66085b547b971250	file	/usr/include/linux/netfilter_bridge/ebt_redirect.h		
5e7534e241b8a9ab	file	/usr/include/linux/netfilter_bridge/ebt_stp.h		
5553af413ef9dbc6	file	/usr/include/linux/netfilter_bridge/ebt_vlan.h		
8b607ae65167d637	file	/usr/include/linux/netfilter_bridge/ebtables.h		
9824ca2ebbbf170f	file	/usr/include/linux/netfilter_ipv4.h		
026bb368eadb32d5	file	/usr/include/linux/netfilter_ipv4/ip_tables.h		
2869d30cf2677052	file	/usr/include/linux/netfilter_ipv4/ipt_CLUSTERIP.h		
28723f76faf75268	file	/usr/include/linux/netfilter_ipv4/ipt_ECN.h		
6485860e9c24b5b8	file	/usr/include/linux/netfilter_ipv4/ipt_LOG.h		
cc392ed6fc95475f	file	/usr/include/linux/netfilter_ipv4/ipt_REJECT.h		
02ba0519a2163520	file	/usr/include/linux/netfilter_ipv4/ipt_TTL.h		
e178fbcfe50ed567	file	/usr/include/linux/netfilter_ipv4/ipt_ah.h		
07cd97485c295d10	file	/usr/include/linux/netfilter_ipv4/ipt_ecn.h		
1ed56317ead07b46	file	/usr/include/linux/netfilter_ipv4/ipt_ttl.h		
d8534e2eb9e1a13c	file	/usr/include/linux/netfilter_ipv6.h		
6682bd65fde061db	file	/usr/include/linux/netfilter_ipv6/ip6_tables.h		
03e53804cf1ad423	file	/usr/include/linux/netfilter_ipv6/ip6t_HL.h		
e24c3820f0cdb893	file	/usr/include/linux/netfilter_ipv6/ip6t_LOG.h		
329a79a0fd2af0b9	file	/usr/include/linux/netfilter_ipv6/ip6t_NPT.h		
49e8ad71d8ddd869	file	/usr/include/linux/netfilter_ipv6/ip6t_REJECT.h		
b0f89b9046086e5a	file	/usr/include/linux/netfilter_ipv6/ip6t_ah.h		
3079e86a1537b120	file	/usr/include/linux/netfilter_ipv6/ip6t_frag.h		
f7590380e484b7c8	file	/usr/include/linux/netfilter_ipv6/ip6t_hl.h		
56106eb87fbc1fc4	file	/usr/include/linux/netfilter_ipv6/ip6t_ipv6header.h		
5ed99565e2f9d65a	file	/usr/include/linux/netfilter_ipv6/ip6t_mh.h		
3cbc8d9f3c39e5f1	file	/usr/include/linux/netfilter_ipv6/ip6t_opts.h		
1c344c50873d4c66	file	/usr/include/linux/netfilter_ipv6/ip6t_rt.h		
63fab102dfa3d6a3	file	/usr/include/linux/netfilter_ipv6/ip6t_srh.h		
12954fc013b4923e	file	/usr/include/linux/netlink.h		
b5c5a3ba5d2ede84	file	/usr/include/linux/netlink_diag.h		
1558008773926056	file	/usr/include/linux/netrom.h		
e166287f1608b64d	file	/usr/include/linux/nexthop.h		
8d57252080dd535f	file	/usr/include/linux/nfc.h		
d4b38ef874f6dff5	file	/usr/include/linux/nfs.h		
b4a56fff9213e908	file	/usr/include/linux/nfs2.h		
7ba7bc4c502335eb	file	/usr/include/linux/nfs3.h		
3aed7b5d59cbf3c0	file	/usr/include/linux/nfs4.h		
16969ab6658dc6de	file	/usr/include/linux/nfs4_mount.h		
03ea4d0f92d14711	file	/usr/include/linux/nfs_fs.h		
8ea6ce5809d274f0	file	/usr/include/linux/nfs_idmap.h		
673d1f6a1c09a984	file	/usr/include/linux/nfs_mount.h		
aa5c284558507a4a	file	/usr/include/linux/nfsacl.h		
8afd291db7434b89	file	/usr/include/linux/nfsd/cld.h		
b5d575ecc59caf54	file	/usr/include/linux/nfsd/debug.h		
ec54e632bb51f90d	file	/usr/include/linux/nfsd/export.h		
a348dd784daebc0b	file	/usr/include/linux/nfsd/stats.h		
e9bdcd3365a81cf9	file	/usr/include/linux/nilfs2_api.h		
9f7aeb22a3fbcbb7	file	/usr/include/linux/nilfs2_ondisk.h		
ea7da3539016ee7a	file	/usr/include/linux/nitro_enclaves.h		
5c0ea72a280f5e1c	file	/usr/include/linux/nl80211-vnd-intel.h		
3e8c7a20984d2373	file	/usr/include/linux/nl80211.h		
44ac912acbb9e71c	file	/usr/include/linux/nsfs.h		
ab0347ceae0ec125	file	/usr/include/linux/nubus.h		
1914ff238b1521d6	file	/usr/include/linux/nvme_ioctl.h		
1e763c76451630c2	file	/usr/include/linux/nvram.h		
ccf7bd91ddd6ca88	file	/usr/include/linux/omap3isp.h		
58534a80f9833827	file	/usr/include/linux/omapfb.h		
4f75be857f038c36	file	/usr/include/linux/oom.h		
fc3b9d6ee5055d9f	file	/usr/include/linux/openat2.h		
7eb30a9ece73d492	file	/usr/include/linux/openvswitch.h		
e6818a13656a1afc	file	/usr/include/linux/packet_diag.h		
9f6ff9ae78eeb8ce	file	/usr/include/linux/param.h		
540a87d683757fd5	file	/usr/include/linux/parport.h		
e4a66994632ec3b0	file	/usr/include/linux/patchkey.h		
4333b05f78441caf	file	/usr/include/linux/pci.h		
2f9f3df4ac7eefe2	file	/usr/include/linux/pci_regs.h		
64dea4be9ded9a5c	file	/usr/include/linux/pcitest.h		
49eede1d09440fa6	file	/usr/include/linux/perf_event.h		
7a946a8777f15d99	file	/usr/include/linux/personality.h		
51a5edf11ded624c	file	/usr/include/linux/pfkeyv2.h		
edd4b6f078272c0d	file	/usr/include/linux/pfrut.h		
121197d4d0d826e7	file	/usr/include/linux/pg.h		
3ecd071cc5da4d60	file	/usr/include/linux/phantom.h		
51cd5d6f86383150	file	/usr/include/linux/phonet.h		
02279dc5cffe941e	file	/usr/include/linux/pidfd.h		
1ae9c297c517a8f3	file	/usr/include/linux/pkt_cls.h		
0d181a159291d021	file	/usr/include/linux/pkt_sched.h		
4e49febee2848003	file	/usr/include/linux/pktcdvd.h		
3875b6e59bf4903b	file	/usr/include/linux/pmu.h		
6d2a30683ddda23a	file	/usr/include/linux/poll.h		
9640158497d0ff38	file	/usr/include/linux/posix_acl.h		
71cc8af8c91bd9fc	file	/usr/include/linux/posix_acl_xattr.h		
37b770fb6d760d6e	file	/usr/include/linux/posix_types.h		
bbce1abc41bca6ac	file	/usr/include/linux/ppdev.h		
17f231a9585fb1ab	file	/usr/include/linux/ppp-comp.h		
c433e899d6307b74	file	/usr/include/linux/ppp-ioctl.h		
3c2f5e945dc20cee	file	/usr/include/linux/ppp_defs.h		
07bffb0da3c22f66	file	/usr/include/linux/pps.h		
a2e82af0f7fb0dfe	file	/usr/include/linux/pr.h		
f3f45c6a0e6a4ea5	file	/usr/include/linux/prctl.h		
7bc3144fb797ff41	file	/usr/include/linux/psample.h		
b226d39eb6a37ac9	file	/usr/include/linux/psci.h		
a1a96c0d2f97566b	file	/usr/include/linux/psp-sev.h		
0fb10a82550ca2d5	file	/usr/include/linux/ptp_clock.h		
4cb3b757e3c1f61d	file	/usr/include/linux/ptrace.h		
ef011548b99bbc9e	file	/usr/include/linux/qemu_fw_cfg.h		
c78f447195773912	file	/usr/include/linux/qnx4_fs.h		
eca67e43c6632ae8	file	/usr/include/linux/qnxtypes.h		
345d456ff0b02ac1	file	/usr/include/linux/qrtr.h		
70299d277b0360f0	file	/usr/include/linux/quota.h		
777ccfac9da6ce99	file	/usr/include/linux/radeonfb.h		
d89878d08ca43e4d	file	/usr/include/linux/raid/md_p.h		
91ecef1b909d4753	file	/usr/include/linux/raid/md_u.h		
92069293542b10f7	file	/usr/include/linux/random.h		
ac19185b07513c8a	file	/usr/include/linux/rds.h		
18bf9f796912db5c	file	/usr/include/linux/reboot.h		
7d9372ea96494217	file	/usr/include/linux/reiserfs_fs.h		
aa5e29e3a44daf0c	file	/usr/include/linux/reiserfs_xattr.h		
5dea7e32e4bff358	file	/usr/include/linux/remoteproc_cdev.h		
47a692ceb8aa2395	file	/usr/include/linux/resource.h		
b5f4ff20bdac003b	file	/usr/include/linux/rfkill.h		
114a732c95a179d3	file	/usr/include/linux/rio_cm_cdev.h		
f23f1877e7760aba	file	/usr/include/linux/rio_mport_cdev.h		
9da44aae8a6731bc	file	/usr/include/linux/rkisp1-config.h		
15f41a4e045308e1	file	/usr/include/linux/romfs_fs.h		
ae68798e86c05681	file	/usr/include/linux/rose.h		
8232cbeb41f30f8f	file	/usr/include/linux/route.h		
866857ce0e281ac9	file	/usr/include/linux/rpl.h		
ac708eae6865f7e2	file	/usr/include/linux/rpl_iptunnel.h		
974842988184ad9f	file	/usr/include/linux/rpmsg.h		
a49d7fe40cce5a4c	file	/usr/include/linux/rpmsg_types.h		
3d3af92c6de4f70c	file	/usr/include/linux/rseq.h		
5552522e4386131f	file	/usr/include/linux/rtc.h		
e58efab081c76c04	file	/usr/include/linux/rtnetlink.h		
2c4841effa193393	file	/usr/include/linux/rxrpc.h		
c73c6d133a6eb7d3	file	/usr/include/linux/scc.h		
a6e86e44cb2af270	file	/usr/include/linux/sched.h		
74664ec4271bc02e	file	/usr/include/linux/sched/types.h		
b828c7109da5f35f	file	/usr/include/linux/scif_ioctl.h		
526b2273d3e70700	file	/usr/include/linux/screen_info.h		
8f40667b482310a3	file	/usr/include/linux/sctp.h		
f1506fc63b4bba4b	file	/usr/include/linux/seccomp.h		
cf4f9fc31fdea44b	file	/usr/include/linux/securebits.h		
2a7f310c8b8e4683	file	/usr/include/linux/sed-opal.h		
4c2fead8a4b2cb2c	file	/usr/include/linux/seg6.h		
f39466437acbbb06	file	/usr/include/linux/seg6_genl.h		
3d83f727a7ee1bba	file	/usr/include/linux/seg6_hmac.h		
0d300c0c6f1987f9	file	/usr/include/linux/seg6_iptunnel.h		
a9f1283ea27f4b78	file	/usr/include/linux/seg6_local.h		
0d94d52a37230c0d	file	/usr/include/linux/selinux_netlink.h		
73f074352dbf7625	file	/usr/include/linux/sem.h		
6c232f2b70651078	file	/usr/include/linux/serial.h		
b0c7a7a599dba0a1	file	/usr/include/linux/serial_core.h		
9e1de79fbafaa570	file	/usr/include/linux/serial_reg.h		
adbae727db972f4b	file	/usr/include/linux/serio.h		
327812688a07f565	file	/usr/include/linux/sev-guest.h		
292e205e01baf614	file	/usr/include/linux/shm.h		
32dbcfaa6ca75e22	file	/usr/include/linux/signal.h		
4ee1f3a986ac9772	file	/usr/include/linux/signalfd.h		
b7b275160004ea72	file	/usr/include/linux/smc.h		
be3c788fc21afecd	file	/usr/include/linux/smc_diag.h		
08440be1b3ef88a3	file	/usr/include/linux/smiapp.h		
7d6f9617d00417dc	file	/usr/include/linux/snmp.h		
9c9f9c5bbf4ca374	file	/usr/include/linux/sock_diag.h		
bd4f3de425cc7918	file	/usr/include/linux/socket.h		
42c49ea0533e3b9b	file	/usr/include/linux/sockios.h		
303844745aa731ae	file	/usr/include/linux/sonet.h		
c0bf0913702749ec	file	/usr/include/linux/sonypi.h		
189cf6514d9ca9ef	file	/usr/include/linux/sound.h		
6fc71c7c95ea4bf7	file	/usr/include/linux/soundcard.h		
056ea5fd049d18eb	file	/usr/include/linux/spi/spi.h		
93e8f2c11251651e	file	/usr/include/linux/spi/spidev.h		
8f718bb2cb792d1d	file	/usr/include/linux/stat.h		
1423999308ab83a0	file	/usr/include/linux/stddef.h		
e663ee82cd18e731	file	/usr/include/linux/stm.h		
40f71a7b1bdb7781	file	/usr/include/linux/string.h		
e032509ae9781273	file	/usr/include/linux/sunrpc/debug.h		
2ffa55600dc5acf8	file	/usr/include/linux/surface_aggregator/cdev.h		
71af7bb219eff04a	file	/usr/include/linux/surface_aggregator/dtx.h		
675c3be0cbf15b3a	file	/usr/include/linux/suspend_ioctls.h		
7d0acad3d2596d8c	file	/usr/include/linux/swab.h		
9572f1b531a01f78	file	/usr/include/linux/switchtec_ioctl.h		
7852dd564c968b87	file	/usr/include/linux/sync_file.h		
04b0ec531ea64dba	file	/usr/include/linux/synclink.h		
304dca77d0542ec0	file	/usr/include/linux/sysctl.h		
2e26e05510ee6eb7	file	/usr/include/linux/sysinfo.h		
772f4b338d111ce5	file	/usr/include/linux/target_core_user.h		
0d8ec6964db2033a	file	/usr/include/linux/taskstats.h		
49da7df5909ab6e0	file	/usr/include/linux/tc_act/tc_bpf.h		
a36bd7a334f05f4f	file	/usr/include/linux/tc_act/tc_connmark.h		
d76b71560a613e40	file	/usr/include/linux/tc_act/tc_csum.h		
4613e0d0561ce32b	file	/usr/include/linux/tc_act/tc_ct.h		
06b96f3731e8d38e	file	/usr/include/linux/tc_act/tc_ctinfo.h		
edf28f74759932ff	file	/usr/include/linux/tc_act/tc_defact.h		
a79610b6c7b3e655	file	/usr/include/linux/tc_act/tc_gact.h		
3bac0ceb4aa76077	file	/usr/include/linux/tc_act/tc_gate.h		
d2c6ca2a4da515a2	file	/usr/include/linux/tc_act/tc_ife.h		
1ec6d1592b8f622d	file	/usr/include/linux/tc_act/tc_ipt.h		
f2abee3d38e3dc7a	file	/usr/include/linux/tc_act/tc_mirred.h		
06c80207eb30be6f	file	/usr/include/linux/tc_act/tc_mpls.h		
6a17009e00a7631b	file	/usr/include/linux/tc_act/tc_nat.h		
a55ccf44d6436a33	file	/usr/include/linux/tc_act/tc_pedit.h		
9695766df8b69ecd	file	/usr/include/linux/tc_act/tc_sample.h		
96c7bc5a169b4e07	file	/usr/include/linux/tc_act/tc_skbedit.h		
8a660867beaa6a25	file	/usr/include/linux/tc_act/tc_skbmod.h		
3565c462514e8df8	file	/usr/include/linux/tc_act/tc_tunnel_key.h		
6c8453438db3b43b	file	/usr/include/linux/tc_act/tc_vlan.h		
96cec70ad0583e02	file	/usr/include/linux/tc_ematch/tc_em_cmp.h		
263fbcb7537cdd0c	file	/usr/include/linux/tc_ematch/tc_em_ipt.h		
cbd195c7ce24e645	file	/usr/include/linux/tc_ematch/tc_em_meta.h		
13c25a7c59f23275	file	/usr/include/linux/tc_ematch/tc_em_nbyte.h		
738288f9e07d0504	file	/usr/include/linux/tc_ematch/tc_em_text.h		
4d04b16c3b907764	file	/usr/include/linux/tcp.h		
bf189ad022ffb999	file	/usr/include/linux/tcp_metrics.h		
d1e2edee79a77fe6	file	/usr/include/linux/tee.h		
4f48c223d51310fa	file	/usr/include/linux/termios.h		
3ac6fc4279f68e1d	file	/usr/include/linux/thermal.h		
dcd8b3cc070e5f99	file	/usr/include/linux/time.h		
8ce883c571c14865	file	/usr/include/linux/time_types.h		
64928a4fd9905164	file	/usr/include/linux/timerfd.h		
9774280335b9d794	file	/usr/include/linux/times.h		
19380267676a2816	file	/usr/include/linux/timex.h		
f5b7dc037547340c	file	/usr/include/linux/tiocl.h		
b3b6e3713b7443cd	file	/usr/include/linux/tipc.h		
47dbcf265dbc10d6	file	/usr/include/linux/tipc_config.h		
4db7f6cc92e0c568	file	/usr/include/linux/tipc_netlink.h		
c50a7f0beddfc407	file	/usr/include/linux/tipc_sockets_diag.h		
c57bf59a09884a91	file	/usr/include/linux/tls.h		
4c12f5792fcd6fd8	file	/usr/include/linux/toshiba.h		
5c0ffb5d539671c2	file	/usr/include/linux/tty.h		
e8705e0059ecd9ed	file	/usr/include/linux/tty_flags.h		
9dcc3e46d1bd699d	file	/usr/include/linux/types.h		
83ab37ef1369e424	file	/usr/include/linux/ublk_cmd.h		
b8c5e0801b21bd0f	file	/usr/include/linux/udf_fs_i.h		
e290f7e7b41ecdc6	file	/usr/include/linux/udmabuf.h		
13870586077d9af1	file	/usr/include/linux/udp.h		
3393e87c54ee279c	file	/usr/include/linux/uhid.h		
fcad3843a3090403	file	/usr/include/linux/uinput.h		
53c062cf0d2fa74e	file	/usr/include/linux/uio.h		
febdd2948adae9e4	file	/usr/include/linux/uleds.h		
dc0ab7a8404a7a70	file	/usr/include/linux/ultrasound.h		
7a469983c68cf0bd	file	/usr/include/linux/um_timetravel.h		
262d0094e23c1eb7	file	/usr/include/linux/un.h		
10efd217aec5c8a2	file	/usr/include/linux/unistd.h		
cefb7323846983b1	file	/usr/include/linux/unix_diag.h		
3616212bec981878	file	/usr/include/linux/usb/audio.h		
3bbabf4738134974	file	/usr/include/linux/usb/cdc-wdm.h		
43e7aebff8bbee9c	file	/usr/include/linux/usb/cdc.h		
244b3cffc65319e2	file	/usr/include/linux/usb/ch11.h		
11165de9de7be363	file	/usr/include/linux/usb/ch9.h		
605094ed4ae115ff	file	/usr/include/linux/usb/charger.h		
4d288262c79de3f6	file	/usr/include/linux/usb/functionfs.h		
eb47aad9be226d62	file	/usr/include/linux/usb/g_printer.h		
ebfd6f87041097a8	file	/usr/include/linux/usb/g_uvc.h		
0ba8d243b1a38382	file	/usr/include/linux/usb/gadgetfs.h		
38b764c17b19363b	file	/usr/include/linux/usb/midi.h		
763e3c4a8767a403	file	/usr/include/linux/usb/raw_gadget.h		
f960b4e81e658c32	file	/usr/include/linux/usb/tmc.h		
c6ece4973fe713b2	file	/usr/include/linux/usb/video.h		
5be62805ff166514	file	/usr/include/linux/usbdevice_fs.h		
60b64b29741e4907	file	/usr/include/linux/usbip.h		
53f9758e626075df	file	/usr/include/linux/userfaultfd.h		
314f089ce7abd2ef	file	/usr/include/linux/userio.h		
5c968634e8df8a4e	file	/usr/include/linux/utime.h		
0e57ee6decbdbded	file	/usr/include/linux/utsname.h		
2d41b237902dd6eb	file	/usr/include/linux/uuid.h		
3eaa8032d154967f	file	/usr/include/linux/uvcvideo.h		
f1938a1610cb274b	file	/usr/include/linux/v4l2-common.h		
6e39e941caf41524	file	/usr/include/linux/v4l2-controls.h		
fa9065a05dc511c2	file	/usr/include/linux/v4l2-dv-timings.h		
e6b321cd46edec59	file	/usr/include/linux/v4l2-mediabus.h		
75ae5e49a8618615	file	/usr/include/linux/v4l2-subdev.h		
176f4ef422f9d4dc	file	/usr/include/linux/vbox_err.h		
03e9ab18174d12f5	file	/usr/include/linux/vbox_vmmdev_types.h		
b5521fe197860b4c	file	/usr/include/linux/vboxguest.h		
25a3de24edfa20f1	file	/usr/include/linux/vdpa.h		
f002f47f4e928f99	file	/usr/include/linux/vduse.h		
ff7db05ca0703a16	file	/usr/include/linux/version.h		
ed9e5de27d6c3fee	file	/usr/include/linux/veth.h		
1a353f885d58ebb2	file	/usr/include/linux/vfio.h		
5f85438feb12bfc9	file	/usr/include/linux/vfio_ccw.h		
9c0b69ce3e2a247e	file	/usr/include/linux/vfio_zdev.h		
5d6c823adbfe6457	file	/usr/include/linux/vhost.h		
1812c23976a236a5	file	/usr/include/linux/vhost_types.h		
82e0ac6583ce25c2	file	/usr/include/linux/videodev2.h		
3e73c08f420d3389	file	/usr/include/linux/virtio_9p.h		
dcedaa3f8b8c7085	file	/usr/include/linux/virtio_balloon.h		
209709bedc5a4cad	file	/usr/include/linux/virtio_blk.h		
32962e03c5b7fc30	file	/usr/include/linux/virtio_bt.h		
1935f31671f49571	file	/usr/include/linux/virtio_config.h		
ba7bf79a61a98458	file	/usr/include/linux/virtio_console.h		
5fbfe82b0078d639	file	/usr/include/linux/virtio_crypto.h		
4bcff83f1b837473	file	/usr/include/linux/virtio_fs.h		
83258d35115325ed	file	/usr/include/linux/virtio_gpio.h		
244d277e0c222abf	file	/usr/include/linux/virtio_gpu.h		
1d1c1e8c363bd2de	file	/usr/include/linux/virtio_i2c.h		
a135baf07d0e457c	file	/usr/include/linux/virtio_ids.h		
908f97b8718ffc7e	file	/usr/include/linux/virtio_input.h		
298ab35da30d3ef6	file	/usr/include/linux/virtio_iommu.h		
0189848734550ce3	file	/usr/include/linux/virtio_mem.h		
9d5d2cdb29b85c43	file	/usr/include/linux/virtio_mmio.h		
994491d07266047d	file	/usr/include/linux/virtio_net.h		
e3596a52e439e4d9	file	/usr/include/linux/virtio_pci.h		
9d74d9a80f817dc0	file	/usr/include/linux/virtio_pcidev.h		
d260492363398038	file	/usr/include/linux/virtio_pmem.h		
eddf80a4574e929d	file	/usr/include/linux/virtio_ring.h		
af26228f7336d3a9	file	/usr/include/linux/virtio_rng.h		
09ee11400b0d1beb	file	/usr/include/linux/virtio_scmi.h		
b14eef620df69878	file	/usr/include/linux/virtio_scsi.h		
c84a5bc3d2c31c37	file	/usr/include/linux/virtio_snd.h		
0fdadb5e9fce366f	file	/usr/include/linux/virtio_types.h		
fd1580a5e5fea35c	file	/usr/include/linux/virtio_vsock.h		
e99c42caf71007fa	file	/usr/include/linux/vm_sockets.h		
93a859430ef56b42	file	/usr/include/linux/vm_sockets_diag.h		
131dc9116adf80b6	file	/usr/include/linux/vmcore.h		
7357cfb2d8f96c7b	file	/usr/include/linux/vsockmon.h		
c982268657f89ccf	file	/usr/include/linux/vt.h		
49cf7af35b69cda6	file	/usr/include/linux/vtpm_proxy.h		
75760d4baa7260f1	file	/usr/include/linux/wait.h		
beaaf69072635b71	file	/usr/include/linux/watch_queue.h		
0c1ab96409877046	file	/usr/include/linux/watchdog.h		
621581210785a84c	file	/usr/include/linux/wireguard.h		
ab763921fbdefe66	file	/usr/include/linux/wireless.h		
965b28165bc29951	file	/usr/include/linux/wmi.h		
20e0dbf4bb06886b	file	/usr/include/linux/wwan.h		
f4ae6145339e80c2	file	/usr/include/linux/x25.h		
cd31b6bdc03d1257	file	/usr/include/linux/xattr.h		
c528d37366359329	file	/usr/include/linux/xdp_diag.h		
1c6bce260b6beccf	file	/usr/include/linux/xfrm.h		
5fb57d8977c458f7	file	/usr/include/linux/xilinx-v4l2-controls.h		
04147acf63ed1a4c	file	/usr/include/linux/zorro.h		
9ff92b172c41ae31	file	/usr/include/linux/zorro_ids.h		
eebd63cdc5cee6a0	file	/usr/include/locale.h		
e993d10c272e6652	file	/usr/include/malloc.h		
b30d04acea5c1806	file	/usr/include/math.h		
44d56a08fd9702b3	file	/usr/include/mcheck.h		
fba88be7e2c57dc9	file	/usr/include/memory.h		
65211ca78782c75c	file	/usr/include/misc/cxl.h		
8dfd10ba16917307	file	/usr/include/misc/fastrpc.h		
dfd95c5c612805e5	file	/usr/include/misc/habanalabs.h		
8dbcd9895c6a0c4b	file	/usr/include/misc/ocxl.h		
4c168a82fd414150	file	/usr/include/misc/pvpanic.h		
648a129a5268cd5e	file	/usr/include/misc/uacce/hisi_qm.h		
1fe9af42ad30ef45	file	/usr/include/misc/uacce/uacce.h		
e2e91c36ebffbc19	file	/usr/include/misc/xilinx_sdfec.h		
8595192e7eb963ab	file	/usr/include/mntent.h		
f509487a9470160f	file	/usr/include/monetary.h		
cae21f01e397939b	file	/usr/include/mqueue.h		
545936512cc0ab0f	file	/usr/include/mtd/inftl-user.h		
05efb96738d10929	file	/usr/include/mtd/mtd-abi.h		
44f00472389a8e9b	file	/usr/include/mtd/mtd-user.h		
15d5d97104543073	file	/usr/include/mtd/nftl-user.h		
8ae52f9e4c372ad9	file	/usr/include/mtd/ubi-user.h		
e09fe7933503ea77	file	/usr/include/net/ethernet.h		
1f727627955ba90b	file	/usr/include/net/if.h		
75069ada86ce14b9	file	/usr/include/net/if_arp.h		
f3384a7c614eb9c7	file	/usr/include/net/if_packet.h		
dcef64b32891477a	file	/usr/include/net/if_ppp.h		
384b37852436c107	file	/usr/include/net/if_shaper.h		
67c08134702d4c27	file	/usr/include/net/if_slip.h		
53cf201226eed452	file	/usr/include/net/ppp-comp.h		
4b1c922146cff3c3	file	/usr/include/net/ppp_defs.h		
4b19588710f41786	file	/usr/include/net/route.h		
e8db098153fc8d55	file	/usr/include/netash/ash.h		
48732a268ee1a1a6	file	/usr/include/netatalk/at.h		
5eeef53526d2a707	file	/usr/include/netax25/ax25.h		
541731369abd55de	file	/usr/include/netdb.h		
3841398b808ce23f	file	/usr/include/neteconet/ec.h		
8e3bfb132beace83	file	/usr/include/netinet/ether.h		
58b431aa9733a82a	file	/usr/include/netinet/icmp6.h		
fe0846049c95468b	file	/usr/include/netinet/if_ether.h		
b8eceadc61f6fbcd	file	/usr/include/netinet/if_fddi.h		
e1003a5d1f1536d3	file	/usr/include/netinet/if_tr.h		
bb51fa09f37f43db	file	/usr/include/netinet/igmp.h		
cf74d06586336224	file	/usr/include/netinet/in.h		
91032a93cb667bb4	file	/usr/include/netinet/in_systm.h		
de7925d10194c918	file	/usr/include/netinet/ip.h		
7c881a8467a1cc21	file	/usr/include/netinet/ip6.h		
fcd6c03fd5fe077e	file	/usr/include/netinet/ip_icmp.h		
9ae003237c6b9a41	file	/usr/include/netinet/tcp.h		
27a0c35329792c06	file	/usr/include/netinet/udp.h		
e391fdecdf408d46	file	/usr/include/netipx/ipx.h		
8c0f2272cb672960	file	/usr/include/netiucv/iucv.h		
8d9cdfea5e8822be	file	/usr/include/netpacket/packet.h		
2e445b529184153d	file	/usr/include/netrom/netrom.h		
7010d43a039c1363	file	/usr/include/netrose/rose.h		
6d634ff6268830ee	file	/usr/include/nfs/nfs.h		
8464a1355dd78dda	file	/usr/include/nl_types.h		
bb68aa14397d72fb	file	/usr/include/nss.h		
0a8797a98e3fc32f	file	/usr/include/obstack.h		
9304f6f86fccea88	file	/usr/include/paths.h		
0a3d4214b7147550	file	/usr/include/poll.h		
cc304907c74b11ae	file	/usr/include/printf.h		
572008cd63d6a418	file	/usr/include/proc_service.h		
433df1c86caf2acc	file	/usr/include/protocols/routed.h		
1f95b9027bd4011f	file	/usr/include/protocols/rwhod.h		
7ba22841bb208a28	file	/usr/include/protocols/talkd.h		
b33efe6085d0ba4f	file	/usr/include/protocols/timed.h		
06f47c59f7974ba8	file	/usr/include/pthread.h		
38afd673c798ba78	file	/usr/include/pty.h		
d55e967d95bf90d5	file	/usr/include/pwd.h		
0082283e960bdcfb	file	/usr/include/rdma/bnxt_re-abi.h		
d3f021b1b9a59f67	file	/usr/include/rdma/cxgb4-abi.h		
7b6365f16b45d4c2	file	/usr/include/rdma/efa-abi.h		
c5b7243f5f77d499	file	/usr/include/rdma/erdma-abi.h		
c998155adf3a7c02	file	/usr/include/rdma/hfi/hfi1_ioctl.h		
6679bfd9d2cb657f	file	/usr/include/rdma/hfi/hfi1_user.h		
d4aeb01aee89b843	file	/usr/include/rdma/hns-abi.h		
b6fd6b30368da6d4	file	/usr/include/rdma/ib_user_ioctl_cmds.h		
27a315a2966b6621	file	/usr/include/rdma/ib_user_ioctl_verbs.h		
38074c56d6f71773	file	/usr/include/rdma/ib_user_mad.h		
e816f2c8285b567a	file	/usr/include/rdma/ib_user_sa.h		
ea03bf40d4d0d714	file	/usr/include/rdma/ib_user_verbs.h		
bee7353b65d7b8a6	file	/usr/include/rdma/irdma-abi.h		
0c35c40094f949a0	file	/usr/include/rdma/mlx4-abi.h		
a983dfa15de11560	file	/usr/include/rdma/mlx5-abi.h		
b5f382ff2ea9cbc7	file	/usr/include/rdma/mlx5_user_ioctl_cmds.h		
db847b2cb55ceb66	file	/usr/include/rdma/mlx5_user_ioctl_verbs.h		
224009fb42c6403e	file	/usr/include/rdma/mthca-abi.h		
97a52b2c8d18b3ed	file	/usr/include/rdma/ocrdma-abi.h		
1313644f5a6c3373	file	/usr/include/rdma/qedr-abi.h		
0889c95c4beabc23	file	/usr/include/rdma/rdma_netlink.h		
f7755f53a6d65626	file	/usr/include/rdma/rdma_user_cm.h		
14e57fec6ed0e826	file	/usr/include/rdma/rdma_user_ioctl.h		
4fe134841b933afa	file	/usr/include/rdma/rdma_user_ioctl_cmds.h		
215954d165c9e45b	file	/usr/include/rdma/rdma_user_rxe.h		
a1eae028f6cdd009	file	/usr/include/rdma/rvt-abi.h		
f69adea85f7710a6	file	/usr/include/rdma/siw-abi.h		
38558741d597082b	file	/usr/include/rdma/vmw_pvrdma-abi.h		
30504cc8a7707249	file	/usr/include/re_comp.h		
2d3770ba4f662dab	file	/usr/include/regex.h		
698e253dcad372bc	file	/usr/include/regexp.h		
5b198e74a1ec1393	file	/usr/include/resolv.h		
a1991963bcb5071b	file	/usr/include/rpc/netdb.h		
9c83d4a0add5fef5	file	/usr/include/rpcsvc/bootparam_prot.h		
d1306186a0461d05	file	/usr/include/rpcsvc/bootparam_prot.x		
fbea16160d336deb	file	/usr/include/rpcsvc/key_prot.h		
5a14a079a2e55ae2	file	/usr/include/rpcsvc/key_prot.x		
43a69c87e9ff6ce3	file	/usr/include/rpcsvc/klm_prot.h		
e887a8385fb63b54	file	/usr/include/rpcsvc/klm_prot.x		
f866ee9096aee93b	file	/usr/include/rpcsvc/mount.h		
269ae8313b26dd93	file	/usr/include/rpcsvc/mount.x		
dfce76085591347f	file	/usr/include/rpcsvc/nfs_prot.h		
f7a1446ac85ccfcd	file	/usr/include/rpcsvc/nfs_prot.x		
1180db5ad96d0d6f	file	/usr/include/rpcsvc/nis.h		
7bb42ed746514e25	file	/usr/include/rpcsvc/nis.x		
91f062f3fd6cde9c	file	/usr/include/rpcsvc/nis_callback.h		
4da87a90860b58a0	file	/usr/include/rpcsvc/nis_callback.x		
c8bcf028042fdfcc	file	/usr/include/rpcsvc/nis_object.x		
1123b91ac0584062	file	/usr/include/rpcsvc/nis_tags.h		
a74bfe6f711ddf3d	file	/usr/include/rpcsvc/nislib.h		
3a2ed7c2446d293c	file	/usr/include/rpcsvc/nlm_prot.h		
7c0f117f67e957bd	file	/usr/include/rpcsvc/nlm_prot.x		
4ce3119e4f339f6b	file	/usr/include/rpcsvc/rex.h		
1f57879ddbffdf8c	file	/usr/include/rpcsvc/rex.x		
8ca0badc6817ff69	file	/usr/include/rpcsvc/rquota.h		
8ae337067b13285b	file	/usr/include/rpcsvc/rquota.x		
8ca6f4010e34ed51	file	/usr/include/rpcsvc/rstat.h		
d87198f07e1ce7b2	file	/usr/include/rpcsvc/rstat.x		
333cafb23d713a18	file	/usr/include/rpcsvc/rusers.h		
8ea4ccace3a180e7	file	/usr/include/rpcsvc/rusers.x		
2b54f8e65219d6e1	file	/usr/include/rpcsvc/sm_inter.h		
447b1dd6522e1543	file	/usr/include/rpcsvc/sm_inter.x		
8931e32156b0d5e9	file	/usr/include/rpcsvc/spray.h		
5a04c27ef72283c5	file	/usr/include/rpcsvc/spray.x		
e243fbf53946ac8c	file	/usr/include/rpcsvc/yp.h		
5f56df7733314b91	file	/usr/include/rpcsvc/yp.x		
66a560d6be6861dc	file	/usr/include/rpcsvc/yp_prot.h		
931445f7eac3fa26	file	/usr/include/rpcsvc/ypclnt.h		
adc4c0e784293b1f	file	/usr/include/rpcsvc/yppasswd.h		
0346fe0cb70efbe5	file	/usr/include/rpcsvc/yppasswd.x		
6beae3ddadd9e404	file	/usr/include/rpcsvc/ypupd.h		
d268eb0c2848cf2d	file	/usr/include/sched.h		
36c74c06f1a60e49	file	/usr/include/scsi/scsi.h		
5af5d9ec3515ffe2	file	/usr/include/scsi/scsi_ioctl.h		
2f2f06225a1bcd16	file	/usr/include/scsi/sg.h		
9ede3a98964cde84	file	/usr/include/search.h		
b266a901d882ceac	file	/usr/include/semaphore.h		
5800cab472b87363	file	/usr/include/setjmp.h		
bc9ba107666cb06a	file	/usr/include/sgtty.h		
99cb34f36de8c737	file	/usr/include/shadow.h		
a8e326c7e813c8f2	file	/usr/include/signal.h		
d34a9a9c074793af	file	/usr/include/sound/asequencer.h		
8ea70c75cd13ffe6	file	/usr/include/sound/asoc.h		
5eebd053d73864e1	file	/usr/include/sound/asound.h		
b14aabccdc4972ee	file	/usr/include/sound/asound_fm.h		
37c6b147e0be3b9f	file	/usr/include/sound/compress_offload.h		
3a88e25971b3e674	file	/usr/include/sound/compress_params.h		
256dc02b4bb295c9	file	/usr/include/sound/emu10k1.h		
d1bc7792428ec493	file	/usr/include/sound/firewire.h		
8bd78a92a6107a2f	file	/usr/include/sound/hdsp.h		
ccf498728178185b	file	/usr/include/sound/hdspm.h		
d3d77d2485c4cbba	file	/usr/include/sound/intel/avs/tokens.h		
9747a87b9cebe8b7	file	/usr/include/sound/sb16_csp.h		
591b138c3ba9dce1	file	/usr/include/sound/sfnt_info.h		
2679b9aa58bd5d5c	file	/usr/include/sound/skl-tplg-interface.h		
b0b7d50a7079fd2e	file	/usr/include/sound/snd_ar_tokens.h		
d06a1ec594345b7f	file	/usr/include/sound/snd_sst_tokens.h		
f1dbd907e9957289	file	/usr/include/sound/sof/abi.h		
8521e7dc087401f0	file	/usr/include/sound/sof/fw.h		
6dd9a2ac66334777	file	/usr/include/sound/sof/header.h		
7c5fe5b62c7a381a	file	/usr/include/sound/sof/tokens.h		
3878e557f683aafe	file	/usr/include/sound/tlv.h		
1e6bf3495af5d861	file	/usr/include/sound/usb_stream.h		
eb620fc98708fb8a	file	/usr/include/spawn.h		
0338ca5a97092aef	file	/usr/include/stab.h		
d7d4da732073aad7	file	/usr/include/stdc-predef.h		
f4e6e8f5b6ea017b	file	/usr/include/stdint.h		
c5c201e3a9fa9600	file	/usr/include/stdio.h		
110b4c4ed5790620	file	/usr/include/stdio_ext.h		
dfa006a629d32b92	file	/usr/include/stdlib.h		
38df0522d95f15af	file	/usr/include/string.h		
0f9546a25208a2e4	file	/usr/include/strings.h		
cd48bc3b500dc9cf	file	/usr/include/syscall.h		
d347180fd9e40f81	file	/usr/include/sysexits.h		
3f0c7020d47aeb11	file	/usr/include/syslog.h		
46882356014a956e	file	/usr/include/tar.h		
b17de73d6bdd756d	file	/usr/include/termio.h		
7e22c722fca30f05	file	/usr/include/termios.h		
2fb61217a3385a23	file	/usr/include/tgmath.h		
f4384f43af332f59	file	/usr/include/thread_db.h		
284c0c67ba1ae710	file	/usr/include/threads.h		
bb381e2e4e3cd412	file	/usr/include/time.h		
c0d8a265f9f8da98	file	/usr/include/tirpc/netconfig.h		
814ec11459f0c9be	file	/usr/include/tirpc/rpc/auth.h		
7a42d479beb9a6b6	file	/usr/include/tirpc/rpc/auth_des.h		
46ea278da0382b88	file	/usr/include/tirpc/rpc/auth_gss.h		
ba757a877acab39b	file	/usr/include/tirpc/rpc/auth_unix.h		
ef7186ab807225d9	file	/usr/include/tirpc/rpc/clnt.h		
6e10dc3dabd5535b	file	/usr/include/tirpc/rpc/clnt_soc.h		
2b2249ac2d1fe65c	file	/usr/include/tirpc/rpc/clnt_stat.h		
e12acd600a07c6cb	file	/usr/include/tirpc/rpc/des.h		
37f1b73d1fbfe0d2	file	/usr/include/tirpc/rpc/des_crypt.h		
c8b01c99ce28e5c2	file	/usr/include/tirpc/rpc/key_prot.h		
5b100d0ab691b2b1	file	/usr/include/tirpc/rpc/nettype.h		
9b127ebc63a6c25c	file	/usr/include/tirpc/rpc/pmap_clnt.h		
18f07f5b2b8965dc	file	/usr/include/tirpc/rpc/pmap_prot.h		
c7c7df6644bfeabe	file	/usr/include/tirpc/rpc/pmap_rmt.h		
a2696ce297302c71	file	/usr/include/tirpc/rpc/raw.h		
7c76d949beac1e26	file	/usr/include/tirpc/rpc/rpc.h		
603f222002f06417	file	/usr/include/tirpc/rpc/rpc_com.h		
37aac25f9aee358e	file	/usr/include/tirpc/rpc/rpc_msg.h		
d53c7f442c5ecdfa	file	/usr/include/tirpc/rpc/rpcb_clnt.h		
1925197f14704dc4	file	/usr/include/tirpc/rpc/rpcb_prot.h		
53f7945176310b3f	file	/usr/include/tirpc/rpc/rpcb_prot.x		
d1a3686484ba7340	file	/usr/include/tirpc/rpc/rpcent.h		
e96ec1d4a371da9c	file	/usr/include/tirpc/rpc/rpcsec_gss.h		
bc6af77051acd3d5	file	/usr/include/tirpc/rpc/svc.h		
71fbfaa2aa5c08a9	file	/usr/include/tirpc/rpc/svc_auth.h		
8a888ed1a0a2720d	file	/usr/include/tirpc/rpc/svc_auth_gss.h		
3bdc2d543c5ce646	file	/usr/include/tirpc/rpc/svc_dg.h		
5468b442b9e75b32	file	/usr/include/tirpc/rpc/svc_mt.h		
8aeaad5d046ef077	file	/usr/include/tirpc/rpc/svc_soc.h		
1b0a69ae5fbb3998	file	/usr/include/tirpc/rpc/types.h		
b80ca599b699478a	file	/usr/include/tirpc/rpc/xdr.h		
ab4f819d36a37ff3	file	/usr/include/tirpc/rpcsvc/crypt.h		
113f78de24b1330c	file	/usr/include/tirpc/rpcsvc/crypt.x		
25c710d3dc8511eb	file	/usr/include/ttyent.h		
33c00f9af492fd6c	file	/usr/include/uchar.h		
4830da291a295fd0	file	/usr/include/ucontext.h		
7e6c85ce2e74e110	file	/usr/include/ulimit.h		
ba376abef3f89be7	file	/usr/include/unistd.h		
8c74c81e9ef36df4	file	/usr/include/utime.h		
b3c2a44b7e0a5ec1	file	/usr/include/utmp.h		
0c3b72b2a718d808	file	/usr/include/utmpx.h		
dc86797a2a2fb411	file	/usr/include/values.h		
e5519ef6c625bbd7	file	/usr/include/video/edid.h		
58ed0c6c121fc8e8	file	/usr/include/video/sisfb.h		
8236223e00239beb	file	/usr/include/video/uvesafb.h		
d3bbba3004e88464	file	/usr/include/wait.h		
74cb89bec90d1be2	file	/usr/include/wchar.h		
267089d41d3b05de	file	/usr/include/wctype.h		
26fc26f7e55e8193	file	/usr/include/wordexp.h		
7d0e0ef5464b1382	file	/usr/include/x86_64-linux-gnu/a.out.h		
4931142cf15e9255	file	/usr/include/x86_64-linux-gnu/asm/a.out.h		
ee3122f2bcb2e603	file	/usr/include/x86_64-linux-gnu/asm/amd_hsmp.h		
a9bfa8f488122cde	file	/usr/include/x86_64-linux-gnu/asm/auxvec.h		
98548149d164b076	file	/usr/include/x86_64-linux-gnu/asm/bitsperlong.h		
a62edac84206ecaa	file	/usr/include/x86_64-linux-gnu/asm/boot.h		
b2c02f43225fac5c	file	/usr/include/x86_64-linux-gnu/asm/bootparam.h		
2c87b5aa53bd3813	file	/usr/include/x86_64-linux-gnu/asm/bpf_perf_event.h		
e4b8aba280814d56	file	/usr/include/x86_64-linux-gnu/asm/byteorder.h		
705bedc9798b1d88	file	/usr/include/x86_64-linux-gnu/asm/debugreg.h		
2f3495a9453cb442	file	/usr/include/x86_64-linux-gnu/asm/e820.h		
b24e848529769b37	file	/usr/include/x86_64-linux-gnu/asm/errno.h		
f908381d24f062eb	file	/usr/include/x86_64-linux-gnu/asm/fcntl.h		
4795ebb5116de2f0	file	/usr/include/x86_64-linux-gnu/asm/hw_breakpoint.h		
7848dccfe90f03ca	file	/usr/include/x86_64-linux-gnu/asm/hwcap2.h		
34c2cc868f5043e9	file	/usr/include/x86_64-linux-gnu/asm/ioctl.h		
16ac5df2d68589e3	file	/usr/include/x86_64-linux-gnu/asm/ioctls.h		
290e19deff86dda6	file	/usr/include/x86_64-linux-gnu/asm/ipcbuf.h		
c23d0543439a1e69	file	/usr/include/x86_64-linux-gnu/asm/ist.h		
4c6b6ce50d1ccfb0	file	/usr/include/x86_64-linux-gnu/asm/kvm.h		
31626a80e8bbd841	file	/usr/include/x86_64-linux-gnu/asm/kvm_para.h		
19d9c0e04c7436c7	file	/usr/include/x86_64-linux-gnu/asm/kvm_perf.h		
c98e137b519fc8ea	file	/usr/include/x86_64-linux-gnu/asm/ldt.h		
dcff306eaaae7eac	file	/usr/include/x86_64-linux-gnu/asm/mce.h		
ed37e5d77d2539ce	file	/usr/include/x86_64-linux-gnu/asm/mman.h		
2233ad5d2fc0bf4b	file	/usr/include/x86_64-linux-gnu/asm/msgbuf.h		
e14c9bc550e3ab72	file	/usr/include/x86_64-linux-gnu/asm/msr.h		
8acda15e5c8b3e8a	file	/usr/include/x86_64-linux-gnu/asm/mtrr.h		
0ddc368604545aa3	file	/usr/include/x86_64-linux-gnu/asm/param.h		
f62c6f38b01ab4c8	file	/usr/include/x86_64-linux-gnu/asm/perf_regs.h		
bd3dc041b40f9219	file	/usr/include/x86_64-linux-gnu/asm/poll.h		
d20edb5bed722359	file	/usr/include/x86_64-linux-gnu/asm/posix_types.h		
2b546c2919e6a165	file	/usr/include/x86_64-linux-gnu/asm/posix_types_32.h		
95e53191c4b9d065	file	/usr/include/x86_64-linux-gnu/asm/posix_types_64.h		
4301ba21607aaf0c	file	/usr/include/x86_64-linux-gnu/asm/posix_types_x32.h		
a03f0008c1410d33	file	/usr/include/x86_64-linux-gnu/asm/prctl.h		
d06ed0b64955bfc0	file	/usr/include/x86_64-linux-gnu/asm/processor-flags.h		
7d428e2a1daa3f81	file	/usr/include/x86_64-linux-gnu/asm/ptrace-abi.h		
c7336b9d08358dc5	file	/usr/include/x86_64-linux-gnu/asm/ptrace.h		
40b3adb17b6fc1ac	file	/usr/include/x86_64-linux-gnu/asm/resource.h		
c785458da43168b0	file	/usr/include/x86_64-linux-gnu/asm/sembuf.h		
e4b6d8c9dd4033ea	file	/usr/include/x86_64-linux-gnu/asm/setup.h		
8766203f90ea857a	file	/usr/include/x86_64-linux-gnu/asm/sgx.h		
70aa2489441ef137	file	/usr/include/x86_64-linux-gnu/asm/shmbuf.h		
1ef52daec155e642	file	/usr/include/x86_64-linux-gnu/asm/sigcontext.h		
b5f03271ef9f5c63	file	/usr/include/x86_64-linux-gnu/asm/sigcontext32.h		
d5d3c2c222b79288	file	/usr/include/x86_64-linux-gnu/asm/siginfo.h		
81f5b15c8b3904f5	file	/usr/include/x86_64-linux-gnu/asm/signal.h		
04cc2b9d1eef8d5c	file	/usr/include/x86_64-linux-gnu/asm/socket.h		
d474dd8cd64aae32	file	/usr/include/x86_64-linux-gnu/asm/sockios.h		
45329390cdebcae9	file	/usr/include/x86_64-linux-gnu/asm/stat.h		
9cd72c5dd8431a58	file	/usr/include/x86_64-linux-gnu/asm/statfs.h		
5e00f26f7d85a07f	file	/usr/include/x86_64-linux-gnu/asm/svm.h		
5210b2b46c1fac48	file	/usr/include/x86_64-linux-gnu/asm/swab.h		
6696bec4c3149db8	file	/usr/include/x86_64-linux-gnu/asm/termbits.h		
397fb65dca4395b5	file	/usr/include/x86_64-linux-gnu/asm/termios.h		
be950fc0f89ded07	file	/usr/include/x86_64-linux-gnu/asm/types.h		
ed6993680d68f7b1	file	/usr/include/x86_64-linux-gnu/asm/ucontext.h		
1073215f620c1b2c	file	/usr/include/x86_64-linux-gnu/asm/unistd.h		
fd5176b964271163	file	/usr/include/x86_64-linux-gnu/asm/unistd_32.h		
31813db57134893b	file	/usr/include/x86_64-linux-gnu/asm/unistd_64.h		
561c4b376e3aeefd	file	/usr/include/x86_64-linux-gnu/asm/unistd_x32.h		
2d9b2155cd29370d	file	/usr/include/x86_64-linux-gnu/asm/vm86.h		
00266024ea1e4d9f	file	/usr/include/x86_64-linux-gnu/asm/vmx.h		
9af0e408b3b096c4	file	/usr/include/x86_64-linux-gnu/asm/vsyscall.h		
bfb51746752fdb04	file	/usr/include/x86_64-linux-gnu/bits/a.out.h		
bf9d606666eb75f6	file	/usr/include/x86_64-linux-gnu/bits/argp-ldbl.h		
3e28ae53d709d937	file	/usr/include/x86_64-linux-gnu/bits/atomic_wide_counter.h		
d7d41aa702789fba	file	/usr/include/x86_64-linux-gnu/bits/auxv.h		
8429a189362ba7d7	file	/usr/include/x86_64-linux-gnu/bits/byteswap.h		
c8b9a15cf5905886	file	/usr/include/x86_64-linux-gnu/bits/cmathcalls.h		
a6cda93556658ee3	file	/usr/include/x86_64-linux-gnu/bits/confname.h		
22dc86f0078c6f04	file	/usr/include/x86_64-linux-gnu/bits/cpu-set.h		
49fcbb1c2ddc26b0	file	/usr/include/x86_64-linux-gnu/bits/dirent.h		
5d4e2f5a7fe39185	file	/usr/include/x86_64-linux-gnu/bits/dirent_ext.h		
b4f6230837b65bf5	file	/usr/include/x86_64-linux-gnu/bits/dl_find_object.h		
3fb33299b8e44162	file	/usr/include/x86_64-linux-gnu/bits/dlfcn.h		
8ef96d299a7c14bf	file	/usr/include/x86_64-linux-gnu/bits/elfclass.h		
e49adb3cdfe74faa	file	/usr/include/x86_64-linux-gnu/bits/endian.h		
19b834a1b666766f	file	/usr/include/x86_64-linux-gnu/bits/endianness.h		
43986f4951688993	file	/usr/include/x86_64-linux-gnu/bits/environments.h		
1c1d651cf5c2204b	file	/usr/include/x86_64-linux-gnu/bits/epoll.h		
7b5def9af62c56f7	file	/usr/include/x86_64-linux-gnu/bits/err-ldbl.h		
ae4211bf8c944cd3	file	/usr/include/x86_64-linux-gnu/bits/errno.h		
0ee9d947e92da7b4	file	/usr/include/x86_64-linux-gnu/bits/error-ldbl.h		
f687e2af06f04099	file	/usr/include/x86_64-linux-gnu/bits/error.h		
af6053eb3e4279d8	file	/usr/include/x86_64-linux-gnu/bits/eventfd.h		
22fe9afaef9b4480	file	/usr/include/x86_64-linux-gnu/bits/fcntl-linux.h		
db900479b4dec4de	file	/usr/include/x86_64-linux-gnu/bits/fcntl.h		
b6346aefcf6e66f3	file	/usr/include/x86_64-linux-gnu/bits/fcntl2.h		
74d12ed95834bb2d	file	/usr/include/x86_64-linux-gnu/bits/fenv.h		
8acc9edcaffd0ddd	file	/usr/include/x86_64-linux-gnu/bits/floatn-common.h		
b6802b4e64b9e005	file	/usr/include/x86_64-linux-gnu/bits/floatn.h		
d14a11054803173d	file	/usr/include/x86_64-linux-gnu/bits/flt-eval-method.h		
381c30c8453ad254	file	/usr/include/x86_64-linux-gnu/bits/fp-fast.h		
77722ed4afcf54e8	file	/usr/include/x86_64-linux-gnu/bits/fp-logb.h		
8d1809d215b54eaf	file	/usr/include/x86_64-linux-gnu/bits/getopt_core.h		
9e9b2d99cc56db56	file	/usr/include/x86_64-linux-gnu/bits/getopt_ext.h		
2661bef9b3c2fb95	file	/usr/include/x86_64-linux-gnu/bits/getopt_posix.h		
f8945f71212ad244	file	/usr/include/x86_64-linux-gnu/bits/hwcap.h		
631f0352edce041d	file	/usr/include/x86_64-linux-gnu/bits/in.h		
0630c3a79168be84	file	/usr/include/x86_64-linux-gnu/bits/indirect-return.h		
f8f70e9dfd8c4e43	file	/usr/include/x86_64-linux-gnu/bits/initspin.h		
1c97f6b84d21a60f	file	/usr/include/x86_64-linux-gnu/bits/inotify.h		
73aa7b56be33d55d	file	/usr/include/x86_64-linux-gnu/bits/ioctl-types.h		
781c969aab2a8bab	file	/usr/include/x86_64-linux-gnu/bits/ioctls.h		
b1c111f7ae00183c	file	/usr/include/x86_64-linux-gnu/bits/ipc-perm.h		
7a4d3fb679265a43	file	/usr/include/x86_64-linux-gnu/bits/ipc.h		
a46e9b7de7674f4a	file	/usr/include/x86_64-linux-gnu/bits/ipctypes.h		
025439476602f934	file	/usr/include/x86_64-linux-gnu/bits/iscanonical.h		
61ece499fdc15b36	file	/usr/include/x86_64-linux-gnu/bits/libc-header-start.h		
d60ff8029232fe0e	file	/usr/include/x86_64-linux-gnu/bits/libm-simd-decl-stubs.h		
c8e99f8d872b0594	file	/usr/include/x86_64-linux-gnu/bits/link.h		
4e6b06f8df1f3c5b	file	/usr/include/x86_64-linux-gnu/bits/link_lavcurrent.h		
3c9ddb9de0d1fc1e	file	/usr/include/x86_64-linux-gnu/bits/local_lim.h		
f39c51a5d118b0cc	file	/usr/include/x86_64-linux-gnu/bits/locale.h		
4bc135e49f0afe54	file	/usr/include/x86_64-linux-gnu/bits/long-double.h		
ea10f253b2673d63	file	/usr/include/x86_64-linux-gnu/bits/math-vector.h		
150c0d50d6cbc835	file	/usr/include/x86_64-linux-gnu/bits/mathcalls-helper-functions.h		
ac8383b0fba194ea	file	/usr/include/x86_64-linux-gnu/bits/mathcalls-narrow.h		
40b0cccabf119aec	file	/usr/include/x86_64-linux-gnu/bits/mathcalls.h		
a5094ccf39c3f599	file	/usr/include/x86_64-linux-gnu/bits/mathdef.h		
c00ddb991acf51eb	file	/usr/include/x86_64-linux-gnu/bits/mman-linux.h		
c7d0f31c30351f28	file	/usr/include/x86_64-linux-gnu/bits/mman-map-flags-generic.h		
26e296c4602b9849	file	/usr/include/x86_64-linux-gnu/bits/mman-shared.h		
d2df9ed0fe66834e	file	/usr/include/x86_64-linux-gnu/bits/mman.h		
e2e4887c127e3568	file	/usr/include/x86_64-linux-gnu/bits/mman_ext.h		
964459543b19a2d5	file	/usr/include/x86_64-linux-gnu/bits/monetary-ldbl.h		
90de0d2184076172	file	/usr/include/x86_64-linux-gnu/bits/mqueue.h		
2a977821f083d16f	file	/usr/include/x86_64-linux-gnu/bits/mqueue2.h		
dd0418347351e485	file	/usr/include/x86_64-linux-gnu/bits/msq.h		
104cdcf2e089d641	file	/usr/include/x86_64-linux-gnu/bits/netdb.h		
7eb611bc91cb91b3	file	/usr/include/x86_64-linux-gnu/bits/param.h		
a13ff90a37284026	file	/usr/include/x86_64-linux-gnu/bits/platform/x86.h		
95a2b85abbe4aab0	file	/usr/include/x86_64-linux-gnu/bits/poll.h		
e254879a944f53b4	file	/usr/include/x86_64-linux-gnu/bits/poll2.h		
619b5590544f42a7	file	/usr/include/x86_64-linux-gnu/bits/posix1_lim.h		
0b9b210c0831bfe4	file	/usr/include/x86_64-linux-gnu/bits/posix2_lim.h		
22365d12cc1d9832	file	/usr/include/x86_64-linux-gnu/bits/posix_opt.h		
42e24099afbef266	file	/usr/include/x86_64-linux-gnu/bits/printf-ldbl.h		
9d9c60e321fca9c8	file	/usr/include/x86_64-linux-gnu/bits/procfs-extra.h		
f9e258ba33a4b1bc	file	/usr/include/x86_64-linux-gnu/bits/procfs-id.h		
9726c66451508770	file	/usr/include/x86_64-linux-gnu/bits/procfs-prregset.h		
26d53b9ba1661da3	file	/usr/include/x86_64-linux-gnu/bits/procfs.h		
7c2f86f1f2940aeb	file	/usr/include/x86_64-linux-gnu/bits/pthread_stack_min-dynamic.h		
8c24731d0416bd43	file	/usr/include/x86_64-linux-gnu/bits/pthread_stack_min.h		
9d6358e807219753	file	/usr/include/x86_64-linux-gnu/bits/pthreadtypes-arch.h		
5405a75c534b0dd6	file	/usr/include/x86_64-linux-gnu/bits/pthreadtypes.h		
48096f2dc92a1896	file	/usr/include/x86_64-linux-gnu/bits/ptrace-shared.h		
5b3dbd4aadc697d1	file	/usr/include/x86_64-linux-gnu/bits/resource.h		
66a554dd8fb21eb9	file	/usr/include/x86_64-linux-gnu/bits/rseq.h		
0a7ccf79d67d6aa4	file	/usr/include/x86_64-linux-gnu/bits/sched.h		
7099ffbe5c848eaa	file	/usr/include/x86_64-linux-gnu/bits/select.h		
627456284465ec35	file	/usr/include/x86_64-linux-gnu/bits/select2.h		
fe868eacb1a10381	file	/usr/include/x86_64-linux-gnu/bits/sem.h		
9eeb1c680886dbbf	file	/usr/include/x86_64-linux-gnu/bits/semaphore.h		
7baa86fbd28323c0	file	/usr/include/x86_64-linux-gnu/bits/setjmp.h		
643b4686fcf13443	file	/usr/include/x86_64-linux-gnu/bits/setjmp2.h		
f228aad03dcf4bf3	file	/usr/include/x86_64-linux-gnu/bits/shm.h		
14cf462028d1dc44	file	/usr/include/x86_64-linux-gnu/bits/shmlba.h		
fff64e6707d90c8a	file	/usr/include/x86_64-linux-gnu/bits/sigaction.h		
b714ae7a10531a06	file	/usr/include/x86_64-linux-gnu/bits/sigcontext.h		
78658a15663a40d0	file	/usr/include/x86_64-linux-gnu/bits/sigevent-consts.h		
77b241a6466671fd	file	/usr/include/x86_64-linux-gnu/bits/siginfo-arch.h		
d754acff7f93ecbe	file	/usr/include/x86_64-linux-gnu/bits/siginfo-consts-arch.h		
0efe73bce0cf7b85	file	/usr/include/x86_64-linux-gnu/bits/siginfo-consts.h		
be994e831d1fd5e9	file	/usr/include/x86_64-linux-gnu/bits/signal_ext.h		
1c935d0149bdef74	file	/usr/include/x86_64-linux-gnu/bits/signalfd.h		
254f96ffdb49dbba	file	/usr/include/x86_64-linux-gnu/bits/signum-arch.h		
42bb46de08c782b0	file	/usr/include/x86_64-linux-gnu/bits/signum-generic.h		
64c6777873b6053a	file	/usr/include/x86_64-linux-gnu/bits/sigstack.h		
0ab0a2beb4842cab	file	/usr/include/x86_64-linux-gnu/bits/sigstksz.h		
5e989567462e41b8	file	/usr/include/x86_64-linux-gnu/bits/sigthread.h		
1cf6503f397ab6fb	file	/usr/include/x86_64-linux-gnu/bits/sockaddr.h		
6f4011b2bc38acbe	file	/usr/include/x86_64-linux-gnu/bits/socket-constants.h		
30a3baf245da0127	file	/usr/include/x86_64-linux-gnu/bits/socket.h		
515fb9b2eae960b5	file	/usr/include/x86_64-linux-gnu/bits/socket2.h		
2e58f359363f70ca	file	/usr/include/x86_64-linux-gnu/bits/socket_type.h		
c8c5189af8b9f929	file	/usr/include/x86_64-linux-gnu/bits/ss_flags.h		
4d8c258c25a2912b	file	/usr/include/x86_64-linux-gnu/bits/stab.def		
68306aea59b79e5f	file	/usr/include/x86_64-linux-gnu/bits/stat.h		
76271e547b8cc086	file	/usr/include/x86_64-linux-gnu/bits/statfs.h		
c447c4d2b3cf1c8e	file	/usr/include/x86_64-linux-gnu/bits/statvfs.h		
52cb3389f444b3ca	file	/usr/include/x86_64-linux-gnu/bits/statx-generic.h		
00e0a916167d9ad7	file	/usr/include/x86_64-linux-gnu/bits/statx.h		
9cbd649302336748	file	/usr/include/x86_64-linux-gnu/bits/stdint-intn.h		
b45d041f60050212	file	/usr/include/x86_64-linux-gnu/bits/stdint-uintn.h		
f4bc46f292cc96e1	file	/usr/include/x86_64-linux-gnu/bits/stdio-ldbl.h		
e3ec5e0183556ed0	file	/usr/include/x86_64-linux-gnu/bits/stdio.h		
9061152f45a70dd8	file	/usr/include/x86_64-linux-gnu/bits/stdio2-decl.h		
bb0d8c35efbe084a	file	/usr/include/x86_64-linux-gnu/bits/stdio2.h		
a0e7dd1c062d07fe	file	/usr/include/x86_64-linux-gnu/bits/stdio_lim.h		
283c56fa5f7617d8	file	/usr/include/x86_64-linux-gnu/bits/stdlib-bsearch.h		
9298b0a3731586ca	file	/usr/include/x86_64-linux-gnu/bits/stdlib-float.h		
384cafb85a281f0c	file	/usr/include/x86_64-linux-gnu/bits/stdlib-ldbl.h		
bcaf86cb83bb530f	file	/usr/include/x86_64-linux-gnu/bits/stdlib.h		
3228e2605f884c29	file	/usr/include/x86_64-linux-gnu/bits/string_fortified.h		
e13c794ef7a1f903	file	/usr/include/x86_64-linux-gnu/bits/strings_fortified.h		
c31d2769d39ea578	file	/usr/include/x86_64-linux-gnu/bits/struct_mutex.h		
1213a21c73590c6b	file	/usr/include/x86_64-linux-gnu/bits/struct_rwlock.h		
7178505592a92a0d	file	/usr/include/x86_64-linux-gnu/bits/struct_stat.h		
504f1d5cfeec3799	file	/usr/include/x86_64-linux-gnu/bits/struct_stat_time64_helper.h		
3cf6f71bf24cfd75	file	/usr/include/x86_64-linux-gnu/bits/syscall.h		
359345e2ec98c7eb	file	/usr/include/x86_64-linux-gnu/bits/syslog-ldbl.h		
f28482a767a52b50	file	/usr/include/x86_64-linux-gnu/bits/syslog-path.h		
6aba0418df63486e	file	/usr/include/x86_64-linux-gnu/bits/syslog.h		
f9424e64e1b90b74	file	/usr/include/x86_64-linux-gnu/bits/sysmacros.h		
767b23167466e291	file	/usr/include/x86_64-linux-gnu/bits/termios-baud.h		
cc5b84d1d0a25f5c	file	/usr/include/x86_64-linux-gnu/bits/termios-c_cc.h		
ef45037946e6880a	file	/usr/include/x86_64-linux-gnu/bits/termios-c_cflag.h		
9a344603e8be13c8	file	/usr/include/x86_64-linux-gnu/bits/termios-c_iflag.h		
5a1da70247f28e0e	file	/usr/include/x86_64-linux-gnu/bits/termios-c_lflag.h		
3f2f23243d1ddaee	file	/usr/include/x86_64-linux-gnu/bits/termios-c_oflag.h		
d47d0cd11570350f	file	/usr/include/x86_64-linux-gnu/bits/termios-misc.h		
8306bc24c65c8ada	file	/usr/include/x86_64-linux-gnu/bits/termios-struct.h		
e39841764a07f108	file	/usr/include/x86_64-linux-gnu/bits/termios-tcflow.h		
b9871c75b6ea53c7	file	/usr/include/x86_64-linux-gnu/bits/termios.h		
e5d0107bf30e1e7e	file	/usr/include/x86_64-linux-gnu/bits/thread-shared-types.h		
c6b7f6843678e3f2	file	/usr/include/x86_64-linux-gnu/bits/time.h		
40e4b3cf13c92453	file	/usr/include/x86_64-linux-gnu/bits/time64.h		
710982ee731fdadf	file	/usr/include/x86_64-linux-gnu/bits/timerfd.h		
39ad52b7290b6d20	file	/usr/include/x86_64-linux-gnu/bits/timesize.h		
c72837e54a275497	file	/usr/include/x86_64-linux-gnu/bits/timex.h		
6dfc58a5431a369c	file	/usr/include/x86_64-linux-gnu/bits/types.h		
457743cd55eb83e3	file	/usr/include/x86_64-linux-gnu/bits/types/FILE.h		
27e9414ac693040e	file	/usr/include/x86_64-linux-gnu/bits/types/__FILE.h		
a35f3803cfb69be8	file	/usr/include/x86_64-linux-gnu/bits/types/__fpos64_t.h		
ccee4585dd964916	file	/usr/include/x86_64-linux-gnu/bits/types/__fpos_t.h		
4191aa92b79f02d2	file	/usr/include/x86_64-linux-gnu/bits/types/__locale_t.h		
0787fa57353a6235	file	/usr/include/x86_64-linux-gnu/bits/types/__mbstate_t.h		
ba34d4d35c03946f	file	/usr/include/x86_64-linux-gnu/bits/types/__sigset_t.h		
aecd41f998f62393	file	/usr/include/x86_64-linux-gnu/bits/types/__sigval_t.h		
ff60c8ab0ec43a2a	file	/usr/include/x86_64-linux-gnu/bits/types/clock_t.h		
e439337f61be7369	file	/usr/include/x86_64-linux-gnu/bits/types/clockid_t.h		
ea14917bf450ce64	file	/usr/include/x86_64-linux-gnu/bits/types/cookie_io_functions_t.h		
07db4c42e08a0a1c	file	/usr/include/x86_64-linux-gnu/bits/types/error_t.h		
3a29b3d6f7f22b00	file	/usr/include/x86_64-linux-gnu/bits/types/idtype_t.h		
7c3f9b888ec64e4d	file	/usr/include/x86_64-linux-gnu/bits/types/locale_t.h		
4707c829f345b6c0	file	/usr/include/x86_64-linux-gnu/bits/types/mbstate_t.h		
a59955a1634a965c	file	/usr/include/x86_64-linux-gnu/bits/types/res_state.h		
b76e4c3380ef4308	file	/usr/include/x86_64-linux-gnu/bits/types/sig_atomic_t.h		
089fdd6f3b1f48d1	file	/usr/include/x86_64-linux-gnu/bits/types/sigevent_t.h		
85f2933604809d8d	file	/usr/include/x86_64-linux-gnu/bits/types/siginfo_t.h		
767cab537961f25f	file	/usr/include/x86_64-linux-gnu/bits/types/sigset_t.h		
c6af4b1f5757bea8	file	/usr/include/x86_64-linux-gnu/bits/types/sigval_t.h		
560f11811ee89d12	file	/usr/include/x86_64-linux-gnu/bits/types/stack_t.h		
5ca0eef787eef0bc	file	/usr/include/x86_64-linux-gnu/bits/types/struct_FILE.h		
0b7cc7cf26fe1868	file	/usr/include/x86_64-linux-gnu/bits/types/struct___jmp_buf_tag.h		
7e1523d6ba0cd177	file	/usr/include/x86_64-linux-gnu/bits/types/struct_iovec.h		
2275511da6456ac4	file	/usr/include/x86_64-linux-gnu/bits/types/struct_itimerspec.h		
a34749e6726e8a06	file	/usr/include/x86_64-linux-gnu/bits/types/struct_msqid64_ds.h		
7ca6ed44dae3a93b	file	/usr/include/x86_64-linux-gnu/bits/types/struct_msqid64_ds_helper.h		
abea1ed5466c776e	file	/usr/include/x86_64-linux-gnu/bits/types/struct_msqid_ds.h		
aae7faf6e5a8b5a5	file	/usr/include/x86_64-linux-gnu/bits/types/struct_osockaddr.h		
25b094a1eb03b351	file	/usr/include/x86_64-linux-gnu/bits/types/struct_rusage.h		
e9a9a65b3a8eb22c	file	/usr/include/x86_64-linux-gnu/bits/types/struct_sched_param.h		
f160fdaeba2aa7ce	file	/usr/include/x86_64-linux-gnu/bits/types/struct_semid64_ds.h		
704f281ead1c5b47	file	/usr/include/x86_64-linux-gnu/bits/types/struct_semid64_ds_helper.h		
63c4407529d51218	file	/usr/include/x86_64-linux-gnu/bits/types/struct_semid_ds.h		
170e2a8f684fad7c	file	/usr/include/x86_64-linux-gnu/bits/types/struct_shmid64_ds.h		
e3bde4c34becd45b	file	/usr/include/x86_64-linux-gnu/bits/types/struct_shmid64_ds_helper.h		
3913672d62e5650a	file	/usr/include/x86_64-linux-gnu/bits/types/struct_shmid_ds.h		
9b1cfbed081f9bcd	file	/usr/include/x86_64-linux-gnu/bits/types/struct_sigstack.h		
b365d2b9516f6a0e	file	/usr/include/x86_64-linux-gnu/bits/types/struct_statx.h		
fa2e492316729851	file	/usr/include/x86_64-linux-gnu/bits/types/struct_statx_timestamp.h		
82aca41c4e236f94	file	/usr/include/x86_64-linux-gnu/bits/types/struct_timeb.h		
c99ceecbaf1eb091	file	/usr/include/x86_64-linux-gnu/bits/types/struct_timespec.h		
deb6799f89c2a238	file	/usr/include/x86_64-linux-gnu/bits/types/struct_timeval.h		
d5b81f1847ffd95d	file	/usr/include/x86_64-linux-gnu/bits/types/struct_tm.h		
597201fe0a212967	file	/usr/include/x86_64-linux-gnu/bits/types/time_t.h		
31db59c6ab96a74a	file	/usr/include/x86_64-linux-gnu/bits/types/timer_t.h		
cf11cf89a2833c03	file	/usr/include/x86_64-linux-gnu/bits/types/wint_t.h		
0d31b174df160659	file	/usr/include/x86_64-linux-gnu/bits/typesizes.h		
030c5f4cacdb03b7	file	/usr/include/x86_64-linux-gnu/bits/uintn-identity.h		
9131b6feff34485b	file	/usr/include/x86_64-linux-gnu/bits/uio-ext.h		
bcd3ced738e74771	file	/usr/include/x86_64-linux-gnu/bits/uio_lim.h		
89aa2d92ef2d6c6c	file	/usr/include/x86_64-linux-gnu/bits/unistd.h		
f86509095c55f8a2	file	/usr/include/x86_64-linux-gnu/bits/unistd_ext.h		
a387b7f7e37ecd32	file	/usr/include/x86_64-linux-gnu/bits/utmp.h		
83a3660061ba3d65	file	/usr/include/x86_64-linux-gnu/bits/utmpx.h		
58e2952f8bfabd23	file	/usr/include/x86_64-linux-gnu/bits/utsname.h		
69ad6d0973a462c8	file	/usr/include/x86_64-linux-gnu/bits/waitflags.h		
ea396be05ce90a7a	file	/usr/include/x86_64-linux-gnu/bits/waitstatus.h		
22ff2aeb5ebee1cd	file	/usr/include/x86_64-linux-gnu/bits/wchar-ldbl.h		
ca6849c09f87bd0f	file	/usr/include/x86_64-linux-gnu/bits/wchar.h		
adc443774307448c	file	/usr/include/x86_64-linux-gnu/bits/wchar2-decl.h		
07cc4163d5485096	file	/usr/include/x86_64-linux-gnu/bits/wchar2.h		
9fd3cc6aa0bca892	file	/usr/include/x86_64-linux-gnu/bits/wctype-wchar.h		
dc7ecc1cacafb2cf	file	/usr/include/x86_64-linux-gnu/bits/wordsize.h		
8670035d3b8f050e	file	/usr/include/x86_64-linux-gnu/bits/xopen_lim.h		
3c57e42432413c76	file	/usr/include/x86_64-linux-gnu/c++/12/bits/atomic_word.h		
5217ad2a13f96f2b	file	/usr/include/x86_64-linux-gnu/c++/12/bits/basic_file.h		
c1fe8d8e23a71c49	file	/usr/include/x86_64-linux-gnu/c++/12/bits/c++allocator.h		
551737436df5ed49	file	/usr/include/x86_64-linux-gnu/c++/12/bits/c++config.h		
265d6e5f199187fb	file	/usr/include/x86_64-linux-gnu/c++/12/bits/c++io.h		
d04d797e635d897a	file	/usr/include/x86_64-linux-gnu/c++/12/bits/c++locale.h		
a7a3e919fe2b97a8	file	/usr/include/x86_64-linux-gnu/c++/12/bits/cpu_defines.h		
d7257ca2e7ade03f	file	/usr/include/x86_64-linux-gnu/c++/12/bits/ctype_base.h		
b2c8be4ac67395b2	file	/usr/include/x86_64-linux-gnu/c++/12/bits/ctype_inline.h		
09115071c5ae6c13	file	/usr/include/x86_64-linux-gnu/c++/12/bits/cxxabi_tweaks.h		
1e90e424fc1e7254	file	/usr/include/x86_64-linux-gnu/c++/12/bits/error_constants.h		
b526aa1985afde0d	file	/usr/include/x86_64-linux-gnu/c++/12/bits/extc++.h		
e701c1092146d321	file	/usr/include/x86_64-linux-gnu/c++/12/bits/gthr-default.h		
9ed00c163655dc4a	file	/usr/include/x86_64-linux-gnu/c++/12/bits/gthr-posix.h		
f3fc5581653b3fdf	file	/usr/include/x86_64-linux-gnu/c++/12/bits/gthr-single.h		
6f3bf366462fabe2	file	/usr/include/x86_64-linux-gnu/c++/12/bits/gthr.h		
7f2c4c4914cbfa02	file	/usr/include/x86_64-linux-gnu/c++/12/bits/messages_members.h		
c0794230435078ca	file	/usr/include/x86_64-linux-gnu/c++/12/bits/opt_random.h		
c6cc97a55f0a95f5	file	/usr/include/x86_64-linux-gnu/c++/12/bits/os_defines.h		
6ecc4b1b39a1f6da	file	/usr/include/x86_64-linux-gnu/c++/12/bits/stdc++.h		
bbcf44914ff0e234	file	/usr/include/x86_64-linux-gnu/c++/12/bits/stdtr1c++.h		
4018a198edd4b5c6	file	/usr/include/x86_64-linux-gnu/c++/12/bits/time_members.h		
2912de126a963dc7	file	/usr/include/x86_64-linux-gnu/c++/12/ext/opt_random.h		
720b0f370ca17b58	file	/usr/include/x86_64-linux-gnu/fpu_control.h		
292bf98a1e269289	file	/usr/include/x86_64-linux-gnu/gnu/lib-names-64.h		
ed16446172724c07	file	/usr/include/x86_64-linux-gnu/gnu/lib-names.h		
348e355edee12520	file	/usr/include/x86_64-linux-gnu/gnu/libc-version.h		
030736083681d39d	file	/usr/include/x86_64-linux-gnu/gnu/stubs-64.h		
2eed9551458a04f5	file	/usr/include/x86_64-linux-gnu/gnu/stubs.h		
30eb68f52dccd060	file	/usr/include/x86_64-linux-gnu/ieee754.h		
039d31718949e583	file	/usr/include/x86_64-linux-gnu/sys/acct.h		
5e415bd622ba55ca	file	/usr/include/x86_64-linux-gnu/sys/auxv.h		
035272644e8f0a31	file	/usr/include/x86_64-linux-gnu/sys/bitypes.h		
568387ebaec452f8	file	/usr/include/x86_64-linux-gnu/sys/cdefs.h		
9bf9217c93ff24c9	file	/usr/include/x86_64-linux-gnu/sys/debugreg.h		
fba283544c4957b0	file	/usr/include/x86_64-linux-gnu/sys/dir.h		
7668d664452f6b86	file	/usr/include/x86_64-linux-gnu/sys/elf.h		
7aadee83a217195e	file	/usr/include/x86_64-linux-gnu/sys/epoll.h		
e5cce5d642da3558	file	/usr/include/x86_64-linux-gnu/sys/errno.h		
7d160724d196b1ae	file	/usr/include/x86_64-linux-gnu/sys/eventfd.h		
b5607d4a19895ac5	file	/usr/include/x86_64-linux-gnu/sys/fanotify.h		
2116e051d36fa0c9	file	/usr/include/x86_64-linux-gnu/sys/fcntl.h		
f11fba5446dd71c1	file	/usr/include/x86_64-linux-gnu/sys/file.h		
82b6ba61ac2da460	file	/usr/include/x86_64-linux-gnu/sys/fsuid.h		
01a5cbfc8f1da144	file	/usr/include/x86_64-linux-gnu/sys/gmon.h		
beea6b7fd5d04982	file	/usr/include/x86_64-linux-gnu/sys/gmon_out.h		
4bdda1b351d2c5fc	file	/usr/include/x86_64-linux-gnu/sys/inotify.h		
7cd2541cb386db37	file	/usr/include/x86_64-linux-gnu/sys/io.h		
4e42890d7c8d62f0	file	/usr/include/x86_64-linux-gnu/sys/ioctl.h		
edf5ae5c41aa6ed7	file	/usr/include/x86_64-linux-gnu/sys/ipc.h		
05721e5e42c12faa	file	/usr/include/x86_64-linux-gnu/sys/kd.h		
baa3aaea0d5d1f6a	file	/usr/include/x86_64-linux-gnu/sys/klog.h		
6584029fad2a900b	file	/usr/include/x86_64-linux-gnu/sys/mman.h		
4128abc420e473c5	file	/usr/include/x86_64-linux-gnu/sys/mount.h		
83265d6960c41843	file	/usr/include/x86_64-linux-gnu/sys/msg.h		
61f49cdd26d25dee	file	/usr/include/x86_64-linux-gnu/sys/mtio.h		
24577a691df93d6e	file	/usr/include/x86_64-linux-gnu/sys/param.h		
ae89980f6962a0fc	file	/usr/include/x86_64-linux-gnu/sys/pci.h		
e9a83b87c5a5b60e	file	/usr/include/x86_64-linux-gnu/sys/perm.h		
7e03adf52711356e	file	/usr/include/x86_64-linux-gnu/sys/personality.h		
1f0f31072a2aad5e	file	/usr/include/x86_64-linux-gnu/sys/pidfd.h		
553a2b4299d712de	file	/usr/include/x86_64-linux-gnu/sys/platform/x86.h		
7288e14b4b7b5ea7	file	/usr/include/x86_64-linux-gnu/sys/poll.h		
a4a3b6e8a1946a9e	file	/usr/include/x86_64-linux-gnu/sys/prctl.h		
6f3f57909b0e6412	file	/usr/include/x86_64-linux-gnu/sys/procfs.h		
61b2606a3dab4399	file	/usr/include/x86_64-linux-gnu/sys/profil.h		
35efebed33b2298b	file	/usr/include/x86_64-linux-gnu/sys/ptrace.h		
e9929c93781a2cae	file	/usr/include/x86_64-linux-gnu/sys/queue.h		
2e7785376ddeb8d7	file	/usr/include/x86_64-linux-gnu/sys/quota.h		
c6c06567f19630b0	file	/usr/include/x86_64-linux-gnu/sys/random.h		
11aa424bca6b61f2	file	/usr/include/x86_64-linux-gnu/sys/raw.h		
d4b0d448f54183f5	file	/usr/include/x86_64-linux-gnu/sys/reboot.h		
2570cab9883c6468	file	/usr/include/x86_64-linux-gnu/sys/reg.h		
f8c46c09908fb3fd	file	/usr/include/x86_64-linux-gnu/sys/resource.h		
7e5242f0dc1d9cef	file	/usr/include/x86_64-linux-gnu/sys/rseq.h		
89aa3409dc3cb819	file	/usr/include/x86_64-linux-gnu/sys/select.h		
12ebc0b0c9d8c41b	file	/usr/include/x86_64-linux-gnu/sys/sem.h		
7a201c6ec986b11c	file	/usr/include/x86_64-linux-gnu/sys/sendfile.h		
e706e5af20c613cc	file	/usr/include/x86_64-linux-gnu/sys/shm.h		
a71a0c50651fe354	file	/usr/include/x86_64-linux-gnu/sys/signal.h		
8a098c8167037d2b	file	/usr/include/x86_64-linux-gnu/sys/signalfd.h		
9ff350c74ff9e37a	file	/usr/include/x86_64-linux-gnu/sys/single_threaded.h		
d946b29e69b83609	file	/usr/include/x86_64-linux-gnu/sys/socket.h		
e49ea57be06aa22b	file	/usr/include/x86_64-linux-gnu/sys/socketvar.h		
55d1f536019627b9	file	/usr/include/x86_64-linux-gnu/sys/soundcard.h		
08ceaf99064ea3f8	file	/usr/include/x86_64-linux-gnu/sys/stat.h		
2fa4252350abdd61	file	/usr/include/x86_64-linux-gnu/sys/statfs.h		
4fbe330a534ca798	file	/usr/include/x86_64-linux-gnu/sys/statvfs.h		
1b2678d92d889b5d	file	/usr/include/x86_64-linux-gnu/sys/swap.h		
79c5d06571dd57f7	file	/usr/include/x86_64-linux-gnu/sys/syscall.h		
170cd4adc5576e20	file	/usr/include/x86_64-linux-gnu/sys/sysinfo.h		
183177e5255af972	file	/usr/include/x86_64-linux-gnu/sys/syslog.h		
515a1481d2728c68	file	/usr/include/x86_64-linux-gnu/sys/sysmacros.h		
d69350e980e3b429	file	/usr/include/x86_64-linux-gnu/sys/termios.h		
b0c0142163410fb2	file	/usr/include/x86_64-linux-gnu/sys/time.h		
f4c36aac6213b87a	file	/usr/include/x86_64-linux-gnu/sys/timeb.h		
8f4b756158beb398	file	/usr/include/x86_64-linux-gnu/sys/timerfd.h		
fbfff5af04718b9b	file	/usr/include/x86_64-linux-gnu/sys/times.h		
3477946550a1e75a	file	/usr/include/x86_64-linux-gnu/sys/timex.h		
f9d9cc173666a5f6	file	/usr/include/x86_64-linux-gnu/sys/ttychars.h		
74f711a60247af49	file	/usr/include/x86_64-linux-gnu/sys/ttydefaults.h		
8a0c59408cf81915	file	/usr/include/x86_64-linux-gnu/sys/types.h		
334b5fad8e42a37a	file	/usr/include/x86_64-linux-gnu/sys/ucontext.h		
a0c0b6ab23d3cc3d	file	/usr/include/x86_64-linux-gnu/sys/uio.h		
cbb91d830cb679f1	file	/usr/include/x86_64-linux-gnu/sys/un.h		
d26cca9d85c008e3	file	/usr/include/x86_64-linux-gnu/sys/unistd.h		
26d1c23afec10886	file	/usr/include/x86_64-linux-gnu/sys/user.h		
986a168a8feef93a	file	/usr/include/x86_64-linux-gnu/sys/utsname.h		
3035ced8f2afec72	file	/usr/include/x86_64-linux-gnu/sys/vfs.h		
50f69d3f3a144bb1	file	/usr/include/x86_64-linux-gnu/sys/vlimit.h		
eb320910ebc5e3ac	file	/usr/include/x86_64-linux-gnu/sys/vm86.h		
0a145edfcffa5836	file	/usr/include/x86_64-linux-gnu/sys/vt.h		
11110c2ac4529a5f	file	/usr/include/x86_64-linux-gnu/sys/wait.h		
8de6a4092f922687	file	/usr/include/x86_64-linux-gnu/sys/xattr.h		
675bbcd3ccaa5ae2	file	/usr/include/xen/evtchn.h		
b41b83d24d31d6cb	file	/usr/include/xen/gntalloc.h		
e3b2a994c548a12a	file	/usr/include/xen/gntdev.h		
f73e8f48dcbc2be3	file	/usr/include/xen/privcmd.h		
10630f556f6bba02	file	/usr/lib/gcc/x86_64-linux-gnu/12/cc1		
7b9a2afb71fa4d63	file	/usr/lib/gcc/x86_64-linux-gnu/12/cc1plus		
1f6ab02920b12376	file	/usr/lib/gcc/x86_64-linux-gnu/12/collect2		
71a0b50448c21032	file	/usr/lib/gcc/x86_64-linux-gnu/12/crtbegin.o		
92382e412716ca8f	file	/usr/lib/gcc/x86_64-linux-gnu/12/crtbeginS.o		
09f85cfe135ed067	file	/usr/lib/gcc/x86_64-linux-gnu/12/crtbeginT.o		
974b877b0ae9c181	file	/usr/lib/gcc/x86_64-linux-gnu/12/crtend.o		
6d1f20b9d75dd5e4	file	/usr/lib/gcc/x86_64-linux-gnu/12/crtendS.o		
25df68105a08551e	file	/usr/lib/gcc/x86_64-linux-gnu/12/crtfastmath.o		
6f4309fd6ca943fd	file	/usr/lib/gcc/x86_64-linux-gnu/12/crtoffloadbegin.o		
6b8f14f3c4d303cc	file	/usr/lib/gcc/x86_64-linux-gnu/12/crtoffloadend.o		
eacf55bd40651d52	file	/usr/lib/gcc/x86_64-linux-gnu/12/crtoffloadtable.o		
aeca452e379751f5	file	/usr/lib/gcc/x86_64-linux-gnu/12/crtprec32.o		
c74edfb693a62579	file	/usr/lib/gcc/x86_64-linux-gnu/12/crtprec64.o		
a7354a329bc31eea	file	/usr/lib/gcc/x86_64-linux-gnu/12/crtprec80.o		
13d8fe6ee602d298	file	/usr/lib/gcc/x86_64-linux-gnu/12/g++-mapper-server		
81b198e62a6539fe	file	/usr/lib/gcc/x86_64-linux-gnu/12/include/acc_prof.h		
87e1b813ac1ca008	file	/usr/lib/gcc/x86_64-linux-gnu/12/include/adxintrin.h		
d694bb572b6b1d89	file	/usr/lib/gcc/x86_64-linux-gnu/12/include/ammintrin.h		
68adcaa7ee6ab0ba	file	/usr/lib/gcc/x86_64-linux-gnu/12/include/amxbf16intrin.h		
8835035079c94bd1	file	/usr/lib/gcc/x86_64-linux-gnu/12/include/amxint8intrin.h		
79816d0be9d140b4	file	/usr/lib/gcc/x86_64-linux-gnu/12/include/amxtileintrin.h		
4923ff00f11cb334	file	/usr/lib/gcc/x86_64-linux-gnu/12/include/avx2intrin.h		
f89b37504a4ea721	file	/usr/lib/gcc/x86_64-linux-gnu/12/include/avx5124fmapsintrin.h		
fff6807f7338e515	file	/usr/lib/gcc/x86_64-linux-gnu/12/include/avx5124vnniwintrin.h		
5ee39f897b9aeb35	file	/usr/lib/gcc/x86_64-linux-gnu/12/include/avx512bf16intrin.h		
ddddecf0ecea1b94	file	/usr/lib/gcc/x86_64-linux-gnu/12/include/avx512bf16vlintrin.h		
d0c8e7b283e683f2	file	/usr/lib/gcc/x86_64-linux-gnu/12/include/avx512bitalgintrin.h		
4bfcdbf2e5e74efe	file	/usr/lib/gcc/x86_64-linux-gnu/12/include/avx512bwintrin.h		
05aac790f4d08e3a	file	/usr/lib/gcc/x86_64-linux-gnu/12/include/avx512cdintrin.h		
dc55ad0c64bcaadb	file	/usr/lib/gcc/x86_64-linux-gnu/12/include/avx512dqintrin.h		
ebef2350949aef71	file	/usr/lib/gcc/x86_64-linux-gnu/12/include/avx512erintrin.h		
a4e43a07dfd83e45	file	/usr/lib/gcc/x86_64-linux-gnu/12/include/avx512fintrin.h		
18f71dae47c0d8c3	file	/usr/lib/gcc/x86_64-linux-gnu/12/include/avx512fp16intrin.h		
eba02fe4c04b6134	file	/usr/lib/gcc/x86_64-linux-gnu/12/include/avx512fp16vlintrin.h		
872eeada1b1a2e6c	file	/usr/lib/gcc/x86_64-linux-gnu/12/include/avx512ifmaintrin.h		
8b7072715abfb8f1	file	/usr/lib/gcc/x86_64-linux-gnu/12/include/avx512ifmavlintrin.h		
92d8cda05ecfdc4a	file	/usr/lib/gcc/x86_64-linux-gnu/12/include/avx512pfintrin.h		
b45800d2b2c5f5c0	file	/usr/lib/gcc/x86_64-linux-gnu/12/include/avx512vbmi2intrin.h		
0524eb70e659cd38	file	/usr/lib/gcc/x86_64-linux-gnu/12/include/avx512vbmi2vlintrin.h		
d66000099aca06cf	file	/usr/lib/gcc/x86_64-linux-gnu/12/include/avx512vbmiintrin.h		
9fdb94726db53373	file	/usr/lib/gcc/x86_64-linux-gnu/12/include/avx512vbmivlintrin.h		
882411760000d666	file	/usr/lib/gcc/x86_64-linux-gnu/12/include/avx512vlbwintrin.h		
880067895410ade7	file	/usr/lib/gcc/x86_64-linux-gnu/12/include/avx512vldqintrin.h		
e86b64e6f91f0cee	file	/usr/lib/gcc/x86_64-linux-gnu/12/include/avx512vlintrin.h		
2a7fcc36a29a17eb	file	/usr/lib/gcc/x86_64-linux-gnu/12/include/avx512vnniintrin.h		
86b18650aad01f8f	file	/usr/lib/gcc/x86_64-linux-gnu/12/include/avx512vnnivlintrin.h		
c12c7ab5a6bb9aab	file	/usr/lib/gcc/x86_64-linux-gnu/12/include/avx512vp2intersectintrin.h		
12327e5f23f1e6ef	file	/usr/lib/gcc/x86_64-linux-gnu/12/include/avx512vp2intersectvlintrin.h		
50ea515a3093c327	file	/usr/lib/gcc/x86_64-linux-gnu/12/include/avx512vpopcntdqintrin.h		
4028c61c175a87d5	file	/usr/lib/gcc/x86_64-linux-gnu/12/include/avx512vpopcntdqvlintrin.h		
adfb4bca9cf19662	file	/usr/lib/gcc/x86_64-linux-gnu/12/include/avxintrin.h		
c1b082c110f05ea9	file	/usr/lib/gcc/x86_64-linux-gnu/12/include/avxvnniintrin.h		
c362947ee53e660a	file	/usr/lib/gcc/x86_64-linux-gnu/12/include/backtrace-supported.h		
631b7f18cabe0425	file	/usr/lib/gcc/x86_64-linux-gnu/12/include/backtrace.h		
ee6dce3d4276d18c	file	/usr/lib/gcc/x86_64-linux-gnu/12/include/bmi2intrin.h		
1d6a3777f858c4eb	file	/usr/lib/gcc/x86_64-linux-gnu/12/include/bmiintrin.h		
f61a0303bc92933b	file	/usr/lib/gcc/x86_64-linux-gnu/12/include/bmmintrin.h		
7510fa9739d9e967	file	/usr/lib/gcc/x86_64-linux-gnu/12/include/cet.h		
67b77f9fcca54888	file	/usr/lib/gcc/x86_64-linux-gnu/12/include/cetintrin.h		
c619de29e83a5f61	file	/usr/lib/gcc/x86_64-linux-gnu/12/include/cldemoteintrin.h		
593935020e6589dc	file	/usr/lib/gcc/x86_64-linux-gnu/12/include/clflushoptintrin.h		
8c4fdda1d569e254	file	/usr/lib/gcc/x86_64-linux-gnu/12/include/clwbintrin.h		
124bcc42c7a659f2	file	/usr/lib/gcc/x86_64-linux-gnu/12/include/clzerointrin.h		
e87b99ab576b8e04	file	/usr/lib/gcc/x86_64-linux-gnu/12/include/cpuid.h		
ec77d4925d16602c	file	/usr/lib/gcc/x86_64-linux-gnu/12/include/cross-stdarg.h		
5d8fea1fa5f8a492	file	/usr/lib/gcc/x86_64-linux-gnu/12/include/emmintrin.h		
6d120cabd23c99ff	file	/usr/lib/gcc/x86_64-linux-gnu/12/include/enqcmdintrin.h		
ca9f151dee2ac059	file	/usr/lib/gcc/x86_64-linux-gnu/12/include/f16cintrin.h		
c5b94c8245f98e63	file	/usr/lib/gcc/x86_64-linux-gnu/12/include/float.h		
b25013f8aceb08f3	file	/usr/lib/gcc/x86_64-linux-gnu/12/include/fma4intrin.h		
685ef2001f2549e7	file	/usr/lib/gcc/x86_64-linux-gnu/12/include/fmaintrin.h		
d27ef447564be060	file	/usr/lib/gcc/x86_64-linux-gnu/12/include/fxsrintrin.h		
eb1dbeb8f8e944b6	file	/usr/lib/gcc/x86_64-linux-gnu/12/include/gcov.h		
a259310b93b372f3	file	/usr/lib/gcc/x86_64-linux-gnu/12/include/gfniintrin.h		
75c82fd826cb435e	file	/usr/lib/gcc/x86_64-linux-gnu/12/include/hresetintrin.h		
a589b1a7f29f1adf	file	/usr/lib/gcc/x86_64-linux-gnu/12/include/ia32intrin.h		
fab9ac4e29e3f0d3	file	/usr/lib/gcc/x86_64-linux-gnu/12/include/immintrin.h		
e80bc36ed0c54df7	file	/usr/lib/gcc/x86_64-linux-gnu/12/include/iso646.h		
f6cf744ad04d6d09	file	/usr/lib/gcc/x86_64-linux-gnu/12/include/keylockerintrin.h		
3e8b70bcdb68b4d4	file	/usr/lib/gcc/x86_64-linux-gnu/12/include/limits.h		
c9bbd07f3a26e7e5	file	/usr/lib/gcc/x86_64-linux-gnu/12/include/lwpintrin.h		
e26a3a1a75440762	file	/usr/lib/gcc/x86_64-linux-gnu/12/include/lzcntintrin.h		
adc0d360b23b4fad	file	/usr/lib/gcc/x86_64-linux-gnu/12/include/mm3dnow.h		
c0796a60d7718db9	file	/usr/lib/gcc/x86_64-linux-gnu/12/include/mm_malloc.h		
7c164f1e2213ef07	file	/usr/lib/gcc/x86_64-linux-gnu/12/include/mmintrin.h		
e4c4ad6a6a7c5b45	file	/usr/lib/gcc/x86_64-linux-gnu/12/include/movdirintrin.h		
8e783881c12a45d0	file	/usr/lib/gcc/x86_64-linux-gnu/12/include/mwaitintrin.h		
633befbb8a47f2f6	file	/usr/lib/gcc/x86_64-linux-gnu/12/include/mwaitxintrin.h		
1fd519986d22a5e9	file	/usr/lib/gcc/x86_64-linux-gnu/12/include/nmmintrin.h		
c1d0547a2a711ddd	file	/usr/lib/gcc/x86_64-linux-gnu/12/include/omp.h		
ea4b1c9b7a130d6b	file	/usr/lib/gcc/x86_64-linux-gnu/12/include/openacc.h		
211f0dc0da06e21c	file	/usr/lib/gcc/x86_64-linux-gnu/12/include/pconfigintrin.h		
dc9cfe40bf3aa25f	file	/usr/lib/gcc/x86_64-linux-gnu/12/include/pkuintrin.h		
872184f5f4c33e7c	file	/usr/lib/gcc/x86_64-linux-gnu/12/include/pmmintrin.h		
e156d74ae66d3ac8	file	/usr/lib/gcc/x86_64-linux-gnu/12/include/popcntintrin.h		
0c29246db11d5afc	file	/usr/lib/gcc/x86_64-linux-gnu/12/include/prfchwintrin.h		
e7490f2a9a189a53	file	/usr/lib/gcc/x86_64-linux-gnu/12/include/quadmath.h		
e5a3a48af13f1c3d	file	/usr/lib/gcc/x86_64-linux-gnu/12/include/quadmath_weak.h		
583014f640480e4a	file	/usr/lib/gcc/x86_64-linux-gnu/12/include/rdseedintrin.h		
ad85ebecbb4cd920	file	/usr/lib/gcc/x86_64-linux-gnu/12/include/rtmintrin.h		
e84322900f40cf25	file	/usr/lib/gcc/x86_64-linux-gnu/12/include/sanitizer/asan_interface.h		
48ceeba5a704eaf4	file	/usr/lib/gcc/x86_64-linux-gnu/12/include/sanitizer/common_interface_defs.h		
5cc9faf553f1fdd0	file	/usr/lib/gcc/x86_64-linux-gnu/12/include/sanitizer/hwasan_interface.h		
e74dda8e1338284a	file	/usr/lib/gcc/x86_64-linux-gnu/12/include/sanitizer/lsan_interface.h		
bcf3b412ffd54899	file	/usr/lib/gcc/x86_64-linux-gnu/12/include/sanitizer/tsan_interface.h		
ffbcf1e27f5c99ca	file	/usr/lib/gcc/x86_64-linux-gnu/12/include/serializeintrin.h		
9c8ffe096f3e37ad	file	/usr/lib/gcc/x86_64-linux-gnu/12/include/sgxintrin.h		
0eaa89437d0a8793	file	/usr/lib/gcc/x86_64-linux-gnu/12/include/shaintrin.h		
802e73ac660ed33e	file	/usr/lib/gcc/x86_64-linux-gnu/12/include/smmintrin.h		
a2eadc386e6b671d	file	/usr/lib/gcc/x86_64-linux-gnu/12/include/stdalign.h		
39e3df2b08f41e8c	file	/usr/lib/gcc/x86_64-linux-gnu/12/include/stdarg.h		
1a049fe923767cd8	file	/usr/lib/gcc/x86_64-linux-gnu/12/include/stdatomic.h		
89b5f6d330ebccf3	file	/usr/lib/gcc/x86_64-linux-gnu/12/include/stdbool.h		
edb03ad9012d956c	file	/usr/lib/gcc/x86_64-linux-gnu/12/include/stddef.h		
aefe9e52d02ac234	file	/usr/lib/gcc/x86_64-linux-gnu/12/include/stdfix.h		
f27757bfc56b8fbc	file	/usr/lib/gcc/x86_64-linux-gnu/12/include/stdint-gcc.h		
8d6eb98ebf48c554	file	/usr/lib/gcc/x86_64-linux-gnu/12/include/stdint.h		
9bb9f6282e631af6	file	/usr/lib/gcc/x86_64-linux-gnu/12/include/stdnoreturn.h		
4380a261189fbb36	file	/usr/lib/gcc/x86_64-linux-gnu/12/include/syslimits.h		
24aaded10413bdf3	file	/usr/lib/gcc/x86_64-linux-gnu/12/include/tbmintrin.h		
bf357e28f652f88a	file	/usr/lib/gcc/x86_64-linux-gnu/12/include/tmmintrin.h		
304f21f4a3756899	file	/usr/lib/gcc/x86_64-linux-gnu/12/include/tsxldtrkintrin.h		
e9b6fba778c5c660	file	/usr/lib/gcc/x86_64-linux-gnu/12/include/uintrintrin.h		
69946d9c4870e789	file	/usr/lib/gcc/x86_64-linux-gnu/12/include/unwind.h		
258dddd324910505	file	/usr/lib/gcc/x86_64-linux-gnu/12/include/vaesintrin.h		
b4f9d861905bd10e	file	/usr/lib/gcc/x86_64-linux-gnu/12/include/varargs.h		
e06a5ac2d9f25999	file	/usr/lib/gcc/x86_64-linux-gnu/12/include/vpclmulqdqintrin.h		
887ad48bef828327	file	/usr/lib/gcc/x86_64-linux-gnu/12/include/waitpkgintrin.h		
b01537804538a326	file	/usr/lib/gcc/x86_64-linux-gnu/12/include/wbnoinvdintrin.h		
dbe3d501e29d2266	file	/usr/lib/gcc/x86_64-linux-gnu/12/include/wmmintrin.h		
d1e3c6e39df2a127	file	/usr/lib/gcc/x86_64-linux-gnu/12/include/x86gprintrin.h		
51d5416b904a9108	file	/usr/lib/gcc/x86_64-linux-gnu/12/include/x86intrin.h		
047fb5e6b4686457	file	/usr/lib/gcc/x86_64-linux-gnu/12/include/xmmintrin.h		
81c0c52eb9e2566e	file	/usr/lib/gcc/x86_64-linux-gnu/12/include/xopintrin.h		
0b832720b9e5ea44	file	/usr/lib/gcc/x86_64-linux-gnu/12/include/xsavecintrin.h		
67c59c00da662b71	file	/usr/lib/gcc/x86_64-linux-gnu/12/include/xsaveintrin.h		
f05cc4782a320ec7	file	/usr/lib/gcc/x86_64-linux-gnu/12/include/xsaveoptintrin.h		
5ad60d8612d27caf	file	/usr/lib/gcc/x86_64-linux-gnu/12/include/xsavesintrin.h		
ff16feeea4c59188	file	/usr/lib/gcc/x86_64-linux-gnu/12/include/xtestintrin.h		
640f654d9554654a	file	/usr/lib/gcc/x86_64-linux-gnu/12/libasan.a		
10aea64eccbc3a4b	file	/usr/lib/gcc/x86_64-linux-gnu/12/libasan_preinit.o		
35f91baf0e5f861e	file	/usr/lib/gcc/x86_64-linux-gnu/12/libatomic.a		
7d3dd6deccc68073	file	/usr/lib/gcc/x86_64-linux-gnu/12/libbacktrace.a		
d2113376707c0336	file	/usr/lib/gcc/x86_64-linux-gnu/12/libgcc.a		
e5307aad54c1a397	file	/usr/lib/gcc/x86_64-linux-gnu/12/libgcc_eh.a		
0b8172377e90eac2	file	/usr/lib/gcc/x86_64-linux-gnu/12/libgcc_s.so		
673eac4c30b49ced	file	/usr/lib/gcc/x86_64-linux-gnu/12/libgcov.a		
e4eb4e8e3b9c1948	file	/usr/lib/gcc/x86_64-linux-gnu/12/libgomp.a		
00497a2342fe4368	file	/usr/lib/gcc/x86_64-linux-gnu/12/libgomp.spec		
8540ab5566be1970	file	/usr/lib/gcc/x86_64-linux-gnu/12/libitm.a		
650e455d40295628	file	/usr/lib/gcc/x86_64-linux-gnu/12/libitm.spec		
0e8b71e4dd4691ec	file	/usr/lib/gcc/x86_64-linux-gnu/12/liblsan.a		
9eccf68c61969de0	file	/usr/lib/gcc/x86_64-linux-gnu/12/liblsan_preinit.o		
4a2cfab2f99658ed	file	/usr/lib/gcc/x86_64-linux-gnu/12/liblto_plugin.so		
7146afde8b07d9ea	file	/usr/lib/gcc/x86_64-linux-gnu/12/libquadmath.a		
dc7e80e9316824e9	file	/usr/lib/gcc/x86_64-linux-gnu/12/libsanitizer.spec		
e9900f19e2d46e9f	file	/usr/lib/gcc/x86_64-linux-gnu/12/libssp_nonshared.a		
96bc97770b04b3fa	file	/usr/lib/gcc/x86_64-linux-gnu/12/libstdc++.a		
25c04ea498a2688a	file	/usr/lib/gcc/x86_64-linux-gnu/12/libstdc++fs.a		
805c1f3952180df1	file	/usr/lib/gcc/x86_64-linux-gnu/12/libsupc++.a		
3dab2eb6f82efb85	file	/usr/lib/gcc/x86_64-linux-gnu/12/libtsan.a		
e9ada88c3ae50574	file	/usr/lib/gcc/x86_64-linux-gnu/12/libtsan_preinit.o		
55a6a03b66493448	file	/usr/lib/gcc/x86_64-linux-gnu/12/libubsan.a		
5a4e2402f58e5dee	file	/usr/lib/gcc/x86_64-linux-gnu/12/lto-wrapper		
fd82efe3e1e3f004	file	/usr/lib/gcc/x86_64-linux-gnu/12/lto1		
95ab6794f83a35f7	file	/usr/lib/gcc/x86_64-linux-gnu/12/plugin/libcc1plugin.so.0.0.0		
bf4a9d38c0a8f3e2	file	/usr/lib/gcc/x86_64-linux-gnu/12/plugin/libcp1plugin.so.0.0.0		
1fcd62224c3c3d2f	file	/usr/lib/mime/packages/unzip		
22b9c9826ff701a8	file	/usr/lib/ssl/misc/CA.pl		
b427669b173a332a	file	/usr/lib/ssl/misc/tsget.pl		
1e9bef90bbae20fe	file	/usr/lib/systemd/system/uuidd.service		
86bf480faefc8ff3	file	/usr/lib/systemd/system/uuidd.socket		
5afb616e31adbd8f	file	/usr/lib/x86_64-linux-gnu/Mcrt1.o		
cc2cd1e509d57d10	file	/usr/lib/x86_64-linux-gnu/Scrt1.o		
0b708189f33b4a03	file	/usr/lib/x86_64-linux-gnu/audit/sotruss-lib.so		
609f48b9be6fd602	file	/usr/lib/x86_64-linux-gnu/bfd-plugins/libdep.so		
c9c3a22d2aa99550	file	/usr/lib/x86_64-linux-gnu/crt1.o		
565fb56b06a70ce3	file	/usr/lib/x86_64-linux-gnu/crti.o		
5e0bdcfb830cf626	file	/usr/lib/x86_64-linux-gnu/crtn.o		
2f96d64a11efbbf8	file	/usr/lib/x86_64-linux-gnu/engines-3/afalg.so		
a78a244fedf77ee3	file	/usr/lib/x86_64-linux-gnu/engines-3/loader_attic.so		
83c2472b82f53f32	file	/usr/lib/x86_64-linux-gnu/engines-3/padlock.so		
5d00995fdd06fdc0	file	/usr/lib/x86_64-linux-gnu/gcrt1.o		
e614adae1433f95e	file	/usr/lib/x86_64-linux-gnu/gprofng/libgp-collector.so		
864440883699e623	file	/usr/lib/x86_64-linux-gnu/gprofng/libgp-collectorAPI.so		
129ce5b855fece73	file	/usr/lib/x86_64-linux-gnu/gprofng/libgp-heap.so		
026288ca7c7b735d	file	/usr/lib/x86_64-linux-gnu/gprofng/libgp-iotrace.so		
edc4c0ddaed2e4d3	file	/usr/lib/x86_64-linux-gnu/gprofng/libgp-sync.so		
a3c13931620d43d4	file	/usr/lib/x86_64-linux-gnu/grcrt1.o		
71ae47e155c4d030	file	/usr/lib/x86_64-linux-gnu/krb5/plugins/preauth/spake.so		
c3a98acf9594c87b	file	/usr/lib/x86_64-linux-gnu/ldscripts/elf32_x86_64.x		
697e7d6e8996a6c2	file	/usr/lib/x86_64-linux-gnu/ldscripts/elf32_x86_64.xbn		
59674038847f2422	file	/usr/lib/x86_64-linux-gnu/ldscripts/elf32_x86_64.xc		
6ca227b99ba5bfda	file	/usr/lib/x86_64-linux-gnu/ldscripts/elf32_x86_64.xce		
46a389d9a3fee52c	file	/usr/lib/x86_64-linux-gnu/ldscripts/elf32_x86_64.xd		
7c98fa1204ffda08	file	/usr/lib/x86_64-linux-gnu/ldscripts/elf32_x86_64.xdc		
95ec3099099443e1	file	/usr/lib/x86_64-linux-gnu/ldscripts/elf32_x86_64.xdce		
5872661cb02c8b58	file	/usr/lib/x86_64-linux-gnu/ldscripts/elf32_x86_64.xde		
8d48f1777450180a	file	/usr/lib/x86_64-linux-gnu/ldscripts/elf32_x86_64.xdw		
4afbaaf1534b4a78	file	/usr/lib/x86_64-linux-gnu/ldscripts/elf32_x86_64.xdwe		
667c3e56fb4b01b6	file	/usr/lib/x86_64-linux-gnu/ldscripts/elf32_x86_64.xe		
cf7e94351b4da701	file	/usr/lib/x86_64-linux-gnu/ldscripts/elf32_x86_64.xn		
b283693630bae7b1	file	/usr/lib/x86_64-linux-gnu/ldscripts/elf32_x86_64.xr		
58ed2ee1be623200	file	/usr/lib/x86_64-linux-gnu/ldscripts/elf32_x86_64.xs		
1770ec405d512c62	file	/usr/lib/x86_64-linux-gnu/ldscripts/elf32_x86_64.xsc		
cca3dc695bdcc5a3	file	/usr/lib/x86_64-linux-gnu/ldscripts/elf32_x86_64.xsce		
5240a0e5610e4522	file	/usr/lib/x86_64-linux-gnu/ldscripts/elf32_x86_64.xse		
8f59ef113fe41c70	file	/usr/lib/x86_64-linux-gnu/ldscripts/elf32_x86_64.xsw		
51f0d937e6fa2f49	file	/usr/lib/x86_64-linux-gnu/ldscripts/elf32_x86_64.xswe		
ef67a73606966acc	file	/usr/lib/x86_64-linux-gnu/ldscripts/elf32_x86_64.xu		
9720671306e93a17	file	/usr/lib/x86_64-linux-gnu/ldscripts/elf32_x86_64.xw		
e4d08d1410f5d882	file	/usr/lib/x86_64-linux-gnu/ldscripts/elf32_x86_64.xwe		
ffa8e6c77f84f225	file	/usr/lib/x86_64-linux-gnu/ldscripts/elf_i386.x		
c15bfd4ac67969cd	file	/usr/lib/x86_64-linux-gnu/ldscripts/elf_i386.xbn		
1c893d8fef3f1dc4	file	/usr/lib/x86_64-linux-gnu/ldscripts/elf_i386.xc		
77da2a5ef33e83f2	file	/usr/lib/x86_64-linux-gnu/ldscripts/elf_i386.xce		
0561f84714248dcb	file	/usr/lib/x86_64-linux-gnu/ldscripts/elf_i386.xd		
b715ae35cc2b636f	file	/usr/lib/x86_64-linux-gnu/ldscripts/elf_i386.xdc		
8fb38e2886201a15	file	/usr/lib/x86_64-linux-gnu/ldscripts/elf_i386.xdce		
04b34a146cdc7e5a	file	/usr/lib/x86_64-linux-gnu/ldscripts/elf_i386.xde		
52be667837176921	file	/usr/lib/x86_64-linux-gnu/ldscripts/elf_i386.xdw		
3b65e1a7a081996b	file	/usr/lib/x86_64-linux-gnu/ldscripts/elf_i386.xdwe		
ebee4db9c0fec7a1	file	/usr/lib/x86_64-linux-gnu/ldscripts/elf_i386.xe		
f3aff92cacd8c559	file	/usr/lib/x86_64-linux-gnu/ldscripts/elf_i386.xn		
032cc614377240cc	file	/usr/lib/x86_64-linux-gnu/ldscripts/elf_i386.xr		
fd27a340582f27f2	file	/usr/lib/x86_64-linux-gnu/ldscripts/elf_i386.xs		
58687fc170058d36	file	/usr/lib/x86_64-linux-gnu/ldscripts/elf_i386.xsc		
1df8aa9e5ae0622b	file	/usr/lib/x86_64-linux-gnu/ldscripts/elf_i386.xsce		
91a88bf1a63e4f1c	file	/usr/lib/x86_64-linux-gnu/ldscripts/elf_i386.xse		
9679298dbb855bcc	file	/usr/lib/x86_64-linux-gnu/ldscripts/elf_i386.xsw		
adb9e7a4038ab0b1	file	/usr/lib/x86_64-linux-gnu/ldscripts/elf_i386.xswe		
3c1a103a01e8bca1	file	/usr/lib/x86_64-linux-gnu/ldscripts/elf_i386.xu		
8e26e59538d53038	file	/usr/lib/x86_64-linux-gnu/ldscripts/elf_i386.xw		
46659b2b65d22a8c	file	/usr/lib/x86_64-linux-gnu/ldscripts/elf_i386.xwe		
01e9de96bf0d8d18	file	/usr/lib/x86_64-linux-gnu/ldscripts/elf_iamcu.x		
ba66860b97892808	file	/usr/lib/x86_64-linux-gnu/ldscripts/elf_iamcu.xbn		
19a94357fb266c80	file	/usr/lib/x86_64-linux-gnu/ldscripts/elf_iamcu.xc		
37ba15260d019b55	file	/usr/lib/x86_64-linux-gnu/ldscripts/elf_iamcu.xce		
5f080b94421a5f3a	file	/usr/lib/x86_64-linux-gnu/ldscripts/elf_iamcu.xd		
f2637f1df9d83350	file	/usr/lib/x86_64-linux-gnu/ldscripts/elf_iamcu.xdc		
9b04dec64ef5dc27	file	/usr/lib/x86_64-linux-gnu/ldscripts/elf_iamcu.xdce		
221426fc2a318e6d	file	/usr/lib/x86_64-linux-gnu/ldscripts/elf_iamcu.xde		
f634b5b48ed0f050	file	/usr/lib/x86_64-linux-gnu/ldscripts/elf_iamcu.xdw		
35bb5a9b911bd62d	file	/usr/lib/x86_64-linux-gnu/ldscripts/elf_iamcu.xdwe		
77cc74bc783a075a	file	/usr/lib/x86_64-linux-gnu/ldscripts/elf_iamcu.xe		
38c877ceddf3c834	file	/usr/lib/x86_64-linux-gnu/ldscripts/elf_iamcu.xn		
8945a27da38a931c	file	/usr/lib/x86_64-linux-gnu/ldscripts/elf_iamcu.xr		
5a8a4ca7d3c59656	file	/usr/lib/x86_64-linux-gnu/ldscripts/elf_iamcu.xs		
a187a25a881fc0c1	file	/usr/lib/x86_64-linux-gnu/ldscripts/elf_iamcu.xsc		
51fe81d9a3fe0ec7	file	/usr/lib/x86_64-linux-gnu/ldscripts/elf_iamcu.xsce		
50f5c66cc437171b	file	/usr/lib/x86_64-linux-gnu/ldscripts/elf_iamcu.xse		
d83da993b879176d	file	/usr/lib/x86_64-linux-gnu/ldscripts/elf_iamcu.xsw		
9417b573eafd46c3	file	/usr/lib/x86_64-linux-gnu/ldscripts/elf_iamcu.xswe		
24016788c66d62a8	file	/usr/lib/x86_64-linux-gnu/ldscripts/elf_iamcu.xu		
13b0cf86cceb9457	file	/usr/lib/x86_64-linux-gnu/ldscripts/elf_iamcu.xw		
b888bfcd45203b94	file	/usr/lib/x86_64-linux-gnu/ldscripts/elf_iamcu.xwe		
24d590066fa194fc	file	/usr/lib/x86_64-linux-gnu/ldscripts/elf_x86_64.x		
12670895e8d4daaf	file	/usr/lib/x86_64-linux-gnu/ldscripts/elf_x86_64.xbn		
17ba28fe7781e651	file	/usr/lib/x86_64-linux-gnu/ldscripts/elf_x86_64.xc		
0370f376e7aa9955	file	/usr/lib/x86_64-linux-gnu/ldscripts/elf_x86_64.xce		
be0a37095200f425	file	/usr/lib/x86_64-linux-gnu/ldscripts/elf_x86_64.xd		
4a110376f266806f	file	/usr/lib/x86_64-linux-gnu/ldscripts/elf_x86_64.xdc		
320b9b09236c2201	file	/usr/lib/x86_64-linux-gnu/ldscripts/elf_x86_64.xdce		
818233da1a69a0f8	file	/usr/lib/x86_64-linux-gnu/ldscripts/elf_x86_64.xde		
6442b2d7266ff60f	file	/usr/lib/x86_64-linux-gnu/ldscripts/elf_x86_64.xdw		
615318e5b7787af9	file	/usr/lib/x86_64-linux-gnu/ldscripts/elf_x86_64.xdwe		
e381f701dc207160	file	/usr/lib/x86_64-linux-gnu/ldscripts/elf_x86_64.xe		
2b78a5f4db03aa64	file	/usr/lib/x86_64-linux-gnu/ldscripts/elf_x86_64.xn		
3d060d8bed1641d1	file	/usr/lib/x86_64-linux-gnu/ldscripts/elf_x86_64.xr		
7a4d88b6bc05bf79	file	/usr/lib/x86_64-linux-gnu/ldscripts/elf_x86_64.xs		
c4c8e7a4524e7111	file	/usr/lib/x86_64-linux-gnu/ldscripts/elf_x86_64.xsc		
f2512f96d590a78f	file	/usr/lib/x86_64-linux-gnu/ldscripts/elf_x86_64.xsce		
7fb0a12b0016141d	file	/usr/lib/x86_64-linux-gnu/ldscripts/elf_x86_64.xse		
25398c5fe46b1f05	file	/usr/lib/x86_64-linux-gnu/ldscripts/elf_x86_64.xsw		
d24904475b422069	file	/usr/lib/x86_64-linux-gnu/ldscripts/elf_x86_64.xswe		
860e162dc21c7fd4	file	/usr/lib/x86_64-linux-gnu/ldscripts/elf_x86_64.xu		
13411b696be39868	file	/usr/lib/x86_64-linux-gnu/ldscripts/elf_x86_64.xw		
98a1cf6c4d8856cc	file	/usr/lib/x86_64-linux-gnu/ldscripts/elf_x86_64.xwe		
ce8b6ebc9d4d5fd7	file	/usr/lib/x86_64-linux-gnu/ldscripts/i386pe.x		
04c98d48911e492d	file	/usr/lib/x86_64-linux-gnu/ldscripts/i386pe.xa		
ba9ba6fa1918c384	file	/usr/lib/x86_64-linux-gnu/ldscripts/i386pe.xbn		
71384bfff975d56e	file	/usr/lib/x86_64-linux-gnu/ldscripts/i386pe.xe		
4589e26649d41f75	file	/usr/lib/x86_64-linux-gnu/ldscripts/i386pe.xn		
75a0cf0e6969835d	file	/usr/lib/x86_64-linux-gnu/ldscripts/i386pe.xr		
e7237935af630c90	file	/usr/lib/x86_64-linux-gnu/ldscripts/i386pe.xu		
d6078496e3d052db	file	/usr/lib/x86_64-linux-gnu/ldscripts/i386pep.x		
101456f7f0f11994	file	/usr/lib/x86_64-linux-gnu/ldscripts/i386pep.xa		
64c527e5420100c0	file	/usr/lib/x86_64-linux-gnu/ldscripts/i386pep.xbn		
1653c998487f7e37	file	/usr/lib/x86_64-linux-gnu/ldscripts/i386pep.xe		
a32b95654dcf02f2	file	/usr/lib/x86_64-linux-gnu/ldscripts/i386pep.xn		
a0c823fd2ca22940	file	/usr/lib/x86_64-linux-gnu/ldscripts/i386pep.xr		
675317850043020a	file	/usr/lib/x86_64-linux-gnu/ldscripts/i386pep.xu		
cae522069f80b904	file	/usr/lib/x86_64-linux-gnu/libBrokenLocale.a		
c9679807040d902f	file	/usr/lib/x86_64-linux-gnu/libLerc.so.4		
d833a1acac631b06	file	/usr/lib/x86_64-linux-gnu/libSvtAv1Enc.so.1.4.1		
7c3939fc8f3f0fd5	file	/usr/lib/x86_64-linux-gnu/libX11.so.6.4.0		
c4abafdc80e62619	file	/usr/lib/x86_64-linux-gnu/libXau.so.6.0.0		
07f855738edabfbe	file	/usr/lib/x86_64-linux-gnu/libXdmcp.so.6.0.0		
f4e9660c67dc4895	file	/usr/lib/x86_64-linux-gnu/libXpm.so.4.11.0		
5dad6f20bacdd53d	file	/usr/lib/x86_64-linux-gnu/libabsl_bad_any_cast_impl.so.20220623.0.0		
0181309c5ca56482	file	/usr/lib/x86_64-linux-gnu/libabsl_bad_optional_access.so.20220623.0.0		
d66b40b87f8478c1	file	/usr/lib/x86_64-linux-gnu/libabsl_bad_variant_access.so.20220623.0.0		
e3cf2620c3cb25ef	file	/usr/lib/x86_64-linux-gnu/libabsl_base.so.20220623.0.0		
7321a0c4469477d5	file	/usr/lib/x86_64-linux-gnu/libabsl_city.so.20220623.0.0		
5de0f1206ce18f3b	file	/usr/lib/x86_64-linux-gnu/libabsl_civil_time.so.20220623.0.0		
521ee8c853050b40	file	/usr/lib/x86_64-linux-gnu/libabsl_cord.so.20220623.0.0		
a0ab8c45149d9dde	file	/usr/lib/x86_64-linux-gnu/libabsl_cord_internal.so.20220623.0.0		
ba7e1f529d1fdb5b	file	/usr/lib/x86_64-linux-gnu/libabsl_cordz_functions.so.20220623.0.0		
1ecae0483413f83f	file	/usr/lib/x86_64-linux-gnu/libabsl_cordz_handle.so.20220623.0.0		
f861ecb8b95f0c04	file	/usr/lib/x86_64-linux-gnu/libabsl_cordz_info.so.20220623.0.0		
ecb6bd1ca6a1c083	file	/usr/lib/x86_64-linux-gnu/libabsl_cordz_sample_token.so.20220623.0.0		
ec6fad92829c6995	file	/usr/lib/x86_64-linux-gnu/libabsl_debugging_internal.so.20220623.0.0		
88394dad04c76816	file	/usr/lib/x86_64-linux-gnu/libabsl_demangle_internal.so.20220623.0.0		
50bd8dbc7e6684df	file	/usr/lib/x86_64-linux-gnu/libabsl_examine_stack.so.20220623.0.0		
4b25c0573beb01e6	file	/usr/lib/x86_64-linux-gnu/libabsl_exponential_biased.so.20220623.0.0		
b9d338f3cdea70d3	file	/usr/lib/x86_64-linux-gnu/libabsl_failure_signal_handler.so.20220623.0.0		
9b619c8dc2cd3649	file	/usr/lib/x86_64-linux-gnu/libabsl_flags_commandlineflag.so.20220623.0.0		
7280fd5ca856b351	file	/usr/lib/x86_64-linux-gnu/libabsl_flags_commandlineflag_internal.so.20220623.0.0		
16321a929a93b142	file	/usr/lib/x86_64-linux-gnu/libabsl_flags_config.so.20220623.0.0		
ad1df4d8a54d9da6	file	/usr/lib/x86_64-linux-gnu/libabsl_flags_internal.so.20220623.0.0		
8ac963096641bc20	file	/usr/lib/x86_64-linux-gnu/libabsl_flags_marshalling.so.20220623.0.0		
1e81f73e6ac914e8	file	/usr/lib/x86_64-linux-gnu/libabsl_flags_parse.so.20220623.0.0		
689c4c5477f9dbc5	file	/usr/lib/x86_64-linux-gnu/libabsl_flags_private_handle_accessor.so.20220623.0.0		
27ecff07fd103524	file	/usr/lib/x86_64-linux-gnu/libabsl_flags_program_name.so.20220623.0.0		
fead01c583749fc0	file	/usr/lib/x86_64-linux-gnu/libabsl_flags_reflection.so.20220623.0.0		
cd610ee38ff497a2	file	/usr/lib/x86_64-linux-gnu/libabsl_flags_usage.so.20220623.0.0		
5a0f53454c59715e	file	/usr/lib/x86_64-linux-gnu/libabsl_flags_usage_internal.so.20220623.0.0		
e2caeca675fc1b5c	file	/usr/lib/x86_64-linux-gnu/libabsl_graphcycles_internal.so.20220623.0.0		
4d25256aeaa17361	file	/usr/lib/x86_64-linux-gnu/libabsl_hash.so.20220623.0.0		
5abc5ebc01c8b99b	file	/usr/lib/x86_64-linux-gnu/libabsl_hashtablez_sampler.so.20220623.0.0		
90e64c29d652b555	file	/usr/lib/x86_64-linux-gnu/libabsl_int128.so.20220623.0.0		
0dc6646cc571a13a	file	/usr/lib/x86_64-linux-gnu/libabsl_leak_check.so.20220623.0.0		
14f095008066c9b4	file	/usr/lib/x86_64-linux-gnu/libabsl_log_severity.so.20220623.0.0		
d502185853b17359	file	/usr/lib/x86_64-linux-gnu/libabsl_low_level_hash.so.20220623.0.0		
571492b006debe3a	file	/usr/lib/x86_64-linux-gnu/libabsl_malloc_internal.so.20220623.0.0		
22847f9a6389b3ba	file	/usr/lib/x86_64-linux-gnu/libabsl_periodic_sampler.so.20220623.0.0		
d70cc2c626cd021c	file	/usr/lib/x86_64-linux-gnu/libabsl_random_distributions.so.20220623.0.0		
15d1a63ca09532c1	file	/usr/lib/x86_64-linux-gnu/libabsl_random_internal_distribution_test_util.so.20220623.0.0		
75098519b90e13fc	file	/usr/lib/x86_64-linux-gnu/libabsl_random_internal_platform.so.20220623.0.0		
0415749362b08e34	file	/usr/lib/x86_64-linux-gnu/libabsl_random_internal_pool_urbg.so.20220623.0.0		
c260fd1849169fd6	file	/usr/lib/x86_64-linux-gnu/libabsl_random_internal_randen.so.20220623.0.0		
bf2e70751df7b9c2	file	/usr/lib/x86_64-linux-gnu/libabsl_random_internal_randen_hwaes.so.20220623.0.0		
d503432409f42489	file	/usr/lib/x86_64-linux-gnu/libabsl_random_internal_randen_hwaes_impl.so.20220623.0.0		
1d9cc6daff9958fc	file	/usr/lib/x86_64-linux-gnu/libabsl_random_internal_randen_slow.so.20220623.0.0		
3e425c739f9a2fa4	file	/usr/lib/x86_64-linux-gnu/libabsl_random_internal_seed_material.so.20220623.0.0		
d14e3f3961e3aab9	file	/usr/lib/x86_64-linux-gnu/libabsl_random_seed_gen_exception.so.20220623.0.0		
889907c85537a561	file	/usr/lib/x86_64-linux-gnu/libabsl_random_seed_sequences.so.20220623.0.0		
5d53da77c920442d	file	/usr/lib/x86_64-linux-gnu/libabsl_raw_hash_set.so.20220623.0.0		
2487bf31af83ee13	file	/usr/lib/x86_64-linux-gnu/libabsl_raw_logging_internal.so.20220623.0.0		
0c321234a9e71103	file	/usr/lib/x86_64-linux-gnu/libabsl_scoped_set_env.so.20220623.0.0		
4f84c71040fb61c5	file	/usr/lib/x86_64-linux-gnu/libabsl_spinlock_wait.so.20220623.0.0		
858ad900058c093c	file	/usr/lib/x86_64-linux-gnu/libabsl_stacktrace.so.20220623.0.0		
25ecab55260913d7	file	/usr/lib/x86_64-linux-gnu/libabsl_status.so.20220623.0.0		
2bb010e6cd0713bd	file	/usr/lib/x86_64-linux-gnu/libabsl_statusor.so.20220623.0.0		
e85b8be861a39747	file	/usr/lib/x86_64-linux-gnu/libabsl_str_format_internal.so.20220623.0.0		
9261e376e850a218	file	/usr/lib/x86_64-linux-gnu/libabsl_strerror.so.20220623.0.0		
c3252d23f2d33597	file	/usr/lib/x86_64-linux-gnu/libabsl_strings.so.20220623.0.0		
7f83775a2029d467	file	/usr/lib/x86_64-linux-gnu/libabsl_strings_internal.so.20220623.0.0		
ce5c4c634a87d82c	file	/usr/lib/x86_64-linux-gnu/libabsl_symbolize.so.20220623.0.0		
fda316a3ad4b6726	file	/usr/lib/x86_64-linux-gnu/libabsl_synchronization.so.20220623.0.0		
18f82b2c2b1f4b7d	file	/usr/lib/x86_64-linux-gnu/libabsl_throw_delegate.so.20220623.0.0		
3287aef1c4f1963b	file	/usr/lib/x86_64-linux-gnu/libabsl_time.so.20220623.0.0		
8a3cdf31801afa51	file	/usr/lib/x86_64-linux-gnu/libabsl_time_zone.so.20220623.0.0		
4fbaa6d3081f032a	file	/usr/lib/x86_64-linux-gnu/libanl.a		
cb896b35ffc06ee4	file	/usr/lib/x86_64-linux-gnu/libaom.so.3.6.0		
ff47bf044bf3362d	file	/usr/lib/x86_64-linux-gnu/libasan.so.8.0.0		
30f233d4930c3e2e	file	/usr/lib/x86_64-linux-gnu/libatomic.so.1.2.0		
659095e6c747d868	file	/usr/lib/x86_64-linux-gnu/libavif.so.15.0.1		
8f23342d9360723a	file	/usr/lib/x86_64-linux-gnu/libbfd-2.40-system.so		
c0c51b2f0f67b3aa	file	/usr/lib/x86_64-linux-gnu/libbrotlicommon.so.1.0.9		
6662b32df5227daf	file	/usr/lib/x86_64-linux-gnu/libbrotlidec.so.1.0.9		
60088765f65c6d4b	file	/usr/lib/x86_64-linux-gnu/libbrotlienc.so.1.0.9		
21966a60ec85f6b0	file	/usr/lib/x86_64-linux-gnu/libbsd.so.0.11.7		
0b1d32d7a784fedf	file	/usr/lib/x86_64-linux-gnu/libc.a		
b159315d7ab2d0b3	file	/usr/lib/x86_64-linux-gnu/libc.so		
33684d96e572ed7f	file	/usr/lib/x86_64-linux-gnu/libc_nonshared.a		
636c0cfccdafe182	file	/usr/lib/x86_64-linux-gnu/libcc1.so.0.0.0		
a3527b21d63bc898	file	/usr/lib/x86_64-linux-gnu/libcrypt.a		
1db9c765718f2089	file	/usr/lib/x86_64-linux-gnu/libcrypto.so.3		
5b3bf451d7a28032	file	/usr/lib/x86_64-linux-gnu/libctf-nobfd.so.0.0.0		
b9dd30bc7de6e7f5	file	/usr/lib/x86_64-linux-gnu/libctf.so.0.0.0		
3057e29317708822	file	/usr/lib/x86_64-linux-gnu/libcurl.so.4.8.0		
ae819cb3728175af	file	/usr/lib/x86_64-linux-gnu/libdav1d.so.6.6.0		
291591c39d158ef4	file	/usr/lib/x86_64-linux-gnu/libde265.so.0.1.4		
5a3c19357a3b5b0d	file	/usr/lib/x86_64-linux-gnu/libdeflate.so.0		
8661b5314f838ab2	file	/usr/lib/x86_64-linux-gnu/libdl.a		
4d163ffc739b0bd4	file	/usr/lib/x86_64-linux-gnu/libexpat.so.1.8.10		
998c3403490d6ab4	file	/usr/lib/x86_64-linux-gnu/libexpatw.so.1.8.10		
e7c4818a5410c997	file	/usr/lib/x86_64-linux-gnu/libfontconfig.so.1.12.0		
c1e36ec95a7bf3ca	file	/usr/lib/x86_64-linux-gnu/libfreetype.so.6.18.3		
8bcfbb2ee89f01e8	file	/usr/lib/x86_64-linux-gnu/libg.a		
ed55021ec0e7e8be	file	/usr/lib/x86_64-linux-gnu/libgav1.so.1.0.0		
9cfe4cf58aaa99fb	file	/usr/lib/x86_64-linux-gnu/libgd.so.3.0.11		
96cca1d478ae9387	file	/usr/lib/x86_64-linux-gnu/libgomp.so.1.0.0		
0478105f79b2bc38	file	/usr/lib/x86_64-linux-gnu/libgprofng.so.0.0.0		
22279ce6ed61b325	file	/usr/lib/x86_64-linux-gnu/libgssapi_krb5.so.2.2		
ef14ba46d3b92c2e	file	/usr/lib/x86_64-linux-gnu/libheif.so.1.15.1		
d2e25b309f1bdbab	file	/usr/lib/x86_64-linux-gnu/libisl.so.23.2.0		
5a807b91ec3daf33	file	/usr/lib/x86_64-linux-gnu/libitm.so.1.0.0		
8634f3cb93cccf6d	file	/usr/lib/x86_64-linux-gnu/libjansson.so.4.14.0		
732ea19096d02ce7	file	/usr/lib/x86_64-linux-gnu/libjbig.so.0		
a1b61345df0c4c5a	file	/usr/lib/x86_64-linux-gnu/libjpeg.so.62.3.0		
fd2a43a29eef46a5	file	/usr/lib/x86_64-linux-gnu/libk5crypto.so.3.1		
671827339812fe61	file	/usr/lib/x86_64-linux-gnu/libkeyutils.so.1.10		
800a2ce7e9fc06f6	file	/usr/lib/x86_64-linux-gnu/libkrb5.so.3.3		
5221f911f305dfe5	file	/usr/lib/x86_64-linux-gnu/libkrb5support.so.0.1		
392ff6f93baffd7a	file	/usr/lib/x86_64-linux-gnu/liblber-2.5.so.0.1.8		
559913824052cfb6	file	/usr/lib/x86_64-linux-gnu/libldap-2.5.so.0.1.8		
c31561ce843b7d1f	file	/usr/lib/x86_64-linux-gnu/liblsan.so.0.0.0		
bfad085a5a3c6f70	file	/usr/lib/x86_64-linux-gnu/libm-2.36.a		
317b59d212b7e45e	file	/usr/lib/x86_64-linux-gnu/libm.a		
714a2ca89a56f37b	file	/usr/lib/x86_64-linux-gnu/libm.so		
72cf29bb5ddd552b	file	/usr/lib/x86_64-linux-gnu/libmcheck.a		
e2181807b700da89	file	/usr/lib/x86_64-linux-gnu/libmpc.so.3.3.1		
eb08290862c7a8c8	file	/usr/lib/x86_64-linux-gnu/libmpfr.so.6.2.0		
671367fe20f36592	file	/usr/lib/x86_64-linux-gnu/libmvec.a		
a151a9ea42a221bd	file	/usr/lib/x86_64-linux-gnu/libnghttp2.so.14.24.1		
b780ccc7bf1d3315	file	/usr/lib/x86_64-linux-gnu/libnsl.a		
7a8f089797e9c868	file	/usr/lib/x86_64-linux-gnu/libnsl.so.2.0.1		
5bb22531d7c4263c	file	/usr/lib/x86_64-linux-gnu/libnuma.so.1.0.0		
5e25861707262585	file	/usr/lib/x86_64-linux-gnu/libopcodes-2.40-system.so		
e1c53a70d6a54d8d	file	/usr/lib/x86_64-linux-gnu/libpng16.so.16.39.0		
758670f7b225c91d	file	/usr/lib/x86_64-linux-gnu/libpsl.so.5.3.4		
327ef6e6c4b50680	file	/usr/lib/x86_64-linux-gnu/libpthread.a		
92b62334d82c449b	file	/usr/lib/x86_64-linux-gnu/libpthread_nonshared.a		
9414bc2b8aa2d2d1	file	/usr/lib/x86_64-linux-gnu/libquadmath.so.0.0.0		
8bb9fbb730432600	file	/usr/lib/x86_64-linux-gnu/librav1e.so.0.5.1		
2ea6fe4e928ab7f8	file	/usr/lib/x86_64-linux-gnu/libresolv.a		
35b3a788d3510acb	file	/usr/lib/x86_64-linux-gnu/librt.a		
40142309b786d755	file	/usr/lib/x86_64-linux-gnu/librtmp.so.1		
dfa9e09957e22e94	file	/usr/lib/x86_64-linux-gnu/libsasl2.so.2.0.25		
1ed8951094026b18	file	/usr/lib/x86_64-linux-gnu/libsframe.so.0.0.0		
38cdcf5786b93a67	file	/usr/lib/x86_64-linux-gnu/libssh2.so.1.0.1		
0fd1c03a2de4e3ae	file	/usr/lib/x86_64-linux-gnu/libssl.so.3		
733a694b4e4b78b4	file	/usr/lib/x86_64-linux-gnu/libtiff.so.6.0.0		
ebf2a6057aa064b7	file	/usr/lib/x86_64-linux-gnu/libtirpc.a		
e895cceeec2b1790	file	/usr/lib/x86_64-linux-gnu/libtirpc.so.3.0.0		
77051e84659c2578	file	/usr/lib/x86_64-linux-gnu/libtsan.so.2.0.0		
64924a8031cfd3d0	file	/usr/lib/x86_64-linux-gnu/libubsan.so.1.0.0		
81590f55aac63304	file	/usr/lib/x86_64-linux-gnu/libutil.a		
87720558fd99dc34	file	/usr/lib/x86_64-linux-gnu/libwebp.so.7.1.5		
48f29731bae2bf1e	file	/usr/lib/x86_64-linux-gnu/libx265.so.199		
64cb97aba05d4dad	file	/usr/lib/x86_64-linux-gnu/libxcb.so.1.1.0		
f3456c9b17fbb34e	file	/usr/lib/x86_64-linux-gnu/libyuv.so.0.0.1857		
7ba13a6a52bc575d	file	/usr/lib/x86_64-linux-gnu/ossl-modules/legacy.so		
46e4c158623bb012	file	/usr/lib/x86_64-linux-gnu/pkgconfig/libnsl.pc		
dc5578c0360e54c0	file	/usr/lib/x86_64-linux-gnu/pkgconfig/libtirpc.pc		
89b2e09041c46138	file	/usr/lib/x86_64-linux-gnu/pkgconfig/libxcrypt.pc		
be17be607052f459	file	/usr/lib/x86_64-linux-gnu/rcrt1.o		
d4279badef1b9729	file	/usr/lib/x86_64-linux-gnu/sasl2/libanonymous.so.2.0.25		
6aaefbdb86731b66	file	/usr/lib/x86_64-linux-gnu/sasl2/libcrammd5.so.2.0.25		
839869d13e7817ad	file	/usr/lib/x86_64-linux-gnu/sasl2/libdigestmd5.so.2.0.25		
e05c220ebceebf7c	file	/usr/lib/x86_64-linux-gnu/sasl2/liblogin.so.2.0.25		
d9316050f63f412a	file	/usr/lib/x86_64-linux-gnu/sasl2/libntlm.so.2.0.25		
29d8d9fc1c62f09c	file	/usr/lib/x86_64-linux-gnu/sasl2/libplain.so.2.0.25		
d391fc9b9ff252a9	file	/usr/lib/x86_64-linux-gnu/sasl2/libsasldb.so.2.0.25		
51e1af34742fc0ba	file	/usr/lib/x86_64-linux-gnu/sasl2/libscram.so.2.0.25		
d799d2a1c7e0ba6c	file	/usr/sbin/update-ca-certificates		
c78291de3c50c114	file	/usr/sbin/uuidd		
da02879bf0938a5d	file	/usr/share/X11/XErrorDB		
4e8e23147129655d	file	/usr/share/X11/locale/C/Compose		
80ea34e1ca5adbf7	file	/usr/share/X11/locale/C/XI18N_OBJS		
d8ab29c09eff0b5d	file	/usr/share/X11/locale/C/XLC_LOCALE		
f7cc60e08cbf2521	file	/usr/share/X11/locale/am_ET.UTF-8/Compose		
0d63cc8ec2889995	file	/usr/share/X11/locale/am_ET.UTF-8/XI18N_OBJS		
94ad428064b17eb9	file	/usr/share/X11/locale/am_ET.UTF-8/XLC_LOCALE		
4ae5e9a398a87a75	file	/usr/share/X11/locale/armscii-8/Compose		
b89b087421ecc7db	file	/usr/share/X11/locale/armscii-8/XI18N_OBJS		
4bf655764e5661ef	file	/usr/share/X11/locale/armscii-8/XLC_LOCALE		
c297541f18d417f9	file	/usr/share/X11/locale/compose.dir		
efdba89c2db1a722	file	/usr/share/X11/locale/cs_CZ.UTF-8/Compose		
ba4c47c4a803a13d	file	/usr/share/X11/locale/cs_CZ.UTF-8/XI18N_OBJS		
ad15e6cba77ced93	file	/usr/share/X11/locale/cs_CZ.UTF-8/XLC_LOCALE		
0f100809234ba001	file	/usr/share/X11/locale/el_GR.UTF-8/Compose		
23627f3f8277700c	file	/usr/share/X11/locale/el_GR.UTF-8/XI18N_OBJS		
6ac9c3d338ef22e6	file	/usr/share/X11/locale/el_GR.UTF-8/XLC_LOCALE		
0e337144fb31d206	file	/usr/share/X11/locale/en_US.UTF-8/Compose		
5b5feeb5025f9a98	file	/usr/share/X11/locale/en_US.UTF-8/XI18N_OBJS		
013c430f04e561d1	file	/usr/share/X11/locale/en_US.UTF-8/XLC_LOCALE		
3c464dcf18a58a3c	file	/usr/share/X11/locale/fi_FI.UTF-8/Compose		
4801567dacbde4fd	file	/usr/share/X11/locale/fi_FI.UTF-8/XI18N_OBJS		
f69856b57e07bd3a	file	/usr/share/X11/locale/fi_FI.UTF-8/XLC_LOCALE		
faea47b11f7bf259	file	/usr/share/X11/locale/georgian-academy/Compose		
adf9151b7c6b849c	file	/usr/share/X11/locale/georgian-academy/XI18N_OBJS		
95ad64c6be21dd27	file	/usr/share/X11/locale/georgian-academy/XLC_LOCALE		
30a36735ae50e136	file	/usr/share/X11/locale/georgian-ps/Compose		
9e34040e314a9d61	file	/usr/share/X11/locale/georgian-ps/XI18N_OBJS		
21bbc2f899141e60	file	/usr/share/X11/locale/georgian-ps/XLC_LOCALE		
a931b488656d73c6	file	/usr/share/X11/locale/ibm-cp1133/Compose		
6b5a623775daab60	file	/usr/share/X11/locale/ibm-cp1133/XI18N_OBJS		
30d1a7be5a432d09	file	/usr/share/X11/locale/ibm-cp1133/XLC_LOCALE		
bfd11e2aa11f9918	file	/usr/share/X11/locale/iscii-dev/Compose		
5454e52621948318	file	/usr/share/X11/locale/iscii-dev/XI18N_OBJS		
5c96838114f53cc3	file	/usr/share/X11/locale/iscii-dev/XLC_LOCALE		
f3c3c9105b3132fd	file	/usr/share/X11/locale/isiri-3342/Compose		
2c293fac8f5a59e4	file	/usr/share/X11/locale/isiri-3342/XI18N_OBJS		
3b66d1cbb90551d2	file	/usr/share/X11/locale/isiri-3342/XLC_LOCALE		
4659bc584946bbdf	file	/usr/share/X11/locale/iso8859-1/Compose		
a4c6beb918e9854e	file	/usr/share/X11/locale/iso8859-1/XI18N_OBJS		
e26be7900f23cc90	file	/usr/share/X11/locale/iso8859-1/XLC_LOCALE		
35e39488bccd2460	file	/usr/share/X11/locale/iso8859-10/Compose		
93606cdf514e0db4	file	/usr/share/X11/locale/iso8859-10/XI18N_OBJS		
2e69a5650a68ae01	file	/usr/share/X11/locale/iso8859-10/XLC_LOCALE		
5be97cee5abb2bd3	file	/usr/share/X11/locale/iso8859-11/Compose		
ba31a31c8408fe2f	file	/usr/share/X11/locale/iso8859-11/XI18N_OBJS		
70e37cdb3bd3d2f5	file	/usr/share/X11/locale/iso8859-11/XLC_LOCALE		
db37e0cd2aa37118	file	/usr/share/X11/locale/iso8859-13/Compose		
a0e8f739177ab441	file	/usr/share/X11/locale/iso8859-13/XI18N_OBJS		
aec587233cd35b65	file	/usr/share/X11/locale/iso8859-13/XLC_LOCALE		
1a6c6fd28dab6112	file	/usr/share/X11/locale/iso8859-14/Compose		
4c761437e38794d4	file	/usr/share/X11/locale/iso8859-14/XI18N_OBJS		
c55b4d6dc6acfd1d	file	/usr/share/X11/locale/iso8859-14/XLC_LOCALE		
0486cb16959fc0cc	file	/usr/share/X11/locale/iso8859-15/Compose		
49b56e8891fb9ff3	file	/usr/share/X11/locale/iso8859-15/XI18N_OBJS		
4b5fa17442cfdd99	file	/usr/share/X11/locale/iso8859-15/XLC_LOCALE		
0c9ebdc0f1a7d338	file	/usr/share/X11/locale/iso8859-2/Compose		
addc97544b6c2eaf	file	/usr/share/X11/locale/iso8859-2/XI18N_OBJS		
4621330e086f460e	file	/usr/share/X11/locale/iso8859-2/XLC_LOCALE		
9d25e05c3b9a4ebf	file	/usr/share/X11/locale/iso8859-3/Compose		
d28aeffa902f9185	file	/usr/share/X11/locale/iso8859-3/XI18N_OBJS		
5e05052725e884c8	file	/usr/share/X11/locale/iso8859-3/XLC_LOCALE		
4db659464f8eb926	file	/usr/share/X11/locale/iso8859-4/Compose		
2663be4a759749d1	file	/usr/share/X11/locale/iso8859-4/XI18N_OBJS		
2ec7a12ae99544a8	file	/usr/share/X11/locale/iso8859-4/XLC_LOCALE		
9f25509753dade8d	file	/usr/share/X11/locale/iso8859-5/Compose		
41482f87e7a5bedc	file	/usr/share/X11/locale/iso8859-5/XI18N_OBJS		
73a7d14ab9383bde	file	/usr/share/X11/locale/iso8859-5/XLC_LOCALE		
91cae78800984e5a	file	/usr/share/X11/locale/iso8859-6/Compose		
5a7e329c86baba69	file	/usr/share/X11/locale/iso8859-6/XI18N_OBJS		
22247190ed6d046a	file	/usr/share/X11/locale/iso8859-6/XLC_LOCALE		
6d0c25739dafb9e8	file	/usr/share/X11/locale/iso8859-7/Compose		
df8701f783700d10	file	/usr/share/X11/locale/iso8859-7/XI18N_OBJS		
d9f90c6e86f65ea2	file	/usr/share/X11/locale/iso8859-7/XLC_LOCALE		
5cef5368f47fb2df	file	/usr/share/X11/locale/iso8859-8/Compose		
ee8e82420dcf77c6	file	/usr/share/X11/locale/iso8859-8/XI18N_OBJS		
b7a8988f244db24b	file	/usr/share/X11/locale/iso8859-8/XLC_LOCALE		
4287a37d658ace72	file	/usr/share/X11/locale/iso8859-9/Compose		
f158096a894d4af5	file	/usr/share/X11/locale/iso8859-9/XI18N_OBJS		
d4fbf1a3b1fef679	file	/usr/share/X11/locale/iso8859-9/XLC_LOCALE		
ce911e8edcb9577d	file	/usr/share/X11/locale/iso8859-9e/Compose		
93822d646e11da45	file	/usr/share/X11/locale/iso8859-9e/XI18N_OBJS		
98a080b1936fe205	file	/usr/share/X11/locale/iso8859-9e/XLC_LOCALE		
73d19474ee5718ef	file	/usr/share/X11/locale/ja.JIS/Compose		
fb72c2f4607e29f3	file	/usr/share/X11/locale/ja.JIS/XI18N_OBJS		
54665538105c41cd	file	/usr/share/X11/locale/ja.JIS/XLC_LOCALE		
e65ff02755720fd4	file	/usr/share/X11/locale/ja.SJIS/Compose		
0b04383ca06b6f19	file	/usr/share/X11/locale/ja.SJIS/XI18N_OBJS		
4ef966985a45d380	file	/usr/share/X11/locale/ja.SJIS/XLC_LOCALE		
41bfe171682ae950	file	/usr/share/X11/locale/ja/Compose		
8cbb89cf751ed783	file	/usr/share/X11/locale/ja/XI18N_OBJS		
c2a9d2488bfe3580	file	/usr/share/X11/locale/ja/XLC_LOCALE		
d85c0b0c19b7c070	file	/usr/share/X11/locale/ja_JP.UTF-8/Compose		
06e218d6f1e1b9d3	file	/usr/share/X11/locale/ja_JP.UTF-8/XI18N_OBJS		
716ab0967eb4dbbd	file	/usr/share/X11/locale/ja_JP.UTF-8/XLC_LOCALE		
9238639178d3410b	file	/usr/share/X11/locale/km_KH.UTF-8/Compose		
2983ccec90f8cf4c	file	/usr/share/X11/locale/km_KH.UTF-8/XI18N_OBJS		
96f8a11651f4f838	file	/usr/share/X11/locale/km_KH.UTF-8/XLC_LOCALE		
b37585237a272b82	file	/usr/share/X11/locale/ko/Compose		
fcb5d73c9cd444b3	file	/usr/share/X11/locale/ko/XI18N_OBJS		
9ad87116b17974b2	file	/usr/share/X11/locale/ko/XLC_LOCALE		
ed5d48d32d6478c2	file	/usr/share/X11/locale/ko_KR.UTF-8/Compose		
5a022a9e5f7def06	file	/usr/share/X11/locale/ko_KR.UTF-8/XI18N_OBJS		
c8302468ff888566	file	/usr/share/X11/locale/ko_KR.UTF-8/XLC_LOCALE		
d54be0ac6430ad37	file	/usr/share/X11/locale/koi8-c/Compose		
541ab9894b889ec1	file	/usr/share/X11/locale/koi8-c/XI18N_OBJS		
51dc8dbb7d5f8a2b	file	/usr/share/X11/locale/koi8-c/XLC_LOCALE		
d521140ee03cfffd	file	/usr/share/X11/locale/koi8-r/Compose		
f83eb47bbe7fa63c	file	/usr/share/X11/locale/koi8-r/XI18N_OBJS		
66db2ba898738225	file	/usr/share/X11/locale/koi8-r/XLC_LOCALE		
114ae6eb3171342a	file	/usr/share/X11/locale/koi8-u/Compose		
ae9b2dcb215f1809	file	/usr/share/X11/locale/koi8-u/XI18N_OBJS		
3d88658c0ad49052	file	/usr/share/X11/locale/koi8-u/XLC_LOCALE		
e88d29a899efe8df	file	/usr/share/X11/locale/locale.alias		
489a3c110a0e5aba	file	/usr/share/X11/locale/locale.dir		
cbb781f919f3f873	file	/usr/share/X11/locale/microsoft-cp1251/Compose		
d1e92d2a8e9d9c02	file	/usr/share/X11/locale/microsoft-cp1251/XI18N_OBJS		
d1aa1fed746d4a5e	file	/usr/share/X11/locale/microsoft-cp1251/XLC_LOCALE		
c028209d28888900	file	/usr/share/X11/locale/microsoft-cp1255/Compose		
e941aad3b7799642	file	/usr/share/X11/locale/microsoft-cp1255/XI18N_OBJS		
70a8226e606498f1	file	/usr/share/X11/locale/microsoft-cp1255/XLC_LOCALE		
9f3cfa31038b8550	file	/usr/share/X11/locale/microsoft-cp1256/Compose		
1a5006ab93b9e562	file	/usr/share/X11/locale/microsoft-cp1256/XI18N_OBJS		
f59ba671fa4546ed	file	/usr/share/X11/locale/microsoft-cp1256/XLC_LOCALE		
72a1adf3b5772881	file	/usr/share/X11/locale/mulelao-1/Compose		
f6f90f5080c75a37	file	/usr/share/X11/locale/mulelao-1/XI18N_OBJS		
543e976f0e7135f5	file	/usr/share/X11/locale/mulelao-1/XLC_LOCALE		
859779ea36a7d176	file	/usr/share/X11/locale/nokhchi-1/Compose		
be724849cdf17f5b	file	/usr/share/X11/locale/nokhchi-1/XI18N_OBJS		
32a358372e720cb6	file	/usr/share/X11/locale/nokhchi-1/XLC_LOCALE		
8256e2a688f0abdc	file	/usr/share/X11/locale/pt_BR.UTF-8/Compose		
e8e0f4b56868978c	file	/usr/share/X11/locale/pt_BR.UTF-8/XI18N_OBJS		
3127ff2e217c5435	file	/usr/share/X11/locale/pt_BR.UTF-8/XLC_LOCALE		
c93996ee1f2c3140	file	/usr/share/X11/locale/pt_PT.UTF-8/Compose		
6bc6929944488541	file	/usr/share/X11/locale/pt_PT.UTF-8/XI18N_OBJS		
b09803f570ce6b96	file	/usr/share/X11/locale/pt_PT.UTF-8/XLC_LOCALE		
70fbc847f6bb74af	file	/usr/share/X11/locale/ru_RU.UTF-8/Compose		
d680196f8a78a81f	file	/usr/share/X11/locale/ru_RU.UTF-8/XI18N_OBJS		
c9b42b051560319c	file	/usr/share/X11/locale/ru_RU.UTF-8/XLC_LOCALE		
6d416f0fc47a9df0	file	/usr/share/X11/locale/sr_RS.UTF-8/Compose		
9ee5d14dc5fa614f	file	/usr/share/X11/locale/sr_RS.UTF-8/XI18N_OBJS		
7f7b9cae37264444	file	/usr/share/X11/locale/sr_RS.UTF-8/XLC_LOCALE		
39c2c0874fc712e7	file	/usr/share/X11/locale/tatar-cyr/Compose		
dde665b0f2179faf	file	/usr/share/X11/locale/tatar-cyr/XI18N_OBJS		
4190d343cf4dccc4	file	/usr/share/X11/locale/tatar-cyr/XLC_LOCALE		
acd32b158ea73dfb	file	/usr/share/X11/locale/th_TH.UTF-8/Compose		
6a1f286f9262d588	file	/usr/share/X11/locale/th_TH.UTF-8/XI18N_OBJS		
59296405bcc02a94	file	/usr/share/X11/locale/th_TH.UTF-8/XLC_LOCALE		
4f85ced587bdfddf	file	/usr/share/X11/locale/th_TH/Compose		
4c61dcb48c3c96e4	file	/usr/share/X11/locale/th_TH/XI18N_OBJS		
9104f9e421da75aa	file	/usr/share/X11/locale/th_TH/XLC_LOCALE		
dab1b1a4d6438ab3	file	/usr/share/X11/locale/tscii-0/Compose		
9d23bb688b9b3fc3	file	/usr/share/X11/locale/tscii-0/XI18N_OBJS		
a2eff02491090955	file	/usr/share/X11/locale/tscii-0/XLC_LOCALE		
d4ec88c6dbb1f99c	file	/usr/share/X11/locale/vi_VN.tcvn/Compose		
13bbb8145598b03b	file	/usr/share/X11/locale/vi_VN.tcvn/XI18N_OBJS		
971a80e914f59c5f	file	/usr/share/X11/locale/vi_VN.tcvn/XLC_LOCALE		
c9c55fb40ffdc581	file	/usr/share/X11/locale/vi_VN.viscii/Compose		
5c079d4d44a5d734	file	/usr/share/X11/locale/vi_VN.viscii/XI18N_OBJS		
65e4cd83bdae58e2	file	/usr/share/X11/locale/vi_VN.viscii/XLC_LOCALE		
87b4f5c0fb609ab0	file	/usr/share/X11/locale/zh_CN.UTF-8/Compose		
b26807c276fd096d	file	/usr/share/X11/locale/zh_CN.UTF-8/XI18N_OBJS		
a7201921fa671be7	file	/usr/share/X11/locale/zh_CN.UTF-8/XLC_LOCALE		
e47256d559c95b9a	file	/usr/share/X11/locale/zh_CN.gb18030/Compose		
38e2fcf4e0ff84b4	file	/usr/share/X11/locale/zh_CN.gb18030/XI18N_OBJS		
a472f209bd48773f	file	/usr/share/X11/locale/zh_CN.gb18030/XLC_LOCALE		
29413ef55517f12c	file	/usr/share/X11/locale/zh_CN.gbk/Compose		
81c22a53d4ae81dd	file	/usr/share/X11/locale/zh_CN.gbk/XI18N_OBJS		
2ed09d53534fdfa3	file	/usr/share/X11/locale/zh_CN.gbk/XLC_LOCALE		
2473e6d0184c98c3	file	/usr/share/X11/locale/zh_CN/Compose		
868160e6fc74b1df	file	/usr/share/X11/locale/zh_CN/XI18N_OBJS		
87772d6d6d55d68f	file	/usr/share/X11/locale/zh_CN/XLC_LOCALE		
0aaa64fb8d338c83	file	/usr/share/X11/locale/zh_HK.UTF-8/Compose		
a4f32603b7050358	file	/usr/share/X11/locale/zh_HK.UTF-8/XI18N_OBJS		
3d87b81554abc5a2	file	/usr/share/X11/locale/zh_HK.UTF-8/XLC_LOCALE		
958a018763fde344	file	/usr/share/X11/locale/zh_HK.big5/Compose		
f6830823aa2d9b70	file	/usr/share/X11/locale/zh_HK.big5/XI18N_OBJS		
aa90eb97d971a63b	file	/usr/share/X11/locale/zh_HK.big5/XLC_LOCALE		
b37fbf525fcbd4f6	file	/usr/share/X11/locale/zh_HK.big5hkscs/Compose		
4d1c5d252a7f9846	file	/usr/share/X11/locale/zh_HK.big5hkscs/XI18N_OBJS		
bb854b17f4a66051	file	/usr/share/X11/locale/zh_HK.big5hkscs/XLC_LOCALE		
99eacb2c933c0fc3	file	/usr/share/X11/locale/zh_TW.UTF-8/Compose		
5b37d7495a96df83	file	/usr/share/X11/locale/zh_TW.UTF-8/XI18N_OBJS		
d8bc9131997f0778	file	/usr/share/X11/locale/zh_TW.UTF-8/XLC_LOCALE		
be5d2f249c58589c	file	/usr/share/X11/locale/zh_TW.big5/Compose		
37bc8ff1a4616031	file	/usr/share/X11/locale/zh_TW.big5/XI18N_OBJS		
0cf1d7dcd72d2461	file	/usr/share/X11/locale/zh_TW.big5/XLC_LOCALE		
3f4438bf486d4549	file	/usr/share/X11/locale/zh_TW/Compose		
672ff64183508d61	file	/usr/share/X11/locale/zh_TW/XI18N_OBJS		
81532f26674ea5cb	file	/usr/share/X11/locale/zh_TW/XLC_LOCALE		
f3a39209c520cad8	file	/usr/share/bash-completion/completions/uuidd		
f70faecc31461d0f	file	/usr/share/bash-completion/completions/uuidgen		
df84f3e047fe1461	file	/usr/share/bash-completion/completions/uuidparse		
13d669ac84e5eb94	file	/usr/share/bug/binutils/presubj		
6058e2a1d0af3089	file	/usr/share/ca-certificates/mozilla/ACCVRAIZ1.crt		
8a037cf25d77f5bb	file	/usr/share/ca-certificates/mozilla/AC_RAIZ_FNMT-RCM.crt		
8e4228b2cc350230	file	/usr/share/ca-certificates/mozilla/AC_RAIZ_FNMT-RCM_SERVIDORES_SEGUROS.crt		
58bfe547425aafab	file	/usr/share/ca-certificates/mozilla/ANF_Secure_Server_Root_CA.crt		
e705a7110c85f4de	file	/usr/share/ca-certificates/mozilla/Actalis_Authentication_Root_CA.crt		
2f7a738f8d385589	file	/usr/share/ca-certificates/mozilla/AffirmTrust_Commercial.crt		
9403891681b78cc1	file	/usr/share/ca-certificates/mozilla/AffirmTrust_Networking.crt		
3d6626ef7655a20a	file	/usr/share/ca-certificates/mozilla/AffirmTrust_Premium.crt		
9546d03e12eeaaae	file	/usr/share/ca-certificates/mozilla/AffirmTrust_Premium_ECC.crt		
6cb2fa3576fbd81e	file	/usr/share/ca-certificates/mozilla/Amazon_Root_CA_1.crt		
3bdb1856f145d305	file	/usr/share/ca-certificates/mozilla/Amazon_Root_CA_2.crt		
c5252c0c79450bbc	file	/usr/share/ca-certificates/mozilla/Amazon_Root_CA_3.crt		
57a628e6d1f26da3	file	/usr/share/ca-certificates/mozilla/Amazon_Root_CA_4.crt		
7ee2ca605f63b934	file	/usr/share/ca-certificates/mozilla/Atos_TrustedRoot_2011.crt		
93341d5896061d62	file	/usr/share/ca-certificates/mozilla/Autoridad_de_Certificacion_Firmaprofesional_CIF_A62634068.crt		
6f02068718a351b6	file	/usr/share/ca-certificates/mozilla/Autoridad_de_Certificacion_Firmaprofesional_CIF_A62634068_2.crt		
05c83d2d874fc174	file	/usr/share/ca-certificates/mozilla/Baltimore_CyberTrust_Root.crt		
f1d05f3fd404dd85	file	/usr/share/ca-certificates/mozilla/Buypass_Class_2_Root_CA.crt		
f2f874f7a5e86093	file	/usr/share/ca-certificates/mozilla/Buypass_Class_3_Root_CA.crt		
58bb976d43b0f45b	file	/usr/share/ca-certificates/mozilla/CA_Disig_Root_R2.crt		
9ae244c5067f2434	file	/usr/share/ca-certificates/mozilla/CFCA_EV_ROOT.crt		
a80c89761b081862	file	/usr/share/ca-certificates/mozilla/COMODO_Certification_Authority.crt		
466622207908d364	file	/usr/share/ca-certificates/mozilla/COMODO_ECC_Certification_Authority.crt		
3e3e39ab96869d17	file	/usr/share/ca-certificates/mozilla/COMODO_RSA_Certification_Authority.crt		
ece2e85b681313ab	file	/usr/share/ca-certificates/mozilla/Certainly_Root_E1.crt		
7ff283da43a28e4e	file	/usr/share/ca-certificates/mozilla/Certainly_Root_R1.crt		
ed011dde47072aa8	file	/usr/share/ca-certificates/mozilla/Certigna.crt		
53beb3dea9c7ecb3	file	/usr/share/ca-certificates/mozilla/Certigna_Root_CA.crt		
8373a66f17740f56	file	/usr/share/ca-certificates/mozilla/Certum_EC-384_CA.crt		
70dbe6e39b84496c	file	/usr/share/ca-certificates/mozilla/Certum_Trusted_Network_CA.crt		
edffd3ea5055c0c1	file	/usr/share/ca-certificates/mozilla/Certum_Trusted_Network_CA_2.crt		
0f984dcaf123bbfd	file	/usr/share/ca-certificates/mozilla/Certum_Trusted_Root_CA.crt		
105b2a13884f7076	file	/usr/share/ca-certificates/mozilla/Comodo_AAA_Services_root.crt		
b87647001d7bb324	file	/usr/share/ca-certificates/mozilla/D-TRUST_BR_Root_CA_1_2020.crt		
996a2a3ba4255a57	file	/usr/share/ca-certificates/mozilla/D-TRUST_EV_Root_CA_1_2020.crt		
0464a7e0fe8d2198	file	/usr/share/ca-certificates/mozilla/D-TRUST_Root_Class_3_CA_2_2009.crt		
8a9bf4be3216e2d0	file	/usr/share/ca-certificates/mozilla/D-TRUST_Root_Class_3_CA_2_EV_2009.crt		
4cfc9455a1e53831	file	/usr/share/ca-certificates/mozilla/DigiCert_Assured_ID_Root_CA.crt		
ab331f251464feb7	file	/usr/share/ca-certificates/mozilla/DigiCert_Assured_ID_Root_G2.crt		
02ecd62ef56e6b63	file	/usr/share/ca-certificates/mozilla/DigiCert_Assured_ID_Root_G3.crt		
d4df08d0bc37a1ed	file	/usr/share/ca-certificates/mozilla/DigiCert_Global_Root_CA.crt		
d070ec36912ea8a8	file	/usr/share/ca-certificates/mozilla/DigiCert_Global_Root_G2.crt		
c0ff53583a063798	file	/usr/share/ca-certificates/mozilla/DigiCert_Global_Root_G3.crt		
0af320061e4c30ad	file	/usr/share/ca-certificates/mozilla/DigiCert_High_Assurance_EV_Root_CA.crt		
9e0e650dda06f889	file	/usr/share/ca-certificates/mozilla/DigiCert_TLS_ECC_P384_Root_G5.crt		
0d3081c3d0bf409c	file	/usr/share/ca-certificates/mozilla/DigiCert_TLS_RSA4096_Root_G5.crt		
68afb3f70be32e6a	file	/usr/share/ca-certificates/mozilla/DigiCert_Trusted_Root_G4.crt		
1bd2c9998ef8afd3	file	/usr/share/ca-certificates/mozilla/E-Tugra_Certification_Authority.crt		
d9be894f31a5b324	file	/usr/share/ca-certificates/mozilla/E-Tugra_Global_Root_CA_ECC_v3.crt		
4b7cf6b5919724f7	file	/usr/share/ca-certificates/mozilla/E-Tugra_Global_Root_CA_RSA_v3.crt		
9fdb9530616fb01f	file	/usr/share/ca-certificates/mozilla/Entrust.net_Premium_2048_Secure_Server_CA.crt		
fb778b5cba66c873	file	/usr/share/ca-certificates/mozilla/Entrust_Root_Certification_Authority.crt		
3648433b0801204a	file	/usr/share/ca-certificates/mozilla/Entrust_Root_Certification_Authority_-_EC1.crt		
2cff6ae6ea46cde2	file	/usr/share/ca-certificates/mozilla/Entrust_Root_Certification_Authority_-_G2.crt		
e397459a25834efa	file	/usr/share/ca-certificates/mozilla/Entrust_Root_Certification_Authority_-_G4.crt		
c3ec8a9a21882750	file	/usr/share/ca-certificates/mozilla/GDCA_TrustAUTH_R5_ROOT.crt		
0d7538beb2e4c9c4	file	/usr/share/ca-certificates/mozilla/GLOBALTRUST_2020.crt		
5bf021b489c279e4	file	/usr/share/ca-certificates/mozilla/GTS_Root_R1.crt		
f7e94bd9969dff2f	file	/usr/share/ca-certificates/mozilla/GTS_Root_R2.crt		
cb5c6081c3d2bbdb	file	/usr/share/ca-certificates/mozilla/GTS_Root_R3.crt		
f6277772ff9d0c9b	file	/usr/share/ca-certificates/mozilla/GTS_Root_R4.crt		
1500a5aebce9e47e	file	/usr/share/ca-certificates/mozilla/GlobalSign_ECC_Root_CA_-_R4.crt		
64afeb60beac072a	file	/usr/share/ca-certificates/mozilla/GlobalSign_ECC_Root_CA_-_R5.crt		
b857523cb4ae3bfb	file	/usr/share/ca-certificates/mozilla/GlobalSign_Root_CA.crt		
7418bfa99f01a0d9	file	/usr/share/ca-certificates/mozilla/GlobalSign_Root_CA_-_R3.crt		
8f07f146ccd0a975	file	/usr/share/ca-certificates/mozilla/GlobalSign_Root_CA_-_R6.crt		
1bfe3acdad8fabd4	file	/usr/share/ca-certificates/mozilla/GlobalSign_Root_E46.crt		
185f1aaa8bdb9d12	file	/usr/share/ca-certificates/mozilla/GlobalSign_Root_R46.crt		
ac41911c629f9c45	file	/usr/share/ca-certificates/mozilla/Go_Daddy_Class_2_CA.crt		
44f876ca3006833f	file	/usr/share/ca-certificates/mozilla/Go_Daddy_Root_Certificate_Authority_-_G2.crt		
9e0d234c5e6e3169	file	/usr/share/ca-certificates/mozilla/HARICA_TLS_ECC_Root_CA_2021.crt		
21093166014c7f38	file	/usr/share/ca-certificates/mozilla/HARICA_TLS_RSA_Root_CA_2021.crt		
82b89fa77bb440bd	file	/usr/share/ca-certificates/mozilla/Hellenic_Academic_and_Research_Institutions_ECC_RootCA_2015.crt		
e291dc8f68c7a1f9	file	/usr/share/ca-certificates/mozilla/Hellenic_Academic_and_Research_Institutions_RootCA_2015.crt		
47bda283264c7537	file	/usr/share/ca-certificates/mozilla/HiPKI_Root_CA_-_G1.crt		
4bf941466139a870	file	/usr/share/ca-certificates/mozilla/Hongkong_Post_Root_CA_1.crt		
aa4eb94c075795db	file	/usr/share/ca-certificates/mozilla/Hongkong_Post_Root_CA_3.crt		
4fe9c9cc0c23a0b1	file	/usr/share/ca-certificates/mozilla/ISRG_Root_X1.crt		
f445ddb1a2652196	file	/usr/share/ca-certificates/mozilla/ISRG_Root_X2.crt		
a550d9d675bc0bbc	file	/usr/share/ca-certificates/mozilla/IdenTrust_Commercial_Root_CA_1.crt		
0e3e7d045899bb75	file	/usr/share/ca-certificates/mozilla/IdenTrust_Public_Sector_Root_CA_1.crt		
60be8b7059d83900	file	/usr/share/ca-certificates/mozilla/Izenpe.com.crt		
ee88a2fc8de6db43	file	/usr/share/ca-certificates/mozilla/Microsec_e-Szigno_Root_CA_2009.crt		
c63c39d8c279d726	file	/usr/share/ca-certificates/mozilla/Microsoft_ECC_Root_Certificate_Authority_2017.crt		
3b7c3ebe1404ee75	file	/usr/share/ca-certificates/mozilla/Microsoft_RSA_Root_Certificate_Authority_2017.crt		
308292a4e8127fd1	file	/usr/share/ca-certificates/mozilla/NAVER_Global_Root_Certification_Authority.crt		
c1f6d11cc1a8c918	file	/usr/share/ca-certificates/mozilla/NetLock_Arany_=Class_Gold=_Főtanúsítvány.crt		
8738e5ecf0b312dc	file	/usr/share/ca-certificates/mozilla/OISTE_WISeKey_Global_Root_GB_CA.crt		
a29781428dc61eb0	file	/usr/share/ca-certificates/mozilla/OISTE_WISeKey_Global_Root_GC_CA.crt		
f9bcffdba2e53243	file	/usr/share/ca-certificates/mozilla/QuoVadis_Root_CA_1_G3.crt		
a35ca4cdabac67eb	file	/usr/share/ca-certificates/mozilla/QuoVadis_Root_CA_2.crt		
bea416fc85f9a09c	file	/usr/share/ca-certificates/mozilla/QuoVadis_Root_CA_2_G3.crt		
d65e09438cd4c90e	file	/usr/share/ca-certificates/mozilla/QuoVadis_Root_CA_3.crt		
5f66d5a35967489d	file	/usr/share/ca-certificates/mozilla/QuoVadis_Root_CA_3_G3.crt		
3f92af78baf188ce	file	/usr/share/ca-certificates/mozilla/SSL.com_EV_Root_Certification_Authority_ECC.crt		
a13bcc0a635eebe0	file	/usr/share/ca-certificates/mozilla/SSL.com_EV_Root_Certification_Authority_RSA_R2.crt		
2cbf3e3ab7ef5065	file	/usr/share/ca-certificates/mozilla/SSL.com_Root_Certification_Authority_ECC.crt		
13a976f616cc649b	file	/usr/share/ca-certificates/mozilla/SSL.com_Root_Certification_Authority_RSA.crt		
de1eeccc22b8e26c	file	/usr/share/ca-certificates/mozilla/SZAFIR_ROOT_CA2.crt		
2feaaecbedaeeacb	file	/usr/share/ca-certificates/mozilla/Sectigo_Public_Server_Authentication_Root_E46.crt		
b4b001dca1c04dae	file	/usr/share/ca-certificates/mozilla/Sectigo_Public_Server_Authentication_Root_R46.crt		
0e40d2aedc7554e3	file	/usr/share/ca-certificates/mozilla/SecureSign_RootCA11.crt		
669d2944c4d09b59	file	/usr/share/ca-certificates/mozilla/SecureTrust_CA.crt		
843463b0e270a0a7	file	/usr/share/ca-certificates/mozilla/Secure_Global_CA.crt		
c9868fe3f8028764	file	/usr/share/ca-certificates/mozilla/Security_Communication_ECC_RootCA1.crt		
b8bb93ba42fbe12f	file	/usr/share/ca-certificates/mozilla/Security_Communication_RootCA2.crt		
ebd9db7bed76e5dc	file	/usr/share/ca-certificates/mozilla/Security_Communication_RootCA3.crt		
ee1322b9b0c93fa0	file	/usr/share/ca-certificates/mozilla/Security_Communication_Root_CA.crt		
8653a8e35792b31d	file	/usr/share/ca-certificates/mozilla/Starfield_Class_2_CA.crt		
9e7e0d77bf7eb774	file	/usr/share/ca-certificates/mozilla/Starfield_Root_Certificate_Authority_-_G2.crt		
6d1c8e6b09764f26	file	/usr/share/ca-certificates/mozilla/Starfield_Services_Root_Certificate_Authority_-_G2.crt		
7753f0f0779f8203	file	/usr/share/ca-certificates/mozilla/SwissSign_Gold_CA_-_G2.crt		
79e8dbb42f374b15	file	/usr/share/ca-certificates/mozilla/SwissSign_Silver_CA_-_G2.crt		
63528cff4e557027	file	/usr/share/ca-certificates/mozilla/T-TeleSec_GlobalRoot_Class_2.crt		
af7da6f11caded78	file	/usr/share/ca-certificates/mozilla/T-TeleSec_GlobalRoot_Class_3.crt		
195aef8a5004cb58	file	/usr/share/ca-certificates/mozilla/TUBITAK_Kamu_SM_SSL_Kok_Sertifikasi_-_Surum_1.crt		
799231a450c5948c	file	/usr/share/ca-certificates/mozilla/TWCA_Global_Root_CA.crt		
be8c12d0f3228525	file	/usr/share/ca-certificates/mozilla/TWCA_Root_Certification_Authority.crt		
da83814dc400834f	file	/usr/share/ca-certificates/mozilla/TeliaSonera_Root_CA_v1.crt		
da5a211e0983b6d6	file	/usr/share/ca-certificates/mozilla/Telia_Root_CA_v2.crt		
302b09231e33fc03	file	/usr/share/ca-certificates/mozilla/TrustCor_ECA-1.crt		
cb81e4c6f0e917db	file	/usr/share/ca-certificates/mozilla/TrustCor_RootCert_CA-1.crt		
0635abd8f08b48b1	file	/usr/share/ca-certificates/mozilla/TrustCor_RootCert_CA-2.crt		
5e217cee55a91c5d	file	/usr/share/ca-certificates/mozilla/Trustwave_Global_Certification_Authority.crt		
f0b1b4d7e73a6dc5	file	/usr/share/ca-certificates/mozilla/Trustwave_Global_ECC_P256_Certification_Authority.crt		
ea931f7e2403139e	file	/usr/share/ca-certificates/mozilla/Trustwave_Global_ECC_P384_Certification_Authority.crt		
09f2bca31b4cd672	file	/usr/share/ca-certificates/mozilla/TunTrust_Root_CA.crt		
935ce611a2d93d2e	file	/usr/share/ca-certificates/mozilla/UCA_Extended_Validation_Root.crt		
c95cc8b3f0a59ad7	file	/usr/share/ca-certificates/mozilla/UCA_Global_G2_Root.crt		
9dae57534271d59c	file	/usr/share/ca-certificates/mozilla/USERTrust_ECC_Certification_Authority.crt		
22e54f1af7ad6b2c	file	/usr/share/ca-certificates/mozilla/USERTrust_RSA_Certification_Authority.crt		
ac3df25ba4c1e3ed	file	/usr/share/ca-certificates/mozilla/XRamp_Global_CA_Root.crt		
0137d08e21d2f855	file	/usr/share/ca-certificates/mozilla/certSIGN_ROOT_CA.crt		
c368bc00ff4ab4be	file	/usr/share/ca-certificates/mozilla/certSIGN_Root_CA_G2.crt		
56d193c8d5375629	file	/usr/share/ca-certificates/mozilla/e-Szigno_Root_CA_2017.crt		
144f0583a76e7b79	file	/usr/share/ca-certificates/mozilla/ePKI_Root_Certification_Authority.crt		
68a2b4b87f32e32f	file	/usr/share/ca-certificates/mozilla/emSign_ECC_Root_CA_-_C3.crt		
b66886b722393f9e	file	/usr/share/ca-certificates/mozilla/emSign_ECC_Root_CA_-_G3.crt		
ac29c40d812517b1	file	/usr/share/ca-certificates/mozilla/emSign_Root_CA_-_C1.crt		
4dc7782418a89f93	file	/usr/share/ca-certificates/mozilla/emSign_Root_CA_-_G1.crt		
059630c564f626cc	file	/usr/share/ca-certificates/mozilla/vTrus_ECC_Root_CA.crt		
1493a54b2d21a459	file	/usr/share/ca-certificates/mozilla/vTrus_Root_CA.crt		
b174bbf47bd07fc1	file	/usr/share/doc-base/libpng16-16.libpng16		
4cf55c1e34db4569	file	/usr/share/doc/binutils-common/copyright		
08ece9159f06d11e	file	/usr/share/doc/binutils/copyright		
8410ba753c62269e	file	/usr/share/doc/ca-certificates/copyright		
2cf9460de102f2bd	file	/usr/share/doc/ca-certificates/examples/ca-certificates-local/debian/copyright		
3b923e7f65bf841a	file	/usr/share/doc/cpp/copyright		
0ed226e78630dfc1	file	/usr/share/doc/curl/copyright		
07670474d3239477	file	/usr/share/doc/fontconfig-config/copyright		
e8a9615d4d5daece	file	/usr/share/doc/fonts-dejavu-core/copyright		
ad6c0f9f3d3ebbf2	file	/usr/share/doc/krb5-locales/copyright		
bbf275ebfb7ba6fb	file	/usr/share/doc/libabsl20220623/copyright		
e016026b721846d2	file	/usr/share/doc/libaom3/copyright		
f175042a6942942a	file	/usr/share/doc/libavif15/copyright		
4396fe59aa15ca0b	file	/usr/share/doc/libbrotli1/copyright		
22b3d4c89660bbd3	file	/usr/share/doc/libbsd0/copyright		
fd3e2f4e3b904e90	file	/usr/share/doc/libc-dev-bin/copyright		
9cff10cb61438cde	file	/usr/share/doc/libc-devtools/copyright		
4e29b1c4019eaffc	file	/usr/share/doc/libc6-dev/copyright		
c09074d06e152ca6	file	/usr/share/doc/libcrypt-dev/copyright		
400d6fc807a3b82d	file	/usr/share/doc/libctf-nobfd0/copyright		
4f350508cc9a37ad	file	/usr/share/doc/libcurl4/copyright		
42d1f61efbe7b75e	file	/usr/share/doc/libdav1d6/copyright		
02bf15e34273cf32	file	/usr/share/doc/libde265-0/copyright		
5a5b08459931e8c2	file	/usr/share/doc/libdeflate0/copyright		
1b31a41137970f47	file	/usr/share/doc/libexpat1/copyright		
83f7700d057951f2	file	/usr/share/doc/libfontconfig1/copyright		
a517ec8484cdaeeb	file	/usr/share/doc/libfreetype6/copyright		
8abd928eaa25b4e2	file	/usr/share/doc/libgav1-1/copyright		
cca621470b55d995	file	/usr/share/doc/libgd3/copyright		
a77b7e9afd31981f	file	/usr/share/doc/libgssapi-krb5-2/copyright		
8938cf3a905cf8ca	file	/usr/share/doc/libheif1/copyright		
545a6aa064e03f05	file	/usr/share/doc/libisl23/copyright		
5bfa71c9a4d27370	file	/usr/share/doc/libjansson4/copyright		
86dd7faa496521a9	file	/usr/share/doc/libjbig0/copyright		
bc0ff10501229fd9	file	/usr/share/doc/libjpeg62-turbo/copyright		
eb7a5fe7c278c4dd	file	/usr/share/doc/libk5crypto3/copyright		
6cc7a157bb1905ab	file	/usr/share/doc/libkeyutils1/copyright		
8f22f4cc0c745134	file	/usr/share/doc/libkrb5-3/copyright		
775771c0dcc3a389	file	/usr/share/doc/libkrb5support0/copyright		
1cfc618bdec3f09b	file	/usr/share/doc/libldap-2.5-0/copyright		
25a2f72efaa6670c	file	/usr/share/doc/libldap-common/copyright		
c3f4d0a926127c4d	file	/usr/share/doc/liblerc4/copyright		
7902d84f7e531703	file	/usr/share/doc/libmpc3/copyright		
e098ef8aaed7bd9f	file	/usr/share/doc/libmpfr6/copyright		
2e09453d0dbab795	file	/usr/share/doc/libnghttp2-14/copyright		
4163996c9b2c082b	file	/usr/share/doc/libnsl-dev/copyright		
c59fce0438f4b577	file	/usr/share/doc/libnsl2/copyright		
35826c5d0f243555	file	/usr/share/doc/libnuma1/copyright		
4ee453966b106e9c	file	/usr/share/doc/libpng16-16/copyright		
5b4469b6a842bca1	file	/usr/share/doc/libpsl5/copyright		
2b5313b1cc1ce1d3	file	/usr/share/doc/librav1e0/copyright		
5d974f35c6524c55	file	/usr/share/doc/librtmp1/copyright		
c0f90b4d0371743b	file	/usr/share/doc/libsasl2-2/copyright		
b8bcccb662919246	file	/usr/share/doc/libsasl2-modules-db/copyright		
1a8fc589578a629e	file	/usr/share/doc/libsasl2-modules/copyright		
38a473ac9ca2e5fc	file	/usr/share/doc/libssh2-1/copyright		
4cfe213bbddf24a1	file	/usr/share/doc/libssl3/copyright		
093fffa9c89fb2be	file	/usr/share/doc/libsvtav1enc1/copyright		
af5086185fb0cd60	file	/usr/share/doc/libtiff6/copyright		
f33fc2fcd7dc507f	file	/usr/share/doc/libtirpc-common/copyright		
04b23e1f447a43c8	file	/usr/share/doc/libtirpc-dev/copyright		
0f11e32928c88c30	file	/usr/share/doc/libtirpc3/copyright		
5b10db51d1eca91c	file	/usr/share/doc/libwebp7/copyright		
525c97fffbe6d899	file	/usr/share/doc/libx11-6/copyright		
f182041db60cd303	file	/usr/share/doc/libx11-data/copyright		
7e6752000e23db3d	file	/usr/share/doc/libx265-199/copyright		
b9f9174b7b2d5cf0	file	/usr/share/doc/libxau6/copyright		
597e20cd887c2cfb	file	/usr/share/doc/libxcb1/copyright		
c910bf44a9930b66	file	/usr/share/doc/libxdmcp6/copyright		
abb1075e75f46144	file	/usr/share/doc/libxpm4/copyright		
4db3131ad18e8259	file	/usr/share/doc/libyuv0/copyright		
ef82d5c80a501dc7	file	/usr/share/doc/linux-libc-dev/copyright		
277969b3858ef052	file	/usr/share/doc/manpages/copyright		
8c5153bf71efc008	file	/usr/share/doc/openssl/copyright		
779d7388d0c50734	file	/usr/share/doc/publicsuffix/copyright		
35e72f4f6ef10b46	file	/usr/share/doc/rpcsvc-proto/copyright		
da15bfc5fb9f71b7	file	/usr/share/doc/unzip/copyright		
98d2425af5d31e41	file	/usr/share/doc/uuid-runtime/copyright		
d919b47416bea8fd	file	/usr/share/doc/zip/copyright		
040048090ce714d3	file	/usr/share/fontconfig/conf.avail/05-reset-dirs-sample.conf		
ed287710ce6e693c	file	/usr/share/fontconfig/conf.avail/09-autohint-if-no-hinting.conf		
8a3cef01d87f4a1c	file	/usr/share/fontconfig/conf.avail/10-autohint.conf		
7aa419d8d1e69cf3	file	/usr/share/fontconfig/conf.avail/10-hinting-full.conf		
1208fdd9613a3ce2	file	/usr/share/fontconfig/conf.avail/10-hinting-medium.conf		
8b1b92101efa5fc5	file	/usr/share/fontconfig/conf.avail/10-hinting-none.conf		
31cb099f55532769	file	/usr/share/fontconfig/conf.avail/10-hinting-slight.conf		
c53f524a3f502cfd	file	/usr/share/fontconfig/conf.avail/10-no-antialias.conf		
4849042e45cc4bde	file	/usr/share/fontconfig/conf.avail/10-no-sub-pixel.conf		
8eeab01825d477e5	file	/usr/share/fontconfig/conf.avail/10-scale-bitmap-fonts.conf		
8eeb7b03d31c2e48	file	/usr/share/fontconfig/conf.avail/10-sub-pixel-bgr.conf		
017de53d98e4fd7c	file	/usr/share/fontconfig/conf.avail/10-sub-pixel-rgb.conf		
b653ba09461382c2	file	/usr/share/fontconfig/conf.avail/10-sub-pixel-vbgr.conf		
c2c4e4a22330345e	file	/usr/share/fontconfig/conf.avail/10-sub-pixel-vrgb.conf		
a77bf2369ae1d61e	file	/usr/share/fontconfig/conf.avail/10-unhinted.conf		
c28ef7adcee2cbbe	file	/usr/share/fontconfig/conf.avail/10-yes-antialias.conf		
e9f359a3ffc059d9	file	/usr/share/fontconfig/conf.avail/11-lcdfilter-default.conf		
8c3d5d6bd36442c8	file	/usr/share/fontconfig/conf.avail/11-lcdfilter-legacy.conf		
602c74218e94e490	file	/usr/share/fontconfig/conf.avail/11-lcdfilter-light.conf		
e2eb71ef7005ab5e	file	/usr/share/fontconfig/conf.avail/20-unhint-small-vera.conf		
bdd706d494a345ea	file	/usr/share/fontconfig/conf.avail/25-unhint-nonlatin.conf		
cb1393b1fd6a6b92	file	/usr/share/fontconfig/conf.avail/30-metric-aliases.conf		
b18ce2b2e486f59f	file	/usr/share/fontconfig/conf.avail/35-lang-normalize.conf		
67b251e387f42cdd	file	/usr/share/fontconfig/conf.avail/40-nonlatin.conf		
e03b15c4418e3827	file	/usr/share/fontconfig/conf.avail/45-generic.conf		
ba2c3118feec0513	file	/usr/share/fontconfig/conf.avail/45-latin.conf		
d327ef467b71eb95	file	/usr/share/fontconfig/conf.avail/48-spacing.conf		
0d3a41942904a543	file	/usr/share/fontconfig/conf.avail/49-sansserif.conf		
a08315a72c68f68f	file	/usr/share/fontconfig/conf.avail/50-user.conf		
783415c15ea81719	file	/usr/share/fontconfig/conf.avail/51-local.conf		
8e71f430dbc2474a	file	/usr/share/fontconfig/conf.avail/60-generic.conf		
37b03e1a81989670	file	/usr/share/fontconfig/conf.avail/60-latin.conf		
f95b09962c1329aa	file	/usr/share/fontconfig/conf.avail/65-fonts-persian.conf		
b9a72591d32d57ec	file	/usr/share/fontconfig/conf.avail/65-khmer.conf		
cab315a96f1a0d22	file	/usr/share/fontconfig/conf.avail/65-nonlatin.conf		
2e1ddae4faf8175a	file	/usr/share/fontconfig/conf.avail/69-unifont.conf		
4bf4243e511b0fa8	file	/usr/share/fontconfig/conf.avail/70-force-bitmaps.conf		
d8a1b73f5939fc27	file	/usr/share/fontconfig/conf.avail/70-no-bitmaps.conf		
304bf3fce8318be2	file	/usr/share/fontconfig/conf.avail/70-yes-bitmaps.conf		
23faca7a03afbaaa	file	/usr/share/fontconfig/conf.avail/80-delicious.conf		
563b07434b0b515b	file	/usr/share/fontconfig/conf.avail/90-synthetic.conf		
0379c0a118bd84cf	file	/usr/share/fonts/truetype/dejavu/DejaVuSans-Bold.ttf		
5b28f828d280d69d	file	/usr/share/fonts/truetype/dejavu/DejaVuSans.ttf		
a478824119f29b11	file	/usr/share/fonts/truetype/dejavu/DejaVuSansMono-Bold.ttf		
1ce1120255a005b6	file	/usr/share/fonts/truetype/dejavu/DejaVuSansMono.ttf		
e65577b9c0710dd0	file	/usr/share/fonts/truetype/dejavu/DejaVuSerif-Bold.ttf		
0d6a733b7e6fe3b2	file	/usr/share/fonts/truetype/dejavu/DejaVuSerif.ttf		
6797be75a3b0b918	file	/usr/share/gdb/auto-load/lib/x86_64-linux-gnu/libc.so.6-gdb.py		
a8fec6f08a5ebf7f	file	/usr/share/gdb/auto-load/usr/lib/x86_64-linux-gnu/libisl.so.23.2.0-gdb.py		
dab3cf2d3ac7e1ef	file	/usr/share/publicsuffix/public_suffix_list.dafsa		
cfc5e73ed946383f	file	/usr/share/publicsuffix/public_suffix_list.dat		
04de4056f28b745a	file	/usr/share/xml/fontconfig/fonts.dtd		
89c6326669754f50	file	/usr/share/zsh/vendor-completions/_curl		
5c55e888ae993dbd	file	/var/lib/dpkg/info/binutils-common:amd64.conffiles		
7073ddb5c4a2e088	file	/var/lib/dpkg/info/binutils-common:amd64.md5sums		
3f208de91570cdb4	file	/var/lib/dpkg/info/binutils-x86-64-linux-gnu.list		
a49272ecbd658f19	file	/var/lib/dpkg/info/binutils-x86-64-linux-gnu.md5sums		
09dd56d312ea10bd	file	/var/lib/dpkg/info/binutils.list		
8079bbae830a9646	file	/var/lib/dpkg/info/binutils.md5sums		
6ef80eefaa73284a	file	/var/lib/dpkg/info/ca-certificates.config		
909af9205abf19f1	file	/var/lib/dpkg/info/ca-certificates.list		
689ea91eebc6fc63	file	/var/lib/dpkg/info/ca-certificates.md5sums		
9a1201e94cc8f85a	file	/var/lib/dpkg/info/ca-certificates.postinst		
9e6e81e21997de9f	file	/var/lib/dpkg/info/ca-certificates.postrm		
ee8601419566a64b	file	/var/lib/dpkg/info/ca-certificates.templates		
a695e322b6a31592	file	/var/lib/dpkg/info/ca-certificates.triggers		
c3c0c6a8a3f131e6	file	/var/lib/dpkg/info/cpp-12.list		
6cb180a3c7cb7d6c	file	/var/lib/dpkg/info/cpp-12.md5sums		
9aadfe0c98e8d218	file	/var/lib/dpkg/info/cpp.list		
c2c08f05af1323df	file	/var/lib/dpkg/info/cpp.md5sums		
50325221db6955a8	file	/var/lib/dpkg/info/cpp.postinst		
130ef1ec9ef17ee2	file	/var/lib/dpkg/info/cpp.prerm		
48ef187f494ecb05	file	/var/lib/dpkg/info/curl.list		
4e87bc2fabdc7bf1	file	/var/lib/dpkg/info/curl.md5sums		
af23169b424db69d	file	/var/lib/dpkg/info/fontconfig-config.conffiles		
dd33db2c01d533d3	file	/var/lib/dpkg/info/fontconfig-config.config		
1371c90db7f3a06c	file	/var/lib/dpkg/info/fontconfig-config.list		
5b45ed3decdfbeff	file	/var/lib/dpkg/info/fontconfig-config.md5sums		
439ebaa8a2d6e3b7	file	/var/lib/dpkg/info/fontconfig-config.postinst		
14887b368810fc42	file	/var/lib/dpkg/info/fontconfig-config.postrm		
050b428fbde86861	file	/var/lib/dpkg/info/fontconfig-config.preinst		
53325e91158e49c1	file	/var/lib/dpkg/info/fontconfig-config.prerm		
19b2ba9628eea5b8	file	/var/lib/dpkg/info/fontconfig-config.templates		
6019c53f0e4922aa	file	/var/lib/dpkg/info/fonts-dejavu-core.conffiles		
e0b678cf523ab10a	file	/var/lib/dpkg/info/fonts-dejavu-core.list		
026dcbb29add2af1	file	/var/lib/dpkg/info/fonts-dejavu-core.md5sums		
db3a0779f18d45d9	file	/var/lib/dpkg/info/g++-12.list		
2fb22bde45e31732	file	/var/lib/dpkg/info/g++-12.md5sums		
7220bc7c0759341b	file	/var/lib/dpkg/info/g++.list		
d62e3509222e5458	file	/var/lib/dpkg/info/g++.md5sums		
32247c133cea87ec	file	/var/lib/dpkg/info/g++.postinst		
a40dedca3012c271	file	/var/lib/dpkg/info/g++.prerm		
75a30c841fa65d12	file	/var/lib/dpkg/info/gcc-12.list		
db587a3393da62e9	file	/var/lib/dpkg/info/gcc-12.md5sums		
209c1f03dedbabf9	file	/var/lib/dpkg/info/gcc.list		
2e2c0ac20c45ba32	file	/var/lib/dpkg/info/gcc.md5sums		
89263164937118e5	file	/var/lib/dpkg/info/gcc.postinst		
0049fdf24c7d972a	file	/var/lib/dpkg/info/gcc.prerm		
7366cdb71e41dcab	file	/var/lib/dpkg/info/krb5-locales.list		
0e7f74641e6a9922	file	/var/lib/dpkg/info/krb5-locales.md5sums		
8400c3c1be3c573e	file	/var/lib/dpkg/info/libabsl20220623:amd64.md5sums		
b01b09f565e41de3	file	/var/lib/dpkg/info/libaom3:amd64.md5sums		
53893afa4f251263	file	/var/lib/dpkg/info/libasan8:amd64.md5sums		
03b07f2f3c91f689	file	/var/lib/dpkg/info/libatomic1:amd64.md5sums		
a6a577aac32d0a2a	file	/var/lib/dpkg/info/libavif15:amd64.md5sums		
832d830671df1bdd	file	/var/lib/dpkg/info/libbinutils:amd64.md5sums		
7c60fbadd847f46a	file	/var/lib/dpkg/info/libbrotli1:amd64.md5sums		
a7cf91e53eb0fb46	file	/var/lib/dpkg/info/libbsd0:amd64.md5sums		
611d4577d1c19048	file	/var/lib/dpkg/info/libc-dev-bin.list		
ff153d75dabfdae6	file	/var/lib/dpkg/info/libc-dev-bin.md5sums		
65b723d845cc5966	file	/var/lib/dpkg/info/libc-devtools.list		
c9f5bfc5750b4c48	file	/var/lib/dpkg/info/libc-devtools.md5sums		
caa1479dd6a66349	file	/var/lib/dpkg/info/libc6-dev:amd64.md5sums		
de49d0c429e97196	file	/var/lib/dpkg/info/libcc1-0:amd64.md5sums		
5434607e28d0ab58	file	/var/lib/dpkg/info/libcrypt-dev:amd64.md5sums		
ab36635b7b1f7ed6	file	/var/lib/dpkg/info/libctf-nobfd0:amd64.md5sums		
88f1f2efe85575df	file	/var/lib/dpkg/info/libctf0:amd64.md5sums		
064387a86c44ce32	file	/var/lib/dpkg/info/libcurl4:amd64.md5sums		
4556d868e40c23fe	file	/var/lib/dpkg/info/libdav1d6:amd64.md5sums		
d1530db0dabf6855	file	/var/lib/dpkg/info/libde265-0:amd64.md5sums		
5cd3a7b108f2222c	file	/var/lib/dpkg/info/libdeflate0:amd64.md5sums		
f0b5700438ab0597	file	/var/lib/dpkg/info/libexpat1:amd64.md5sums		
b110addcf2632c3e	file	/var/lib/dpkg/info/libfontconfig1:amd64.md5sums		
60a6cfa2712adf14	file	/var/lib/dpkg/info/libfreetype6:amd64.md5sums		
e5dfb7c25ba69682	file	/var/lib/dpkg/info/libgav1-1:amd64.md5sums		
3a1b1bd408b1fc67	file	/var/lib/dpkg/info/libgcc-12-dev:amd64.md5sums		
c714040573882629	file	/var/lib/dpkg/info/libgd3:amd64.md5sums		
5fcfcd36ad0c12b7	file	/var/lib/dpkg/info/libgomp1:amd64.md5sums		
c4e52077b76d388a	file	/var/lib/dpkg/info/libgprofng0:amd64.md5sums		
81b69cf96fd8a618	file	/var/lib/dpkg/info/libgssapi-krb5-2:amd64.md5sums		
79c11df8f5e252b5	file	/var/lib/dpkg/info/libheif1:amd64.md5sums		
12b5005527646b9d	file	/var/lib/dpkg/info/libisl23:amd64.md5sums		
cb77e8f76a8674cd	file	/var/lib/dpkg/info/libitm1:amd64.md5sums		
1730cfe531ca510b	file	/var/lib/dpkg/info/libjansson4:amd64.md5sums		
4ec49a6749b54830	file	/var/lib/dpkg/info/libjbig0:amd64.md5sums		
bb8980a0c7215125	file	/var/lib/dpkg/info/libjpeg62-turbo:amd64.md5sums		
185033920429acaf	file	/var/lib/dpkg/info/libk5crypto3:amd64.md5sums		
d69225065db49529	file	/var/lib/dpkg/info/libkeyutils1:amd64.md5sums		
f126016d0d8ecf6e	file	/var/lib/dpkg/info/libkrb5-3:amd64.md5sums		
2cdd1648c64d919e	file	/var/lib/dpkg/info/libkrb5support0:amd64.md5sums		
0865a67b404646ac	file	/var/lib/dpkg/info/libldap-2.5-0:amd64.md5sums		
49473f72efe4f71f	file	/var/lib/dpkg/info/libldap-common.conffiles		
8a1f26bc614faa4f	file	/var/lib/dpkg/info/libldap-common.list		
db1c829c09b8fd14	file	/var/lib/dpkg/info/libldap-common.md5sums		
8fe6faea66021082	file	/var/lib/dpkg/info/liblerc4:amd64.md5sums		
15af6e9dbabf22a0	file	/var/lib/dpkg/info/liblsan0:amd64.md5sums		
26eaa2ad25ae6806	file	/var/lib/dpkg/info/libmpc3:amd64.md5sums		
ba871adfa3d7b7f7	file	/var/lib/dpkg/info/libmpfr6:amd64.md5sums		
0d1e5651009b2f65	file	/var/lib/dpkg/info/libnghttp2-14:amd64.md5sums		
fa5c3b17615d06ed	file	/var/lib/dpkg/info/libnsl-dev:amd64.md5sums		
5776f43f3e29f8c1	file	/var/lib/dpkg/info/libnsl2:amd64.md5sums		
6126495209cd5ca6	file	/var/lib/dpkg/info/libnuma1:amd64.md5sums		
2568e438ccad167d	file	/var/lib/dpkg/info/libpng16-16:amd64.md5sums		
2c8d3c0ddbd69f5e	file	/var/lib/dpkg/info/libpsl5:amd64.md5sums		
eb20a8d0824b974b	file	/var/lib/dpkg/info/libquadmath0:amd64.md5sums		
c7cb8e1d8e9d534b	file	/var/lib/dpkg/info/librav1e0:amd64.md5sums		
95fd2ae7ae40c583	file	/var/lib/dpkg/info/librtmp1:amd64.md5sums		
90e6a6b32c951115	file	/var/lib/dpkg/info/libsasl2-2:amd64.md5sums		
8fc4a07c565c3293	file	/var/lib/dpkg/info/libsasl2-modules-db:amd64.md5sums		
99985ec1f8f2b92c	file	/var/lib/dpkg/info/libsasl2-modules:amd64.md5sums		
0388b34f8f90d51c	file	/var/lib/dpkg/info/libssh2-1:amd64.md5sums		
606aeaf5cc3121d8	file	/var/lib/dpkg/info/libssl3:amd64.md5sums		
cff536990103715b	file	/var/lib/dpkg/info/libstdc++-12-dev:amd64.md5sums		
3f853ab858d67925	file	/var/lib/dpkg/info/libsvtav1enc1:amd64.md5sums		
0df6497fa0c6d2f4	file	/var/lib/dpkg/info/libtiff6:amd64.md5sums		
c3afb09424983439	file	/var/lib/dpkg/info/libtirpc-common.conffiles		
0c1bd51c6fe8cfc9	file	/var/lib/dpkg/info/libtirpc-common.list		
60bab546d2ffc6df	file	/var/lib/dpkg/info/libtirpc-common.md5sums		
5f0ea2f4269dda60	file	/var/lib/dpkg/info/libtirpc-dev:amd64.md5sums		
3f8343f58758af3e	file	/var/lib/dpkg/info/libtirpc3:amd64.md5sums		
51a569ae645d15e4	file	/var/lib/dpkg/info/libtsan2:amd64.md5sums		
ee87caa9e454bc74	file	/var/lib/dpkg/info/libubsan1:amd64.md5sums		
64b9e0136eb28ae5	file	/var/lib/dpkg/info/libwebp7:amd64.md5sums		
25736067bc221efe	file	/var/lib/dpkg/info/libx11-6:amd64.md5sums		
bd09fb9a21d8d5c7	file	/var/lib/dpkg/info/libx11-data.list		
e40364c275394703	file	/var/lib/dpkg/info/libx11-data.md5sums		
4e9bf960758c1d14	file	/var/lib/dpkg/info/libx265-199:amd64.md5sums		
fa50b1f90d5a6ee0	file	/var/lib/dpkg/info/libxau6:amd64.md5sums		
f7574b612727025a	file	/var/lib/dpkg/info/libxcb1:amd64.md5sums		
2437092cf6d2a89b	file	/var/lib/dpkg/info/libxdmcp6:amd64.md5sums		
0ef0370f7b998ac2	file	/var/lib/dpkg/info/libxpm4:amd64.md5sums		
2bca9ee10b03ab35	file	/var/lib/dpkg/info/libyuv0:amd64.md5sums		
21d5cb3c090492f1	file	/var/lib/dpkg/info/linux-libc-dev:amd64.md5sums		
d5fe46ad93209a0b	file	/var/lib/dpkg/info/manpages-dev.list		
b0ef0ae05e85b966	file	/var/lib/dpkg/info/manpages-dev.md5sums		
fb729aa90ac718e3	file	/var/lib/dpkg/info/manpages.list		
204617d7cba3408d	file	/var/lib/dpkg/info/manpages.md5sums		
b44b6c66726df941	file	/var/lib/dpkg/info/openssl.conffiles		
5cff3fb86c77d61a	file	/var/lib/dpkg/info/openssl.list		
28d98ff2edf59d76	file	/var/lib/dpkg/info/openssl.md5sums		
ac745eb5d3c36d52	file	/var/lib/dpkg/info/openssl.postinst		
38fd54a59b77b733	file	/var/lib/dpkg/info/publicsuffix.list		
780acd1177e3fa3c	file	/var/lib/dpkg/info/publicsuffix.md5sums		
cbfa52c3d4f5c8ef	file	/var/lib/dpkg/info/rpcsvc-proto.list		
5a17c71ba05dd03f	file	/var/lib/dpkg/info/rpcsvc-proto.md5sums		
521456b166b216cb	file	/var/lib/dpkg/info/unzip.list		
50cc823c1966fea2	file	/var/lib/dpkg/info/unzip.md5sums		
de355447f5760a9e	file	/var/lib/dpkg/info/unzip.postinst		
ed98d8a5218d69df	file	/var/lib/dpkg/info/unzip.postrm		
f19383065bcd879d	file	/var/lib/dpkg/info/uuid-runtime.conffiles		
7eead3249c638297	file	/var/lib/dpkg/info/uuid-runtime.list		
70105071bcb11cb9	file	/var/lib/dpkg/info/uuid-runtime.md5sums		
1b7d01167582e801	file	/var/lib/dpkg/info/uuid-runtime.postinst		
ab3caedbfa99f3ff	file	/var/lib/dpkg/info/uuid-runtime.postrm		
84896e8105bc9a37	file	/var/lib/dpkg/info/uuid-runtime.preinst		
55fc2428fda9972c	file	/var/lib/dpkg/info/uuid-runtime.prerm		
4bc6933998a7917c	file	/var/lib/dpkg/info/zip.list		
78aacdc4d67e7314	file	/var/lib/dpkg/info/zip.md5sums		
9167a834c26bd3f0	file	/var/lib/dpkg/status		
d7b192e212008e7c	file	/api/package.json		
8c8cfb93678a7688	file	/api/node_modules/@acpr/rate-limit-postgresql/node_modules/pg/package.json		
2ddc59faee4cc475	file	/api/node_modules/@acpr/rate-limit-postgresql/package.json		
003e3a2651611d5b	file	/api/node_modules/@coolaj86/urequest/package.json		
8c26b856ac8a3092	file	/api/node_modules/@types/body-parser/package.json		
fb0c4c63432e12ef	file	/api/node_modules/@types/connect-timeout/package.json		
07e246f0cefc6b4d	file	/api/node_modules/@types/connect/package.json		
1d9d418581d1e052	file	/api/node_modules/@types/express-serve-static-core/package.json		
920e9802fe3a5b77	file	/api/node_modules/@types/express/package.json		
a5a16650866a3714	file	/api/node_modules/@types/http-errors/package.json		
0afd2f8f4f35c9d3	file	/api/node_modules/@types/mime/package.json		
ddb16b3045e93d3a	file	/api/node_modules/@types/node/package.json		
d5cfbac58295975e	file	/api/node_modules/@types/pg-cursor/package.json		
0cc920540359ef42	file	/api/node_modules/@types/pg-pool/package.json		
0ccaf5b27bfd7c81	file	/api/node_modules/@types/pg/package.json		
74030142a2ddaa4a	file	/api/node_modules/@types/qs/package.json		
486b33b2b67ad965	file	/api/node_modules/@types/range-parser/package.json		
2eee92b32cf21eea	file	/api/node_modules/@types/send/package.json		
3ef33b4dedd15407	file	/api/node_modules/@types/serve-static/node_modules/@types/send/package.json		
f2197f2f57ea033e	file	/api/node_modules/@types/serve-static/package.json		
d90a56797d7b6280	file	/api/node_modules/accepts/node_modules/negotiator/package.json		
b3b6fe0b004be494	file	/api/node_modules/accepts/package.json		
4093d6c71fd71803	file	/api/node_modules/ansi-styles/package.json		
dac3eaa270a9690c	file	/api/node_modules/array-flatten/package.json		
ea345ff542c5f841	file	/api/node_modules/assert-options/package.json		
cc74279e3912af4a	file	/api/node_modules/autodetect-decoder-stream/package.json		
9f2331250f7575ac	file	/api/node_modules/bl/package.json		
9c549a1d3c53e038	file	/api/node_modules/body-parser/node_modules/iconv-lite/package.json		
20ae05e88d998666	file	/api/node_modules/body-parser/package.json		
0f3e78aa4c3b430f	file	/api/node_modules/bson/browser_build/package.json		
f895d620f4a364e0	file	/api/node_modules/bson/package.json		
baaf87a512f0f406	file	/api/node_modules/buffer-alloc-unsafe/package.json		
ef759b10eab710fe	file	/api/node_modules/buffer-alloc/package.json		
9084b2be14973c6c	file	/api/node_modules/buffer-fill/package.json		
a3b321d3a582e1f7	file	/api/node_modules/buffer-writer/package.json		
3686843c7b37daf4	file	/api/node_modules/bytes/package.json		
cde522bcf9c8c6a3	file	/api/node_modules/call-bind-apply-helpers/package.json		
a14766f00caefc2f	file	/api/node_modules/call-bound/package.json		
8ef5aff283ff93d4	file	/api/node_modules/chalk/package.json		
6e3c1015f69f2db6	file	/api/node_modules/color-convert/package.json		
42ce50ba0eb9b47e	file	/api/node_modules/color-name/package.json		
d68a7826d74275b5	file	/api/node_modules/compressible/package.json		
c06e58e9ae1b518f	file	/api/node_modules/compression/package.json		
19adcebf25c0bc69	file	/api/node_modules/connect-timeout/node_modules/depd/package.json		
bbebdf1981c0989f	file	/api/node_modules/connect-timeout/node_modules/http-errors/package.json		
d341908cb0efe683	file	/api/node_modules/connect-timeout/node_modules/inherits/package.json		
7c5186069c918756	file	/api/node_modules/connect-timeout/node_modules/on-finished/package.json		
a292e949854ae4d3	file	/api/node_modules/connect-timeout/node_modules/setprototypeof/package.json		
67c4186cb4a0da47	file	/api/node_modules/connect-timeout/node_modules/statuses/package.json		
848272e49c8b81ab	file	/api/node_modules/connect-timeout/package.json		
bbc02d4d986d9e31	file	/api/node_modules/console-stamp/package.json		
7ad5e0ef319ee88a	file	/api/node_modules/content-disposition/package.json		
e58d17d49a05fb11	file	/api/node_modules/content-type/package.json		
bd0a2a507504f2ba	file	/api/node_modules/cookie-signature/package.json		
178d386699a0c0cd	file	/api/node_modules/cookie/package.json		
2a0e7d4be015149c	file	/api/node_modules/core-util-is/package.json		
e8ee85c8cb6574c6	file	/api/node_modules/cors/package.json		
a4fbb18358098a15	file	/api/node_modules/csv-parser/package.json		
e6e7ab463da11eef	file	/api/node_modules/csv-reader/package.json		
d96210e6a7f995fe	file	/api/node_modules/csv-stringify/package.json		
95bd29dde0a6ff4c	file	/api/node_modules/dateformat/package.json		
476e9e37d89b010b	file	/api/node_modules/debug/package.json		
cf36b849cdebdbc7	file	/api/node_modules/denque/package.json		
9714239f4621fc17	file	/api/node_modules/depd/package.json		
ebb7bd7b64d173f3	file	/api/node_modules/destroy/package.json		
9c8fc77b13e5932e	file	/api/node_modules/dunder-proto/package.json		
ee46e912de3e37f6	file	/api/node_modules/ee-first/package.json		
321f311f1447aeeb	file	/api/node_modules/encodeurl/package.json		
15c5bd82ea534bb8	file	/api/node_modules/es-define-property/package.json		
5797eb702119fff9	file	/api/node_modules/es-errors/package.json		
81c12c1894df8ad0	file	/api/node_modules/es-object-atoms/package.json		
60c438864c59e6c8	file	/api/node_modules/escape-html/package.json		
e70bbfa963521e68	file	/api/node_modules/etag/package.json		
4e1ce6a0c32c2077	file	/api/node_modules/express-mongo-sanitize/package.json		
331496fdc3f9eed4	file	/api/node_modules/express-rate-limit/package.json		
0b20a9048db6a894	file	/api/node_modules/express-slow-down/package.json		
be469a2ffeeeb52b	file	/api/node_modules/express/package.json		
13f76a2645ffac82	file	/api/node_modules/finalhandler/package.json		
8149af3c4e02f0f7	file	/api/node_modules/forwarded/package.json		
dbc6d1c650f8015b	file	/api/node_modules/fresh/package.json		
8c936661e4643216	file	/api/node_modules/function-bind/package.json		
49c5748e76c42b71	file	/api/node_modules/generic-pool/package.json		
90ef6240d956d7f5	file	/api/node_modules/get-intrinsic/package.json		
660e109aed8dca34	file	/api/node_modules/get-proto/package.json		
ac6d7b8c5007f37c	file	/api/node_modules/github-webhook-middleware/package.json		
6bfebbbda922b36e	file	/api/node_modules/gopd/package.json		
567e62b1a20d4be5	file	/api/node_modules/has-flag/package.json		
28eecefd7ebb9093	file	/api/node_modules/has-symbols/package.json		
9373a61bd6cf14a3	file	/api/node_modules/hasown/package.json		
e897556c2bcaa597	file	/api/node_modules/http-errors/package.json		
35b9d0468f9cf540	file	/api/node_modules/iconv-lite/package.json		
4f4ae2d6f8ed34b7	file	/api/node_modules/inherits/package.json		
bd168d8c2e1b86b4	file	/api/node_modules/ipaddr.js/package.json		
802159945b25123d	file	/api/node_modules/isarray/package.json		
2c9930eca1b05627	file	/api/node_modules/jschardet/package.json		
1b5b1d739130d99f	file	/api/node_modules/math-intrinsics/package.json		
22d03497eb887b9b	file	/api/node_modules/media-typer/package.json		
dbb0884242aa262b	file	/api/node_modules/memory-pager/package.json		
e6f256395ee0db05	file	/api/node_modules/merge-descriptors/package.json		
412205055effe2f9	file	/api/node_modules/methods/package.json		
12ce3e9826d2c22b	file	/api/node_modules/mime-db/package.json		
4453f55b812a767f	file	/api/node_modules/mime-types/node_modules/mime-db/package.json		
c76ac9c88bcf995c	file	/api/node_modules/mime-types/package.json		
49b8c1900e67e711	file	/api/node_modules/mime/package.json		
a6fe542301fb5f30	file	/api/node_modules/moment-timezone/package.json		
b6614de8be09320a	file	/api/node_modules/moment/package.json		
ebb9dff2b7b05572	file	/api/node_modules/mongo-sanitize/package.json		
06d6ca496be5d48d	file	/api/node_modules/mongodb/package.json		
468331bb4c8937ea	file	/api/node_modules/ms/package.json		
d598cbf12f68f2ba	file	/api/node_modules/negotiator/package.json		
bc1e84ed4dbbc496	file	/api/node_modules/nodemailer/package.json		
b1bc5e0901ddeeb4	file	/api/node_modules/object-assign/package.json		
9fe5218121b4bf91	file	/api/node_modules/object-inspect/package.json		
a3bcde557e06566d	file	/api/node_modules/on-finished/package.json		
60dca031be0cc334	file	/api/node_modules/on-headers/package.json		
6cd85d0561083c87	file	/api/node_modules/optional-require/package.json		
3ade2e5480f17144	file	/api/node_modules/packet-reader/package.json		
0265c1ae862106dd	file	/api/node_modules/parseurl/package.json		
0a911eeb0a18eae3	file	/api/node_modules/path-to-regexp/package.json		
6e3366521c87d540	file	/api/node_modules/pg-cloudflare/package.json		
5cc0646ddd88d26e	file	/api/node_modules/pg-connection-string/package.json		
274c3c09c38d2211	file	/api/node_modules/pg-cursor/package.json		
101e13e429d6a860	file	/api/node_modules/pg-int8/package.json		
5951da31c7cfd585	file	/api/node_modules/pg-minify/package.json		
0037bcf7046511dc	file	/api/node_modules/pg-pool/package.json		
3b73bd6f5c9ed6f2	file	/api/node_modules/pg-promise/node_modules/pg-pool/package.json		
0de6084c88e7f526	file	/api/node_modules/pg-promise/node_modules/pg/package.json		
158b0636604b691c	file	/api/node_modules/pg-promise/package.json		
8aa66da40b5efaba	file	/api/node_modules/pg-protocol/package.json		
b70fdbc10087e56e	file	/api/node_modules/pg-query-stream/package.json		
81aca36c68f5016b	file	/api/node_modules/pg-types/package.json		
e3aedd0bad5ca59f	file	/api/node_modules/pg/node_modules/pg-pool/package.json		
9e63bc639e79a4ab	file	/api/node_modules/pg/package.json		
b1cf99a4801917a9	file	/api/node_modules/pgpass/package.json		
5b3cc761051e008d	file	/api/node_modules/postgres-array/package.json		
9ae050778155efa2	file	/api/node_modules/postgres-bytea/package.json		
d996d528da529ca1	file	/api/node_modules/postgres-date/package.json		
0a054a8ea9f91758	file	/api/node_modules/postgres-interval/package.json		
0f3d62510033bc1c	file	/api/node_modules/postgres-migrations/package.json		
949964817c80533e	file	/api/node_modules/process-nextick-args/package.json		
e5bf4848ba55ba33	file	/api/node_modules/proxy-addr/package.json		
cde434f805284593	file	/api/node_modules/qs/package.json		
b997fba3f23f1519	file	/api/node_modules/range-parser/package.json		
1adf9e0306377fec	file	/api/node_modules/raw-body/node_modules/iconv-lite/package.json		
e75b8b40b21ff3ca	file	/api/node_modules/raw-body/package.json		
f661ca4ed8a7c1a5	file	/api/node_modules/readable-stream/node_modules/safe-buffer/package.json		
7b96c297bba2bf64	file	/api/node_modules/readable-stream/package.json		
a94b3f84e86db2c2	file	/api/node_modules/require-at/package.json		
e7b71a148c791017	file	/api/node_modules/safe-buffer/package.json		
29dc7d0fe229a9e6	file	/api/node_modules/safe-compare/package.json		
5c2ba2e9daf3e2f4	file	/api/node_modules/safer-buffer/package.json		
06cdf32b282b6a22	file	/api/node_modules/saslprep/package.json		
fa3e5f8ce35784dd	file	/api/node_modules/send/node_modules/ms/package.json		
b32e11c8ec057626	file	/api/node_modules/send/package.json		
54531f1a66fe2984	file	/api/node_modules/serve-static/package.json		
5abce66c663d4af7	file	/api/node_modules/setprototypeof/package.json		
fe57884af9440f80	file	/api/node_modules/side-channel-list/package.json		
8113aa2c2e16699e	file	/api/node_modules/side-channel-map/package.json		
a2bb42e0c2a3f1fd	file	/api/node_modules/side-channel-weakmap/package.json		
79819bf429cd6801	file	/api/node_modules/side-channel/package.json		
6bafa0d45d8d326e	file	/api/node_modules/sparse-bitfield/package.json		
f6a1cd314f4edae8	file	/api/node_modules/spex/package.json		
3d557bb0dfa5b6ae	file	/api/node_modules/split2/package.json		
036053e4ed0f62e9	file	/api/node_modules/sql-template-strings/package.json		
e550914cbe4a3fc5	file	/api/node_modules/ssl-root-cas/package.json		
43aff1e0514c1838	file	/api/node_modules/statuses/package.json		
7ce279da0aa6baca	file	/api/node_modules/string_decoder/node_modules/safe-buffer/package.json		
4ebb48be874ad4db	file	/api/node_modules/string_decoder/package.json		
400cea0a390af0fd	file	/api/node_modules/supports-color/package.json		
d05c4a464b87f823	file	/api/node_modules/toidentifier/package.json		
5bb15362994f0bab	file	/api/node_modules/type-is/package.json		
850990b119f8ab01	file	/api/node_modules/typescript/package.json		
c07fc3b6dc237f0e	file	/api/node_modules/undici-types/package.json		
46538f6c6b70d9ce	file	/api/node_modules/unpipe/package.json		
73db0d8d39febf68	file	/api/node_modules/util-deprecate/package.json		
f9485d4630360bbb	file	/api/node_modules/utils-merge/package.json		
fdffafff3c35605f	file	/api/node_modules/uuid/package.json		
42546b73155d0641	file	/api/node_modules/vary/package.json		
050c426c27ee025e	file	/api/node_modules/xtend/package.json		
